env_step,pqn_Asterix-MinAtar - test_returned_episode_returns
4096,0.434087872505188
8192,0.434087872505188
12288,0.434087872505188
16384,0.434087872505188
20480,0.434087872505188
24576,0.434087872505188
28672,0.434087872505188
32768,0.434087872505188
36864,0.434087872505188
40960,0.434087872505188
45056,0.434087872505188
49152,0.434087872505188
53248,0.434087872505188
57344,0.434087872505188
61440,0.434087872505188
65536,0.434087872505188
69632,0.434087872505188
73728,0.434087872505188
77824,0.434087872505188
81920,0.434087872505188
86016,0.434087872505188
90112,0.434087872505188
94208,0.434087872505188
98304,0.434087872505188
102400,0.434087872505188
106496,0.434087872505188
110592,0.434087872505188
114688,0.434087872505188
118784,0.434087872505188
122880,0.434087872505188
126976,0.434087872505188
131072,0.434087872505188
135168,0.434087872505188
139264,0.434087872505188
143360,0.434087872505188
147456,0.434087872505188
151552,0.434087872505188
155648,0.434087872505188
159744,0.434087872505188
163840,0.434087872505188
167936,0.434087872505188
172032,0.434087872505188
176128,0.434087872505188
180224,0.434087872505188
184320,0.434087872505188
188416,0.434087872505188
192512,0.434087872505188
196608,0.434087872505188
200704,0.434087872505188
204800,0.434087872505188
208896,0.434087872505188
212992,0.434087872505188
217088,0.434087872505188
221184,0.434087872505188
225280,0.434087872505188
229376,0.434087872505188
233472,0.434087872505188
237568,0.434087872505188
241664,0.434087872505188
245760,0.434087872505188
249856,0.434087872505188
253952,0.434087872505188
258048,0.434087872505188
262144,0.434087872505188
266240,0.434087872505188
270336,0.434087872505188
274432,0.434087872505188
278528,0.434087872505188
282624,0.434087872505188
286720,0.434087872505188
290816,0.434087872505188
294912,0.434087872505188
299008,0.434087872505188
303104,0.434087872505188
307200,0.434087872505188
311296,0.434087872505188
315392,0.434087872505188
319488,0.434087872505188
323584,0.434087872505188
327680,0.434087872505188
331776,0.434087872505188
335872,0.434087872505188
339968,0.434087872505188
344064,0.434087872505188
348160,0.434087872505188
352256,0.434087872505188
356352,0.434087872505188
360448,0.434087872505188
364544,0.434087872505188
368640,0.434087872505188
372736,0.434087872505188
376832,0.434087872505188
380928,0.434087872505188
385024,0.434087872505188
389120,0.434087872505188
393216,0.434087872505188
397312,0.434087872505188
401408,0.434087872505188
405504,0.434087872505188
409600,0.434087872505188
413696,0.434087872505188
417792,0.434087872505188
421888,0.434087872505188
425984,0.434087872505188
430080,0.434087872505188
434176,0.434087872505188
438272,0.434087872505188
442368,0.434087872505188
446464,0.434087872505188
450560,0.434087872505188
454656,0.434087872505188
458752,0.434087872505188
462848,0.434087872505188
466944,0.434087872505188
471040,0.434087872505188
475136,0.434087872505188
479232,0.434087872505188
483328,0.434087872505188
487424,0.434087872505188
491520,0.434087872505188
495616,0.434087872505188
499712,0.434087872505188
503808,0.434087872505188
507904,0.434087872505188
512000,0.434087872505188
516096,0.434087872505188
520192,0.434087872505188
524288,0.434087872505188
528384,0.434087872505188
532480,0.434087872505188
536576,0.434087872505188
540672,0.434087872505188
544768,0.434087872505188
548864,0.434087872505188
552960,0.434087872505188
557056,0.434087872505188
561152,0.434087872505188
565248,0.434087872505188
569344,0.434087872505188
573440,0.434087872505188
577536,0.434087872505188
581632,0.434087872505188
585728,0.434087872505188
589824,0.434087872505188
593920,0.434087872505188
598016,0.434087872505188
602112,0.434087872505188
606208,0.434087872505188
610304,0.434087872505188
614400,0.434087872505188
618496,0.434087872505188
622592,0.434087872505188
626688,0.434087872505188
630784,0.434087872505188
634880,0.434087872505188
638976,0.434087872505188
643072,0.434087872505188
647168,0.434087872505188
651264,0.434087872505188
655360,0.434087872505188
659456,0.434087872505188
663552,0.434087872505188
667648,0.434087872505188
671744,0.434087872505188
675840,0.434087872505188
679936,0.434087872505188
684032,0.434087872505188
688128,0.434087872505188
692224,0.434087872505188
696320,0.434087872505188
700416,0.434087872505188
704512,0.434087872505188
708608,0.434087872505188
712704,0.434087872505188
716800,0.434087872505188
720896,0.434087872505188
724992,0.434087872505188
729088,0.434087872505188
733184,0.434087872505188
737280,0.434087872505188
741376,0.434087872505188
745472,0.434087872505188
749568,0.434087872505188
753664,0.434087872505188
757760,0.434087872505188
761856,0.434087872505188
765952,0.434087872505188
770048,0.434087872505188
774144,0.434087872505188
778240,0.434087872505188
782336,0.434087872505188
786432,0.434087872505188
790528,0.434087872505188
794624,0.434087872505188
798720,0.434087872505188
802816,0.434087872505188
806912,0.434087872505188
811008,0.434087872505188
815104,0.434087872505188
819200,0.434087872505188
823296,0.434087872505188
827392,0.434087872505188
831488,0.434087872505188
835584,0.434087872505188
839680,0.434087872505188
843776,0.434087872505188
847872,0.434087872505188
851968,0.434087872505188
856064,0.434087872505188
860160,0.434087872505188
864256,0.434087872505188
868352,0.434087872505188
872448,0.434087872505188
876544,0.434087872505188
880640,0.434087872505188
884736,0.434087872505188
888832,0.434087872505188
892928,0.434087872505188
897024,0.434087872505188
901120,0.434087872505188
905216,0.434087872505188
909312,0.434087872505188
913408,0.434087872505188
917504,0.434087872505188
921600,0.434087872505188
925696,0.434087872505188
929792,0.434087872505188
933888,0.434087872505188
937984,0.434087872505188
942080,0.434087872505188
946176,0.434087872505188
950272,0.434087872505188
954368,0.434087872505188
958464,0.434087872505188
962560,0.434087872505188
966656,0.434087872505188
970752,0.434087872505188
974848,0.434087872505188
978944,0.434087872505188
983040,0.434087872505188
987136,0.434087872505188
991232,0.434087872505188
995328,0.434087872505188
999424,10.677852630615234
1003520,10.677852630615234
1007616,10.677852630615234
1011712,10.677852630615234
1015808,10.677852630615234
1019904,10.677852630615234
1024000,10.677852630615234
1028096,10.677852630615234
1032192,10.677852630615234
1036288,10.677852630615234
1040384,10.677852630615234
1044480,10.677852630615234
1048576,10.677852630615234
1052672,10.677852630615234
1056768,10.677852630615234
1060864,10.677852630615234
1064960,10.677852630615234
1069056,10.677852630615234
1073152,10.677852630615234
1077248,10.677852630615234
1081344,10.677852630615234
1085440,10.677852630615234
1089536,10.677852630615234
1093632,10.677852630615234
1097728,10.677852630615234
1101824,10.677852630615234
1105920,10.677852630615234
1110016,10.677852630615234
1114112,10.677852630615234
1118208,10.677852630615234
1122304,10.677852630615234
1126400,10.677852630615234
1130496,10.677852630615234
1134592,10.677852630615234
1138688,10.677852630615234
1142784,10.677852630615234
1146880,10.677852630615234
1150976,10.677852630615234
1155072,10.677852630615234
1159168,10.677852630615234
1163264,10.677852630615234
1167360,10.677852630615234
1171456,10.677852630615234
1175552,10.677852630615234
1179648,10.677852630615234
1183744,10.677852630615234
1187840,10.677852630615234
1191936,10.677852630615234
1196032,10.677852630615234
1200128,10.677852630615234
1204224,10.677852630615234
1208320,10.677852630615234
1212416,10.677852630615234
1216512,10.677852630615234
1220608,10.677852630615234
1224704,10.677852630615234
1228800,10.677852630615234
1232896,10.677852630615234
1236992,10.677852630615234
1241088,10.677852630615234
1245184,10.677852630615234
1249280,10.677852630615234
1253376,10.677852630615234
1257472,10.677852630615234
1261568,10.677852630615234
1265664,10.677852630615234
1269760,10.677852630615234
1273856,10.677852630615234
1277952,10.677852630615234
1282048,10.677852630615234
1286144,10.677852630615234
1290240,10.677852630615234
1294336,10.677852630615234
1298432,10.677852630615234
1302528,10.677852630615234
1306624,10.677852630615234
1310720,10.677852630615234
1314816,10.677852630615234
1318912,10.677852630615234
1323008,10.677852630615234
1327104,10.677852630615234
1331200,10.677852630615234
1335296,10.677852630615234
1339392,10.677852630615234
1343488,10.677852630615234
1347584,10.677852630615234
1351680,10.677852630615234
1355776,10.677852630615234
1359872,10.677852630615234
1363968,10.677852630615234
1368064,10.677852630615234
1372160,10.677852630615234
1376256,10.677852630615234
1380352,10.677852630615234
1384448,10.677852630615234
1388544,10.677852630615234
1392640,10.677852630615234
1396736,10.677852630615234
1400832,10.677852630615234
1404928,10.677852630615234
1409024,10.677852630615234
1413120,10.677852630615234
1417216,10.677852630615234
1421312,10.677852630615234
1425408,10.677852630615234
1429504,10.677852630615234
1433600,10.677852630615234
1437696,10.677852630615234
1441792,10.677852630615234
1445888,10.677852630615234
1449984,10.677852630615234
1454080,10.677852630615234
1458176,10.677852630615234
1462272,10.677852630615234
1466368,10.677852630615234
1470464,10.677852630615234
1474560,10.677852630615234
1478656,10.677852630615234
1482752,10.677852630615234
1486848,10.677852630615234
1490944,10.677852630615234
1495040,10.677852630615234
1499136,10.677852630615234
1503232,10.677852630615234
1507328,10.677852630615234
1511424,10.677852630615234
1515520,10.677852630615234
1519616,10.677852630615234
1523712,10.677852630615234
1527808,10.677852630615234
1531904,10.677852630615234
1536000,10.677852630615234
1540096,10.677852630615234
1544192,10.677852630615234
1548288,10.677852630615234
1552384,10.677852630615234
1556480,10.677852630615234
1560576,10.677852630615234
1564672,10.677852630615234
1568768,10.677852630615234
1572864,10.677852630615234
1576960,10.677852630615234
1581056,10.677852630615234
1585152,10.677852630615234
1589248,10.677852630615234
1593344,10.677852630615234
1597440,10.677852630615234
1601536,10.677852630615234
1605632,10.677852630615234
1609728,10.677852630615234
1613824,10.677852630615234
1617920,10.677852630615234
1622016,10.677852630615234
1626112,10.677852630615234
1630208,10.677852630615234
1634304,10.677852630615234
1638400,10.677852630615234
1642496,10.677852630615234
1646592,10.677852630615234
1650688,10.677852630615234
1654784,10.677852630615234
1658880,10.677852630615234
1662976,10.677852630615234
1667072,10.677852630615234
1671168,10.677852630615234
1675264,10.677852630615234
1679360,10.677852630615234
1683456,10.677852630615234
1687552,10.677852630615234
1691648,10.677852630615234
1695744,10.677852630615234
1699840,10.677852630615234
1703936,10.677852630615234
1708032,10.677852630615234
1712128,10.677852630615234
1716224,10.677852630615234
1720320,10.677852630615234
1724416,10.677852630615234
1728512,10.677852630615234
1732608,10.677852630615234
1736704,10.677852630615234
1740800,10.677852630615234
1744896,10.677852630615234
1748992,10.677852630615234
1753088,10.677852630615234
1757184,10.677852630615234
1761280,10.677852630615234
1765376,10.677852630615234
1769472,10.677852630615234
1773568,10.677852630615234
1777664,10.677852630615234
1781760,10.677852630615234
1785856,10.677852630615234
1789952,10.677852630615234
1794048,10.677852630615234
1798144,10.677852630615234
1802240,10.677852630615234
1806336,10.677852630615234
1810432,10.677852630615234
1814528,10.677852630615234
1818624,10.677852630615234
1822720,10.677852630615234
1826816,10.677852630615234
1830912,10.677852630615234
1835008,10.677852630615234
1839104,10.677852630615234
1843200,10.677852630615234
1847296,10.677852630615234
1851392,10.677852630615234
1855488,10.677852630615234
1859584,10.677852630615234
1863680,10.677852630615234
1867776,10.677852630615234
1871872,10.677852630615234
1875968,10.677852630615234
1880064,10.677852630615234
1884160,10.677852630615234
1888256,10.677852630615234
1892352,10.677852630615234
1896448,10.677852630615234
1900544,10.677852630615234
1904640,10.677852630615234
1908736,10.677852630615234
1912832,10.677852630615234
1916928,10.677852630615234
1921024,10.677852630615234
1925120,10.677852630615234
1929216,10.677852630615234
1933312,10.677852630615234
1937408,10.677852630615234
1941504,10.677852630615234
1945600,10.677852630615234
1949696,10.677852630615234
1953792,10.677852630615234
1957888,10.677852630615234
1961984,10.677852630615234
1966080,10.677852630615234
1970176,10.677852630615234
1974272,10.677852630615234
1978368,10.677852630615234
1982464,10.677852630615234
1986560,10.677852630615234
1990656,10.677852630615234
1994752,10.677852630615234
1998848,44.4060173034668
2002944,44.4060173034668
2007040,44.4060173034668
2011136,44.4060173034668
2015232,44.4060173034668
2019328,44.4060173034668
2023424,44.4060173034668
2027520,44.4060173034668
2031616,44.4060173034668
2035712,44.4060173034668
2039808,44.4060173034668
2043904,44.4060173034668
2048000,44.4060173034668
2052096,44.4060173034668
2056192,44.4060173034668
2060288,44.4060173034668
2064384,44.4060173034668
2068480,44.4060173034668
2072576,44.4060173034668
2076672,44.4060173034668
2080768,44.4060173034668
2084864,44.4060173034668
2088960,44.4060173034668
2093056,44.4060173034668
2097152,44.4060173034668
2101248,44.4060173034668
2105344,44.4060173034668
2109440,44.4060173034668
2113536,44.4060173034668
2117632,44.4060173034668
2121728,44.4060173034668
2125824,44.4060173034668
2129920,44.4060173034668
2134016,44.4060173034668
2138112,44.4060173034668
2142208,44.4060173034668
2146304,44.4060173034668
2150400,44.4060173034668
2154496,44.4060173034668
2158592,44.4060173034668
2162688,44.4060173034668
2166784,44.4060173034668
2170880,44.4060173034668
2174976,44.4060173034668
2179072,44.4060173034668
2183168,44.4060173034668
2187264,44.4060173034668
2191360,44.4060173034668
2195456,44.4060173034668
2199552,44.4060173034668
2203648,44.4060173034668
2207744,44.4060173034668
2211840,44.4060173034668
2215936,44.4060173034668
2220032,44.4060173034668
2224128,44.4060173034668
2228224,44.4060173034668
2232320,44.4060173034668
2236416,44.4060173034668
2240512,44.4060173034668
2244608,44.4060173034668
2248704,44.4060173034668
2252800,44.4060173034668
2256896,44.4060173034668
2260992,44.4060173034668
2265088,44.4060173034668
2269184,44.4060173034668
2273280,44.4060173034668
2277376,44.4060173034668
2281472,44.4060173034668
2285568,44.4060173034668
2289664,44.4060173034668
2293760,44.4060173034668
2297856,44.4060173034668
2301952,44.4060173034668
2306048,44.4060173034668
2310144,44.4060173034668
2314240,44.4060173034668
2318336,44.4060173034668
2322432,44.4060173034668
2326528,44.4060173034668
2330624,44.4060173034668
2334720,44.4060173034668
2338816,44.4060173034668
2342912,44.4060173034668
2347008,44.4060173034668
2351104,44.4060173034668
2355200,44.4060173034668
2359296,44.4060173034668
2363392,44.4060173034668
2367488,44.4060173034668
2371584,44.4060173034668
2375680,44.4060173034668
2379776,44.4060173034668
2383872,44.4060173034668
2387968,44.4060173034668
2392064,44.4060173034668
2396160,44.4060173034668
2400256,44.4060173034668
2404352,44.4060173034668
2408448,44.4060173034668
2412544,44.4060173034668
2416640,44.4060173034668
2420736,44.4060173034668
2424832,44.4060173034668
2428928,44.4060173034668
2433024,44.4060173034668
2437120,44.4060173034668
2441216,44.4060173034668
2445312,44.4060173034668
2449408,44.4060173034668
2453504,44.4060173034668
2457600,44.4060173034668
2461696,44.4060173034668
2465792,44.4060173034668
2469888,44.4060173034668
2473984,44.4060173034668
2478080,44.4060173034668
2482176,44.4060173034668
2486272,44.4060173034668
2490368,44.4060173034668
2494464,44.4060173034668
2498560,44.4060173034668
2502656,44.4060173034668
2506752,44.4060173034668
2510848,44.4060173034668
2514944,44.4060173034668
2519040,44.4060173034668
2523136,44.4060173034668
2527232,44.4060173034668
2531328,44.4060173034668
2535424,44.4060173034668
2539520,44.4060173034668
2543616,44.4060173034668
2547712,44.4060173034668
2551808,44.4060173034668
2555904,44.4060173034668
2560000,44.4060173034668
2564096,44.4060173034668
2568192,44.4060173034668
2572288,44.4060173034668
2576384,44.4060173034668
2580480,44.4060173034668
2584576,44.4060173034668
2588672,44.4060173034668
2592768,44.4060173034668
2596864,44.4060173034668
2600960,44.4060173034668
2605056,44.4060173034668
2609152,44.4060173034668
2613248,44.4060173034668
2617344,44.4060173034668
2621440,44.4060173034668
2625536,44.4060173034668
2629632,44.4060173034668
2633728,44.4060173034668
2637824,44.4060173034668
2641920,44.4060173034668
2646016,44.4060173034668
2650112,44.4060173034668
2654208,44.4060173034668
2658304,44.4060173034668
2662400,44.4060173034668
2666496,44.4060173034668
2670592,44.4060173034668
2674688,44.4060173034668
2678784,44.4060173034668
2682880,44.4060173034668
2686976,44.4060173034668
2691072,44.4060173034668
2695168,44.4060173034668
2699264,44.4060173034668
2703360,44.4060173034668
2707456,44.4060173034668
2711552,44.4060173034668
2715648,44.4060173034668
2719744,44.4060173034668
2723840,44.4060173034668
2727936,44.4060173034668
2732032,44.4060173034668
2736128,44.4060173034668
2740224,44.4060173034668
2744320,44.4060173034668
2748416,44.4060173034668
2752512,44.4060173034668
2756608,44.4060173034668
2760704,44.4060173034668
2764800,44.4060173034668
2768896,44.4060173034668
2772992,44.4060173034668
2777088,44.4060173034668
2781184,44.4060173034668
2785280,44.4060173034668
2789376,44.4060173034668
2793472,44.4060173034668
2797568,44.4060173034668
2801664,44.4060173034668
2805760,44.4060173034668
2809856,44.4060173034668
2813952,44.4060173034668
2818048,44.4060173034668
2822144,44.4060173034668
2826240,44.4060173034668
2830336,44.4060173034668
2834432,44.4060173034668
2838528,44.4060173034668
2842624,44.4060173034668
2846720,44.4060173034668
2850816,44.4060173034668
2854912,44.4060173034668
2859008,44.4060173034668
2863104,44.4060173034668
2867200,44.4060173034668
2871296,44.4060173034668
2875392,44.4060173034668
2879488,44.4060173034668
2883584,44.4060173034668
2887680,44.4060173034668
2891776,44.4060173034668
2895872,44.4060173034668
2899968,44.4060173034668
2904064,44.4060173034668
2908160,44.4060173034668
2912256,44.4060173034668
2916352,44.4060173034668
2920448,44.4060173034668
2924544,44.4060173034668
2928640,44.4060173034668
2932736,44.4060173034668
2936832,44.4060173034668
2940928,44.4060173034668
2945024,44.4060173034668
2949120,44.4060173034668
2953216,44.4060173034668
2957312,44.4060173034668
2961408,44.4060173034668
2965504,44.4060173034668
2969600,44.4060173034668
2973696,44.4060173034668
2977792,44.4060173034668
2981888,44.4060173034668
2985984,44.4060173034668
2990080,44.4060173034668
2994176,44.4060173034668
2998272,30.348386764526367
3002368,30.348386764526367
3006464,30.348386764526367
3010560,30.348386764526367
3014656,30.348386764526367
3018752,30.348386764526367
3022848,30.348386764526367
3026944,30.348386764526367
3031040,30.348386764526367
3035136,30.348386764526367
3039232,30.348386764526367
3043328,30.348386764526367
3047424,30.348386764526367
3051520,30.348386764526367
3055616,30.348386764526367
3059712,30.348386764526367
3063808,30.348386764526367
3067904,30.348386764526367
3072000,30.348386764526367
3076096,30.348386764526367
3080192,30.348386764526367
3084288,30.348386764526367
3088384,30.348386764526367
3092480,30.348386764526367
3096576,30.348386764526367
3100672,30.348386764526367
3104768,30.348386764526367
3108864,30.348386764526367
3112960,30.348386764526367
3117056,30.348386764526367
3121152,30.348386764526367
3125248,30.348386764526367
3129344,30.348386764526367
3133440,30.348386764526367
3137536,30.348386764526367
3141632,30.348386764526367
3145728,30.348386764526367
3149824,30.348386764526367
3153920,30.348386764526367
3158016,30.348386764526367
3162112,30.348386764526367
3166208,30.348386764526367
3170304,30.348386764526367
3174400,30.348386764526367
3178496,30.348386764526367
3182592,30.348386764526367
3186688,30.348386764526367
3190784,30.348386764526367
3194880,30.348386764526367
3198976,30.348386764526367
3203072,30.348386764526367
3207168,30.348386764526367
3211264,30.348386764526367
3215360,30.348386764526367
3219456,30.348386764526367
3223552,30.348386764526367
3227648,30.348386764526367
3231744,30.348386764526367
3235840,30.348386764526367
3239936,30.348386764526367
3244032,30.348386764526367
3248128,30.348386764526367
3252224,30.348386764526367
3256320,30.348386764526367
3260416,30.348386764526367
3264512,30.348386764526367
3268608,30.348386764526367
3272704,30.348386764526367
3276800,30.348386764526367
3280896,30.348386764526367
3284992,30.348386764526367
3289088,30.348386764526367
3293184,30.348386764526367
3297280,30.348386764526367
3301376,30.348386764526367
3305472,30.348386764526367
3309568,30.348386764526367
3313664,30.348386764526367
3317760,30.348386764526367
3321856,30.348386764526367
3325952,30.348386764526367
3330048,30.348386764526367
3334144,30.348386764526367
3338240,30.348386764526367
3342336,30.348386764526367
3346432,30.348386764526367
3350528,30.348386764526367
3354624,30.348386764526367
3358720,30.348386764526367
3362816,30.348386764526367
3366912,30.348386764526367
3371008,30.348386764526367
3375104,30.348386764526367
3379200,30.348386764526367
3383296,30.348386764526367
3387392,30.348386764526367
3391488,30.348386764526367
3395584,30.348386764526367
3399680,30.348386764526367
3403776,30.348386764526367
3407872,30.348386764526367
3411968,30.348386764526367
3416064,30.348386764526367
3420160,30.348386764526367
3424256,30.348386764526367
3428352,30.348386764526367
3432448,30.348386764526367
3436544,30.348386764526367
3440640,30.348386764526367
3444736,30.348386764526367
3448832,30.348386764526367
3452928,30.348386764526367
3457024,30.348386764526367
3461120,30.348386764526367
3465216,30.348386764526367
3469312,30.348386764526367
3473408,30.348386764526367
3477504,30.348386764526367
3481600,30.348386764526367
3485696,30.348386764526367
3489792,30.348386764526367
3493888,30.348386764526367
3497984,30.348386764526367
3502080,30.348386764526367
3506176,30.348386764526367
3510272,30.348386764526367
3514368,30.348386764526367
3518464,30.348386764526367
3522560,30.348386764526367
3526656,30.348386764526367
3530752,30.348386764526367
3534848,30.348386764526367
3538944,30.348386764526367
3543040,30.348386764526367
3547136,30.348386764526367
3551232,30.348386764526367
3555328,30.348386764526367
3559424,30.348386764526367
3563520,30.348386764526367
3567616,30.348386764526367
3571712,30.348386764526367
3575808,30.348386764526367
3579904,30.348386764526367
3584000,30.348386764526367
3588096,30.348386764526367
3592192,30.348386764526367
3596288,30.348386764526367
3600384,30.348386764526367
3604480,30.348386764526367
3608576,30.348386764526367
3612672,30.348386764526367
3616768,30.348386764526367
3620864,30.348386764526367
3624960,30.348386764526367
3629056,30.348386764526367
3633152,30.348386764526367
3637248,30.348386764526367
3641344,30.348386764526367
3645440,30.348386764526367
3649536,30.348386764526367
3653632,30.348386764526367
3657728,30.348386764526367
3661824,30.348386764526367
3665920,30.348386764526367
3670016,30.348386764526367
3674112,30.348386764526367
3678208,30.348386764526367
3682304,30.348386764526367
3686400,30.348386764526367
3690496,30.348386764526367
3694592,30.348386764526367
3698688,30.348386764526367
3702784,30.348386764526367
3706880,30.348386764526367
3710976,30.348386764526367
3715072,30.348386764526367
3719168,30.348386764526367
3723264,30.348386764526367
3727360,30.348386764526367
3731456,30.348386764526367
3735552,30.348386764526367
3739648,30.348386764526367
3743744,30.348386764526367
3747840,30.348386764526367
3751936,30.348386764526367
3756032,30.348386764526367
3760128,30.348386764526367
3764224,30.348386764526367
3768320,30.348386764526367
3772416,30.348386764526367
3776512,30.348386764526367
3780608,30.348386764526367
3784704,30.348386764526367
3788800,30.348386764526367
3792896,30.348386764526367
3796992,30.348386764526367
3801088,30.348386764526367
3805184,30.348386764526367
3809280,30.348386764526367
3813376,30.348386764526367
3817472,30.348386764526367
3821568,30.348386764526367
3825664,30.348386764526367
3829760,30.348386764526367
3833856,30.348386764526367
3837952,30.348386764526367
3842048,30.348386764526367
3846144,30.348386764526367
3850240,30.348386764526367
3854336,30.348386764526367
3858432,30.348386764526367
3862528,30.348386764526367
3866624,30.348386764526367
3870720,30.348386764526367
3874816,30.348386764526367
3878912,30.348386764526367
3883008,30.348386764526367
3887104,30.348386764526367
3891200,30.348386764526367
3895296,30.348386764526367
3899392,30.348386764526367
3903488,30.348386764526367
3907584,30.348386764526367
3911680,30.348386764526367
3915776,30.348386764526367
3919872,30.348386764526367
3923968,30.348386764526367
3928064,30.348386764526367
3932160,30.348386764526367
3936256,30.348386764526367
3940352,30.348386764526367
3944448,30.348386764526367
3948544,30.348386764526367
3952640,30.348386764526367
3956736,30.348386764526367
3960832,30.348386764526367
3964928,30.348386764526367
3969024,30.348386764526367
3973120,30.348386764526367
3977216,30.348386764526367
3981312,30.348386764526367
3985408,30.348386764526367
3989504,30.348386764526367
3993600,30.348386764526367
3997696,64.25
4001792,64.25
4005888,64.25
4009984,64.25
4014080,64.25
4018176,64.25
4022272,64.25
4026368,64.25
4030464,64.25
4034560,64.25
4038656,64.25
4042752,64.25
4046848,64.25
4050944,64.25
4055040,64.25
4059136,64.25
4063232,64.25
4067328,64.25
4071424,64.25
4075520,64.25
4079616,64.25
4083712,64.25
4087808,64.25
4091904,64.25
4096000,64.25
4100096,64.25
4104192,64.25
4108288,64.25
4112384,64.25
4116480,64.25
4120576,64.25
4124672,64.25
4128768,64.25
4132864,64.25
4136960,64.25
4141056,64.25
4145152,64.25
4149248,64.25
4153344,64.25
4157440,64.25
4161536,64.25
4165632,64.25
4169728,64.25
4173824,64.25
4177920,64.25
4182016,64.25
4186112,64.25
4190208,64.25
4194304,64.25
4198400,64.25
4202496,64.25
4206592,64.25
4210688,64.25
4214784,64.25
4218880,64.25
4222976,64.25
4227072,64.25
4231168,64.25
4235264,64.25
4239360,64.25
4243456,64.25
4247552,64.25
4251648,64.25
4255744,64.25
4259840,64.25
4263936,64.25
4268032,64.25
4272128,64.25
4276224,64.25
4280320,64.25
4284416,64.25
4288512,64.25
4292608,64.25
4296704,64.25
4300800,64.25
4304896,64.25
4308992,64.25
4313088,64.25
4317184,64.25
4321280,64.25
4325376,64.25
4329472,64.25
4333568,64.25
4337664,64.25
4341760,64.25
4345856,64.25
4349952,64.25
4354048,64.25
4358144,64.25
4362240,64.25
4366336,64.25
4370432,64.25
4374528,64.25
4378624,64.25
4382720,64.25
4386816,64.25
4390912,64.25
4395008,64.25
4399104,64.25
4403200,64.25
4407296,64.25
4411392,64.25
4415488,64.25
4419584,64.25
4423680,64.25
4427776,64.25
4431872,64.25
4435968,64.25
4440064,64.25
4444160,64.25
4448256,64.25
4452352,64.25
4456448,64.25
4460544,64.25
4464640,64.25
4468736,64.25
4472832,64.25
4476928,64.25
4481024,64.25
4485120,64.25
4489216,64.25
4493312,64.25
4497408,64.25
4501504,64.25
4505600,64.25
4509696,64.25
4513792,64.25
4517888,64.25
4521984,64.25
4526080,64.25
4530176,64.25
4534272,64.25
4538368,64.25
4542464,64.25
4546560,64.25
4550656,64.25
4554752,64.25
4558848,64.25
4562944,64.25
4567040,64.25
4571136,64.25
4575232,64.25
4579328,64.25
4583424,64.25
4587520,64.25
4591616,64.25
4595712,64.25
4599808,64.25
4603904,64.25
4608000,64.25
4612096,64.25
4616192,64.25
4620288,64.25
4624384,64.25
4628480,64.25
4632576,64.25
4636672,64.25
4640768,64.25
4644864,64.25
4648960,64.25
4653056,64.25
4657152,64.25
4661248,64.25
4665344,64.25
4669440,64.25
4673536,64.25
4677632,64.25
4681728,64.25
4685824,64.25
4689920,64.25
4694016,64.25
4698112,64.25
4702208,64.25
4706304,64.25
4710400,64.25
4714496,64.25
4718592,64.25
4722688,64.25
4726784,64.25
4730880,64.25
4734976,64.25
4739072,64.25
4743168,64.25
4747264,64.25
4751360,64.25
4755456,64.25
4759552,64.25
4763648,64.25
4767744,64.25
4771840,64.25
4775936,64.25
4780032,64.25
4784128,64.25
4788224,64.25
4792320,64.25
4796416,64.25
4800512,64.25
4804608,64.25
4808704,64.25
4812800,64.25
4816896,64.25
4820992,64.25
4825088,64.25
4829184,64.25
4833280,64.25
4837376,64.25
4841472,64.25
4845568,64.25
4849664,64.25
4853760,64.25
4857856,64.25
4861952,64.25
4866048,64.25
4870144,64.25
4874240,64.25
4878336,64.25
4882432,64.25
4886528,64.25
4890624,64.25
4894720,64.25
4898816,64.25
4902912,64.25
4907008,64.25
4911104,64.25
4915200,64.25
4919296,64.25
4923392,64.25
4927488,64.25
4931584,64.25
4935680,64.25
4939776,64.25
4943872,64.25
4947968,64.25
4952064,64.25
4956160,64.25
4960256,64.25
4964352,64.25
4968448,64.25
4972544,64.25
4976640,64.25
4980736,64.25
4984832,64.25
4988928,64.25
4993024,64.25
4997120,68.875
5001216,68.875
5005312,68.875
5009408,68.875
5013504,68.875
5017600,68.875
5021696,68.875
5025792,68.875
5029888,68.875
5033984,68.875
5038080,68.875
5042176,68.875
5046272,68.875
5050368,68.875
5054464,68.875
5058560,68.875
5062656,68.875
5066752,68.875
5070848,68.875
5074944,68.875
5079040,68.875
5083136,68.875
5087232,68.875
5091328,68.875
5095424,68.875
5099520,68.875
5103616,68.875
5107712,68.875
5111808,68.875
5115904,68.875
5120000,68.875
5124096,68.875
5128192,68.875
5132288,68.875
5136384,68.875
5140480,68.875
5144576,68.875
5148672,68.875
5152768,68.875
5156864,68.875
5160960,68.875
5165056,68.875
5169152,68.875
5173248,68.875
5177344,68.875
5181440,68.875
5185536,68.875
5189632,68.875
5193728,68.875
5197824,68.875
5201920,68.875
5206016,68.875
5210112,68.875
5214208,68.875
5218304,68.875
5222400,68.875
5226496,68.875
5230592,68.875
5234688,68.875
5238784,68.875
5242880,68.875
5246976,68.875
5251072,68.875
5255168,68.875
5259264,68.875
5263360,68.875
5267456,68.875
5271552,68.875
5275648,68.875
5279744,68.875
5283840,68.875
5287936,68.875
5292032,68.875
5296128,68.875
5300224,68.875
5304320,68.875
5308416,68.875
5312512,68.875
5316608,68.875
5320704,68.875
5324800,68.875
5328896,68.875
5332992,68.875
5337088,68.875
5341184,68.875
5345280,68.875
5349376,68.875
5353472,68.875
5357568,68.875
5361664,68.875
5365760,68.875
5369856,68.875
5373952,68.875
5378048,68.875
5382144,68.875
5386240,68.875
5390336,68.875
5394432,68.875
5398528,68.875
5402624,68.875
5406720,68.875
5410816,68.875
5414912,68.875
5419008,68.875
5423104,68.875
5427200,68.875
5431296,68.875
5435392,68.875
5439488,68.875
5443584,68.875
5447680,68.875
5451776,68.875
5455872,68.875
5459968,68.875
5464064,68.875
5468160,68.875
5472256,68.875
5476352,68.875
5480448,68.875
5484544,68.875
5488640,68.875
5492736,68.875
5496832,68.875
5500928,68.875
5505024,68.875
5509120,68.875
5513216,68.875
5517312,68.875
5521408,68.875
5525504,68.875
5529600,68.875
5533696,68.875
5537792,68.875
5541888,68.875
5545984,68.875
5550080,68.875
5554176,68.875
5558272,68.875
5562368,68.875
5566464,68.875
5570560,68.875
5574656,68.875
5578752,68.875
5582848,68.875
5586944,68.875
5591040,68.875
5595136,68.875
5599232,68.875
5603328,68.875
5607424,68.875
5611520,68.875
5615616,68.875
5619712,68.875
5623808,68.875
5627904,68.875
5632000,68.875
5636096,68.875
5640192,68.875
5644288,68.875
5648384,68.875
5652480,68.875
5656576,68.875
5660672,68.875
5664768,68.875
5668864,68.875
5672960,68.875
5677056,68.875
5681152,68.875
5685248,68.875
5689344,68.875
5693440,68.875
5697536,68.875
5701632,68.875
5705728,68.875
5709824,68.875
5713920,68.875
5718016,68.875
5722112,68.875
5726208,68.875
5730304,68.875
5734400,68.875
5738496,68.875
5742592,68.875
5746688,68.875
5750784,68.875
5754880,68.875
5758976,68.875
5763072,68.875
5767168,68.875
5771264,68.875
5775360,68.875
5779456,68.875
5783552,68.875
5787648,68.875
5791744,68.875
5795840,68.875
5799936,68.875
5804032,68.875
5808128,68.875
5812224,68.875
5816320,68.875
5820416,68.875
5824512,68.875
5828608,68.875
5832704,68.875
5836800,68.875
5840896,68.875
5844992,68.875
5849088,68.875
5853184,68.875
5857280,68.875
5861376,68.875
5865472,68.875
5869568,68.875
5873664,68.875
5877760,68.875
5881856,68.875
5885952,68.875
5890048,68.875
5894144,68.875
5898240,68.875
5902336,68.875
5906432,68.875
5910528,68.875
5914624,68.875
5918720,68.875
5922816,68.875
5926912,68.875
5931008,68.875
5935104,68.875
5939200,68.875
5943296,68.875
5947392,68.875
5951488,68.875
5955584,68.875
5959680,68.875
5963776,68.875
5967872,68.875
5971968,68.875
5976064,68.875
5980160,68.875
5984256,68.875
5988352,68.875
5992448,68.875
5996544,65.96875
6000640,65.96875
6004736,65.96875
6008832,65.96875
6012928,65.96875
6017024,65.96875
6021120,65.96875
6025216,65.96875
6029312,65.96875
6033408,65.96875
6037504,65.96875
6041600,65.96875
6045696,65.96875
6049792,65.96875
6053888,65.96875
6057984,65.96875
6062080,65.96875
6066176,65.96875
6070272,65.96875
6074368,65.96875
6078464,65.96875
6082560,65.96875
6086656,65.96875
6090752,65.96875
6094848,65.96875
6098944,65.96875
6103040,65.96875
6107136,65.96875
6111232,65.96875
6115328,65.96875
6119424,65.96875
6123520,65.96875
6127616,65.96875
6131712,65.96875
6135808,65.96875
6139904,65.96875
6144000,65.96875
6148096,65.96875
6152192,65.96875
6156288,65.96875
6160384,65.96875
6164480,65.96875
6168576,65.96875
6172672,65.96875
6176768,65.96875
6180864,65.96875
6184960,65.96875
6189056,65.96875
6193152,65.96875
6197248,65.96875
6201344,65.96875
6205440,65.96875
6209536,65.96875
6213632,65.96875
6217728,65.96875
6221824,65.96875
6225920,65.96875
6230016,65.96875
6234112,65.96875
6238208,65.96875
6242304,65.96875
6246400,65.96875
6250496,65.96875
6254592,65.96875
6258688,65.96875
6262784,65.96875
6266880,65.96875
6270976,65.96875
6275072,65.96875
6279168,65.96875
6283264,65.96875
6287360,65.96875
6291456,65.96875
6295552,65.96875
6299648,65.96875
6303744,65.96875
6307840,65.96875
6311936,65.96875
6316032,65.96875
6320128,65.96875
6324224,65.96875
6328320,65.96875
6332416,65.96875
6336512,65.96875
6340608,65.96875
6344704,65.96875
6348800,65.96875
6352896,65.96875
6356992,65.96875
6361088,65.96875
6365184,65.96875
6369280,65.96875
6373376,65.96875
6377472,65.96875
6381568,65.96875
6385664,65.96875
6389760,65.96875
6393856,65.96875
6397952,65.96875
6402048,65.96875
6406144,65.96875
6410240,65.96875
6414336,65.96875
6418432,65.96875
6422528,65.96875
6426624,65.96875
6430720,65.96875
6434816,65.96875
6438912,65.96875
6443008,65.96875
6447104,65.96875
6451200,65.96875
6455296,65.96875
6459392,65.96875
6463488,65.96875
6467584,65.96875
6471680,65.96875
6475776,65.96875
6479872,65.96875
6483968,65.96875
6488064,65.96875
6492160,65.96875
6496256,65.96875
6500352,65.96875
6504448,65.96875
6508544,65.96875
6512640,65.96875
6516736,65.96875
6520832,65.96875
6524928,65.96875
6529024,65.96875
6533120,65.96875
6537216,65.96875
6541312,65.96875
6545408,65.96875
6549504,65.96875
6553600,65.96875
6557696,65.96875
6561792,65.96875
6565888,65.96875
6569984,65.96875
6574080,65.96875
6578176,65.96875
6582272,65.96875
6586368,65.96875
6590464,65.96875
6594560,65.96875
6598656,65.96875
6602752,65.96875
6606848,65.96875
6610944,65.96875
6615040,65.96875
6619136,65.96875
6623232,65.96875
6627328,65.96875
6631424,65.96875
6635520,65.96875
6639616,65.96875
6643712,65.96875
6647808,65.96875
6651904,65.96875
6656000,65.96875
6660096,65.96875
6664192,65.96875
6668288,65.96875
6672384,65.96875
6676480,65.96875
6680576,65.96875
6684672,65.96875
6688768,65.96875
6692864,65.96875
6696960,65.96875
6701056,65.96875
6705152,65.96875
6709248,65.96875
6713344,65.96875
6717440,65.96875
6721536,65.96875
6725632,65.96875
6729728,65.96875
6733824,65.96875
6737920,65.96875
6742016,65.96875
6746112,65.96875
6750208,65.96875
6754304,65.96875
6758400,65.96875
6762496,65.96875
6766592,65.96875
6770688,65.96875
6774784,65.96875
6778880,65.96875
6782976,65.96875
6787072,65.96875
6791168,65.96875
6795264,65.96875
6799360,65.96875
6803456,65.96875
6807552,65.96875
6811648,65.96875
6815744,65.96875
6819840,65.96875
6823936,65.96875
6828032,65.96875
6832128,65.96875
6836224,65.96875
6840320,65.96875
6844416,65.96875
6848512,65.96875
6852608,65.96875
6856704,65.96875
6860800,65.96875
6864896,65.96875
6868992,65.96875
6873088,65.96875
6877184,65.96875
6881280,65.96875
6885376,65.96875
6889472,65.96875
6893568,65.96875
6897664,65.96875
6901760,65.96875
6905856,65.96875
6909952,65.96875
6914048,65.96875
6918144,65.96875
6922240,65.96875
6926336,65.96875
6930432,65.96875
6934528,65.96875
6938624,65.96875
6942720,65.96875
6946816,65.96875
6950912,65.96875
6955008,65.96875
6959104,65.96875
6963200,65.96875
6967296,65.96875
6971392,65.96875
6975488,65.96875
6979584,65.96875
6983680,65.96875
6987776,65.96875
6991872,65.96875
6995968,64.25
7000064,64.25
7004160,64.25
7008256,64.25
7012352,64.25
7016448,64.25
7020544,64.25
7024640,64.25
7028736,64.25
7032832,64.25
7036928,64.25
7041024,64.25
7045120,64.25
7049216,64.25
7053312,64.25
7057408,64.25
7061504,64.25
7065600,64.25
7069696,64.25
7073792,64.25
7077888,64.25
7081984,64.25
7086080,64.25
7090176,64.25
7094272,64.25
7098368,64.25
7102464,64.25
7106560,64.25
7110656,64.25
7114752,64.25
7118848,64.25
7122944,64.25
7127040,64.25
7131136,64.25
7135232,64.25
7139328,64.25
7143424,64.25
7147520,64.25
7151616,64.25
7155712,64.25
7159808,64.25
7163904,64.25
7168000,64.25
7172096,64.25
7176192,64.25
7180288,64.25
7184384,64.25
7188480,64.25
7192576,64.25
7196672,64.25
7200768,64.25
7204864,64.25
7208960,64.25
7213056,64.25
7217152,64.25
7221248,64.25
7225344,64.25
7229440,64.25
7233536,64.25
7237632,64.25
7241728,64.25
7245824,64.25
7249920,64.25
7254016,64.25
7258112,64.25
7262208,64.25
7266304,64.25
7270400,64.25
7274496,64.25
7278592,64.25
7282688,64.25
7286784,64.25
7290880,64.25
7294976,64.25
7299072,64.25
7303168,64.25
7307264,64.25
7311360,64.25
7315456,64.25
7319552,64.25
7323648,64.25
7327744,64.25
7331840,64.25
7335936,64.25
7340032,64.25
7344128,64.25
7348224,64.25
7352320,64.25
7356416,64.25
7360512,64.25
7364608,64.25
7368704,64.25
7372800,64.25
7376896,64.25
7380992,64.25
7385088,64.25
7389184,64.25
7393280,64.25
7397376,64.25
7401472,64.25
7405568,64.25
7409664,64.25
7413760,64.25
7417856,64.25
7421952,64.25
7426048,64.25
7430144,64.25
7434240,64.25
7438336,64.25
7442432,64.25
7446528,64.25
7450624,64.25
7454720,64.25
7458816,64.25
7462912,64.25
7467008,64.25
7471104,64.25
7475200,64.25
7479296,64.25
7483392,64.25
7487488,64.25
7491584,64.25
7495680,64.25
7499776,64.25
7503872,64.25
7507968,64.25
7512064,64.25
7516160,64.25
7520256,64.25
7524352,64.25
7528448,64.25
7532544,64.25
7536640,64.25
7540736,64.25
7544832,64.25
7548928,64.25
7553024,64.25
7557120,64.25
7561216,64.25
7565312,64.25
7569408,64.25
7573504,64.25
7577600,64.25
7581696,64.25
7585792,64.25
7589888,64.25
7593984,64.25
7598080,64.25
7602176,64.25
7606272,64.25
7610368,64.25
7614464,64.25
7618560,64.25
7622656,64.25
7626752,64.25
7630848,64.25
7634944,64.25
7639040,64.25
7643136,64.25
7647232,64.25
7651328,64.25
7655424,64.25
7659520,64.25
7663616,64.25
7667712,64.25
7671808,64.25
7675904,64.25
7680000,64.25
7684096,64.25
7688192,64.25
7692288,64.25
7696384,64.25
7700480,64.25
7704576,64.25
7708672,64.25
7712768,64.25
7716864,64.25
7720960,64.25
7725056,64.25
7729152,64.25
7733248,64.25
7737344,64.25
7741440,64.25
7745536,64.25
7749632,64.25
7753728,64.25
7757824,64.25
7761920,64.25
7766016,64.25
7770112,64.25
7774208,64.25
7778304,64.25
7782400,64.25
7786496,64.25
7790592,64.25
7794688,64.25
7798784,64.25
7802880,64.25
7806976,64.25
7811072,64.25
7815168,64.25
7819264,64.25
7823360,64.25
7827456,64.25
7831552,64.25
7835648,64.25
7839744,64.25
7843840,64.25
7847936,64.25
7852032,64.25
7856128,64.25
7860224,64.25
7864320,64.25
7868416,64.25
7872512,64.25
7876608,64.25
7880704,64.25
7884800,64.25
7888896,64.25
7892992,64.25
7897088,64.25
7901184,64.25
7905280,64.25
7909376,64.25
7913472,64.25
7917568,64.25
7921664,64.25
7925760,64.25
7929856,64.25
7933952,64.25
7938048,64.25
7942144,64.25
7946240,64.25
7950336,64.25
7954432,64.25
7958528,64.25
7962624,64.25
7966720,64.25
7970816,64.25
7974912,64.25
7979008,64.25
7983104,64.25
7987200,64.25
7991296,64.25
7995392,60.15625
7999488,60.15625
8003584,60.15625
8007680,60.15625
8011776,60.15625
8015872,60.15625
8019968,60.15625
8024064,60.15625
8028160,60.15625
8032256,60.15625
8036352,60.15625
8040448,60.15625
8044544,60.15625
8048640,60.15625
8052736,60.15625
8056832,60.15625
8060928,60.15625
8065024,60.15625
8069120,60.15625
8073216,60.15625
8077312,60.15625
8081408,60.15625
8085504,60.15625
8089600,60.15625
8093696,60.15625
8097792,60.15625
8101888,60.15625
8105984,60.15625
8110080,60.15625
8114176,60.15625
8118272,60.15625
8122368,60.15625
8126464,60.15625
8130560,60.15625
8134656,60.15625
8138752,60.15625
8142848,60.15625
8146944,60.15625
8151040,60.15625
8155136,60.15625
8159232,60.15625
8163328,60.15625
8167424,60.15625
8171520,60.15625
8175616,60.15625
8179712,60.15625
8183808,60.15625
8187904,60.15625
8192000,60.15625
8196096,60.15625
8200192,60.15625
8204288,60.15625
8208384,60.15625
8212480,60.15625
8216576,60.15625
8220672,60.15625
8224768,60.15625
8228864,60.15625
8232960,60.15625
8237056,60.15625
8241152,60.15625
8245248,60.15625
8249344,60.15625
8253440,60.15625
8257536,60.15625
8261632,60.15625
8265728,60.15625
8269824,60.15625
8273920,60.15625
8278016,60.15625
8282112,60.15625
8286208,60.15625
8290304,60.15625
8294400,60.15625
8298496,60.15625
8302592,60.15625
8306688,60.15625
8310784,60.15625
8314880,60.15625
8318976,60.15625
8323072,60.15625
8327168,60.15625
8331264,60.15625
8335360,60.15625
8339456,60.15625
8343552,60.15625
8347648,60.15625
8351744,60.15625
8355840,60.15625
8359936,60.15625
8364032,60.15625
8368128,60.15625
8372224,60.15625
8376320,60.15625
8380416,60.15625
8384512,60.15625
8388608,60.15625
8392704,60.15625
8396800,60.15625
8400896,60.15625
8404992,60.15625
8409088,60.15625
8413184,60.15625
8417280,60.15625
8421376,60.15625
8425472,60.15625
8429568,60.15625
8433664,60.15625
8437760,60.15625
8441856,60.15625
8445952,60.15625
8450048,60.15625
8454144,60.15625
8458240,60.15625
8462336,60.15625
8466432,60.15625
8470528,60.15625
8474624,60.15625
8478720,60.15625
8482816,60.15625
8486912,60.15625
8491008,60.15625
8495104,60.15625
8499200,60.15625
8503296,60.15625
8507392,60.15625
8511488,60.15625
8515584,60.15625
8519680,60.15625
8523776,60.15625
8527872,60.15625
8531968,60.15625
8536064,60.15625
8540160,60.15625
8544256,60.15625
8548352,60.15625
8552448,60.15625
8556544,60.15625
8560640,60.15625
8564736,60.15625
8568832,60.15625
8572928,60.15625
8577024,60.15625
8581120,60.15625
8585216,60.15625
8589312,60.15625
8593408,60.15625
8597504,60.15625
8601600,60.15625
8605696,60.15625
8609792,60.15625
8613888,60.15625
8617984,60.15625
8622080,60.15625
8626176,60.15625
8630272,60.15625
8634368,60.15625
8638464,60.15625
8642560,60.15625
8646656,60.15625
8650752,60.15625
8654848,60.15625
8658944,60.15625
8663040,60.15625
8667136,60.15625
8671232,60.15625
8675328,60.15625
8679424,60.15625
8683520,60.15625
8687616,60.15625
8691712,60.15625
8695808,60.15625
8699904,60.15625
8704000,60.15625
8708096,60.15625
8712192,60.15625
8716288,60.15625
8720384,60.15625
8724480,60.15625
8728576,60.15625
8732672,60.15625
8736768,60.15625
8740864,60.15625
8744960,60.15625
8749056,60.15625
8753152,60.15625
8757248,60.15625
8761344,60.15625
8765440,60.15625
8769536,60.15625
8773632,60.15625
8777728,60.15625
8781824,60.15625
8785920,60.15625
8790016,60.15625
8794112,60.15625
8798208,60.15625
8802304,60.15625
8806400,60.15625
8810496,60.15625
8814592,60.15625
8818688,60.15625
8822784,60.15625
8826880,60.15625
8830976,60.15625
8835072,60.15625
8839168,60.15625
8843264,60.15625
8847360,60.15625
8851456,60.15625
8855552,60.15625
8859648,60.15625
8863744,60.15625
8867840,60.15625
8871936,60.15625
8876032,60.15625
8880128,60.15625
8884224,60.15625
8888320,60.15625
8892416,60.15625
8896512,60.15625
8900608,60.15625
8904704,60.15625
8908800,60.15625
8912896,60.15625
8916992,60.15625
8921088,60.15625
8925184,60.15625
8929280,60.15625
8933376,60.15625
8937472,60.15625
8941568,60.15625
8945664,60.15625
8949760,60.15625
8953856,60.15625
8957952,60.15625
8962048,60.15625
8966144,60.15625
8970240,60.15625
8974336,60.15625
8978432,60.15625
8982528,60.15625
8986624,60.15625
8990720,60.15625
8994816,69.71875
8998912,69.71875
9003008,69.71875
9007104,69.71875
9011200,69.71875
9015296,69.71875
9019392,69.71875
9023488,69.71875
9027584,69.71875
9031680,69.71875
9035776,69.71875
9039872,69.71875
9043968,69.71875
9048064,69.71875
9052160,69.71875
9056256,69.71875
9060352,69.71875
9064448,69.71875
9068544,69.71875
9072640,69.71875
9076736,69.71875
9080832,69.71875
9084928,69.71875
9089024,69.71875
9093120,69.71875
9097216,69.71875
9101312,69.71875
9105408,69.71875
9109504,69.71875
9113600,69.71875
9117696,69.71875
9121792,69.71875
9125888,69.71875
9129984,69.71875
9134080,69.71875
9138176,69.71875
9142272,69.71875
9146368,69.71875
9150464,69.71875
9154560,69.71875
9158656,69.71875
9162752,69.71875
9166848,69.71875
9170944,69.71875
9175040,69.71875
9179136,69.71875
9183232,69.71875
9187328,69.71875
9191424,69.71875
9195520,69.71875
9199616,69.71875
9203712,69.71875
9207808,69.71875
9211904,69.71875
9216000,69.71875
9220096,69.71875
9224192,69.71875
9228288,69.71875
9232384,69.71875
9236480,69.71875
9240576,69.71875
9244672,69.71875
9248768,69.71875
9252864,69.71875
9256960,69.71875
9261056,69.71875
9265152,69.71875
9269248,69.71875
9273344,69.71875
9277440,69.71875
9281536,69.71875
9285632,69.71875
9289728,69.71875
9293824,69.71875
9297920,69.71875
9302016,69.71875
9306112,69.71875
9310208,69.71875
9314304,69.71875
9318400,69.71875
9322496,69.71875
9326592,69.71875
9330688,69.71875
9334784,69.71875
9338880,69.71875
9342976,69.71875
9347072,69.71875
9351168,69.71875
9355264,69.71875
9359360,69.71875
9363456,69.71875
9367552,69.71875
9371648,69.71875
9375744,69.71875
9379840,69.71875
9383936,69.71875
9388032,69.71875
9392128,69.71875
9396224,69.71875
9400320,69.71875
9404416,69.71875
9408512,69.71875
9412608,69.71875
9416704,69.71875
9420800,69.71875
9424896,69.71875
9428992,69.71875
9433088,69.71875
9437184,69.71875
9441280,69.71875
9445376,69.71875
9449472,69.71875
9453568,69.71875
9457664,69.71875
9461760,69.71875
9465856,69.71875
9469952,69.71875
9474048,69.71875
9478144,69.71875
9482240,69.71875
9486336,69.71875
9490432,69.71875
9494528,69.71875
9498624,69.71875
9502720,69.71875
9506816,69.71875
9510912,69.71875
9515008,69.71875
9519104,69.71875
9523200,69.71875
9527296,69.71875
9531392,69.71875
9535488,69.71875
9539584,69.71875
9543680,69.71875
9547776,69.71875
9551872,69.71875
9555968,69.71875
9560064,69.71875
9564160,69.71875
9568256,69.71875
9572352,69.71875
9576448,69.71875
9580544,69.71875
9584640,69.71875
9588736,69.71875
9592832,69.71875
9596928,69.71875
9601024,69.71875
9605120,69.71875
9609216,69.71875
9613312,69.71875
9617408,69.71875
9621504,69.71875
9625600,69.71875
9629696,69.71875
9633792,69.71875
9637888,69.71875
9641984,69.71875
9646080,69.71875
9650176,69.71875
9654272,69.71875
9658368,69.71875
9662464,69.71875
9666560,69.71875
9670656,69.71875
9674752,69.71875
9678848,69.71875
9682944,69.71875
9687040,69.71875
9691136,69.71875
9695232,69.71875
9699328,69.71875
9703424,69.71875
9707520,69.71875
9711616,69.71875
9715712,69.71875
9719808,69.71875
9723904,69.71875
9728000,69.71875
9732096,69.71875
9736192,69.71875
9740288,69.71875
9744384,69.71875
9748480,69.71875
9752576,69.71875
9756672,69.71875
9760768,69.71875
9764864,69.71875
9768960,69.71875
9773056,69.71875
9777152,69.71875
9781248,69.71875
9785344,69.71875
9789440,69.71875
9793536,69.71875
9797632,69.71875
9801728,69.71875
9805824,69.71875
9809920,69.71875
9814016,69.71875
9818112,69.71875
9822208,69.71875
9826304,69.71875
9830400,69.71875
9834496,69.71875
9838592,69.71875
9842688,69.71875
9846784,69.71875
9850880,69.71875
9854976,69.71875
9859072,69.71875
9863168,69.71875
9867264,69.71875
9871360,69.71875
9875456,69.71875
9879552,69.71875
9883648,69.71875
9887744,69.71875
9891840,69.71875
9895936,69.71875
9900032,69.71875
9904128,69.71875
9908224,69.71875
9912320,69.71875
9916416,69.71875
9920512,69.71875
9924608,69.71875
9928704,69.71875
9932800,69.71875
9936896,69.71875
9940992,69.71875
9945088,69.71875
9949184,69.71875
9953280,69.71875
9957376,69.71875
9961472,69.71875
9965568,69.71875
9969664,69.71875
9973760,69.71875
9977856,69.71875
9981952,69.71875
9986048,69.71875
9990144,69.71875
9994240,68.0625
9998336,68.0625
10002432,68.0625
10006528,68.0625
10010624,68.0625
10014720,68.0625
10018816,68.0625
10022912,68.0625
10027008,68.0625
10031104,68.0625
10035200,68.0625
10039296,68.0625
10043392,68.0625
10047488,68.0625
10051584,68.0625
10055680,68.0625
10059776,68.0625
10063872,68.0625
10067968,68.0625
10072064,68.0625
10076160,68.0625
10080256,68.0625
10084352,68.0625
10088448,68.0625
10092544,68.0625
10096640,68.0625
10100736,68.0625
10104832,68.0625
10108928,68.0625
10113024,68.0625
10117120,68.0625
10121216,68.0625
10125312,68.0625
10129408,68.0625
10133504,68.0625
10137600,68.0625
10141696,68.0625
10145792,68.0625
10149888,68.0625
10153984,68.0625
10158080,68.0625
10162176,68.0625
10166272,68.0625
10170368,68.0625
10174464,68.0625
10178560,68.0625
10182656,68.0625
10186752,68.0625
10190848,68.0625
10194944,68.0625
10199040,68.0625
10203136,68.0625
10207232,68.0625
10211328,68.0625
10215424,68.0625
10219520,68.0625
10223616,68.0625
10227712,68.0625
10231808,68.0625
10235904,68.0625
10240000,68.0625
10244096,68.0625
10248192,68.0625
10252288,68.0625
10256384,68.0625
10260480,68.0625
10264576,68.0625
10268672,68.0625
10272768,68.0625
10276864,68.0625
10280960,68.0625
10285056,68.0625
10289152,68.0625
10293248,68.0625
10297344,68.0625
10301440,68.0625
10305536,68.0625
10309632,68.0625
10313728,68.0625
10317824,68.0625
10321920,68.0625
10326016,68.0625
10330112,68.0625
10334208,68.0625
10338304,68.0625
10342400,68.0625
10346496,68.0625
10350592,68.0625
10354688,68.0625
10358784,68.0625
10362880,68.0625
10366976,68.0625
10371072,68.0625
10375168,68.0625
10379264,68.0625
10383360,68.0625
10387456,68.0625
10391552,68.0625
10395648,68.0625
10399744,68.0625
10403840,68.0625
10407936,68.0625
10412032,68.0625
10416128,68.0625
10420224,68.0625
10424320,68.0625
10428416,68.0625
10432512,68.0625
10436608,68.0625
10440704,68.0625
10444800,68.0625
10448896,68.0625
10452992,68.0625
10457088,68.0625
10461184,68.0625
10465280,68.0625
10469376,68.0625
10473472,68.0625
10477568,68.0625
10481664,68.0625
10485760,68.0625
10489856,68.0625
10493952,68.0625
10498048,68.0625
10502144,68.0625
10506240,68.0625
10510336,68.0625
10514432,68.0625
10518528,68.0625
10522624,68.0625
10526720,68.0625
10530816,68.0625
10534912,68.0625
10539008,68.0625
10543104,68.0625
10547200,68.0625
10551296,68.0625
10555392,68.0625
10559488,68.0625
10563584,68.0625
10567680,68.0625
10571776,68.0625
10575872,68.0625
10579968,68.0625
10584064,68.0625
10588160,68.0625
10592256,68.0625
10596352,68.0625
10600448,68.0625
10604544,68.0625
10608640,68.0625
10612736,68.0625
10616832,68.0625
10620928,68.0625
10625024,68.0625
10629120,68.0625
10633216,68.0625
10637312,68.0625
10641408,68.0625
10645504,68.0625
10649600,68.0625
10653696,68.0625
10657792,68.0625
10661888,68.0625
10665984,68.0625
10670080,68.0625
10674176,68.0625
10678272,68.0625
10682368,68.0625
10686464,68.0625
10690560,68.0625
10694656,68.0625
10698752,68.0625
10702848,68.0625
10706944,68.0625
10711040,68.0625
10715136,68.0625
10719232,68.0625
10723328,68.0625
10727424,68.0625
10731520,68.0625
10735616,68.0625
10739712,68.0625
10743808,68.0625
10747904,68.0625
10752000,68.0625
10756096,68.0625
10760192,68.0625
10764288,68.0625
10768384,68.0625
10772480,68.0625
10776576,68.0625
10780672,68.0625
10784768,68.0625
10788864,68.0625
10792960,68.0625
10797056,68.0625
10801152,68.0625
10805248,68.0625
10809344,68.0625
10813440,68.0625
10817536,68.0625
10821632,68.0625
10825728,68.0625
10829824,68.0625
10833920,68.0625
10838016,68.0625
10842112,68.0625
10846208,68.0625
10850304,68.0625
10854400,68.0625
10858496,68.0625
10862592,68.0625
10866688,68.0625
10870784,68.0625
10874880,68.0625
10878976,68.0625
10883072,68.0625
10887168,68.0625
10891264,68.0625
10895360,68.0625
10899456,68.0625
10903552,68.0625
10907648,68.0625
10911744,68.0625
10915840,68.0625
10919936,68.0625
10924032,68.0625
10928128,68.0625
10932224,68.0625
10936320,68.0625
10940416,68.0625
10944512,68.0625
10948608,68.0625
10952704,68.0625
10956800,68.0625
10960896,68.0625
10964992,68.0625
10969088,68.0625
10973184,68.0625
10977280,68.0625
10981376,68.0625
10985472,68.0625
10989568,68.0625
10993664,70.296875
10997760,70.296875
11001856,70.296875
11005952,70.296875
11010048,70.296875
11014144,70.296875
11018240,70.296875
11022336,70.296875
11026432,70.296875
11030528,70.296875
11034624,70.296875
11038720,70.296875
11042816,70.296875
11046912,70.296875
11051008,70.296875
11055104,70.296875
11059200,70.296875
11063296,70.296875
11067392,70.296875
11071488,70.296875
11075584,70.296875
11079680,70.296875
11083776,70.296875
11087872,70.296875
11091968,70.296875
11096064,70.296875
11100160,70.296875
11104256,70.296875
11108352,70.296875
11112448,70.296875
11116544,70.296875
11120640,70.296875
11124736,70.296875
11128832,70.296875
11132928,70.296875
11137024,70.296875
11141120,70.296875
11145216,70.296875
11149312,70.296875
11153408,70.296875
11157504,70.296875
11161600,70.296875
11165696,70.296875
11169792,70.296875
11173888,70.296875
11177984,70.296875
11182080,70.296875
11186176,70.296875
11190272,70.296875
11194368,70.296875
11198464,70.296875
11202560,70.296875
11206656,70.296875
11210752,70.296875
11214848,70.296875
11218944,70.296875
11223040,70.296875
11227136,70.296875
11231232,70.296875
11235328,70.296875
11239424,70.296875
11243520,70.296875
11247616,70.296875
11251712,70.296875
11255808,70.296875
11259904,70.296875
11264000,70.296875
11268096,70.296875
11272192,70.296875
11276288,70.296875
11280384,70.296875
11284480,70.296875
11288576,70.296875
11292672,70.296875
11296768,70.296875
11300864,70.296875
11304960,70.296875
11309056,70.296875
11313152,70.296875
11317248,70.296875
11321344,70.296875
11325440,70.296875
11329536,70.296875
11333632,70.296875
11337728,70.296875
11341824,70.296875
11345920,70.296875
11350016,70.296875
11354112,70.296875
11358208,70.296875
11362304,70.296875
11366400,70.296875
11370496,70.296875
11374592,70.296875
11378688,70.296875
11382784,70.296875
11386880,70.296875
11390976,70.296875
11395072,70.296875
11399168,70.296875
11403264,70.296875
11407360,70.296875
11411456,70.296875
11415552,70.296875
11419648,70.296875
11423744,70.296875
11427840,70.296875
11431936,70.296875
11436032,70.296875
11440128,70.296875
11444224,70.296875
11448320,70.296875
11452416,70.296875
11456512,70.296875
11460608,70.296875
11464704,70.296875
11468800,70.296875
11472896,70.296875
11476992,70.296875
11481088,70.296875
11485184,70.296875
11489280,70.296875
11493376,70.296875
11497472,70.296875
11501568,70.296875
11505664,70.296875
11509760,70.296875
11513856,70.296875
11517952,70.296875
11522048,70.296875
11526144,70.296875
11530240,70.296875
11534336,70.296875
11538432,70.296875
11542528,70.296875
11546624,70.296875
11550720,70.296875
11554816,70.296875
11558912,70.296875
11563008,70.296875
11567104,70.296875
11571200,70.296875
11575296,70.296875
11579392,70.296875
11583488,70.296875
11587584,70.296875
11591680,70.296875
11595776,70.296875
11599872,70.296875
11603968,70.296875
11608064,70.296875
11612160,70.296875
11616256,70.296875
11620352,70.296875
11624448,70.296875
11628544,70.296875
11632640,70.296875
11636736,70.296875
11640832,70.296875
11644928,70.296875
11649024,70.296875
11653120,70.296875
11657216,70.296875
11661312,70.296875
11665408,70.296875
11669504,70.296875
11673600,70.296875
11677696,70.296875
11681792,70.296875
11685888,70.296875
11689984,70.296875
11694080,70.296875
11698176,70.296875
11702272,70.296875
11706368,70.296875
11710464,70.296875
11714560,70.296875
11718656,70.296875
11722752,70.296875
11726848,70.296875
11730944,70.296875
11735040,70.296875
11739136,70.296875
11743232,70.296875
11747328,70.296875
11751424,70.296875
11755520,70.296875
11759616,70.296875
11763712,70.296875
11767808,70.296875
11771904,70.296875
11776000,70.296875
11780096,70.296875
11784192,70.296875
11788288,70.296875
11792384,70.296875
11796480,70.296875
11800576,70.296875
11804672,70.296875
11808768,70.296875
11812864,70.296875
11816960,70.296875
11821056,70.296875
11825152,70.296875
11829248,70.296875
11833344,70.296875
11837440,70.296875
11841536,70.296875
11845632,70.296875
11849728,70.296875
11853824,70.296875
11857920,70.296875
11862016,70.296875
11866112,70.296875
11870208,70.296875
11874304,70.296875
11878400,70.296875
11882496,70.296875
11886592,70.296875
11890688,70.296875
11894784,70.296875
11898880,70.296875
11902976,70.296875
11907072,70.296875
11911168,70.296875
11915264,70.296875
11919360,70.296875
11923456,70.296875
11927552,70.296875
11931648,70.296875
11935744,70.296875
11939840,70.296875
11943936,70.296875
11948032,70.296875
11952128,70.296875
11956224,70.296875
11960320,70.296875
11964416,70.296875
11968512,70.296875
11972608,70.296875
11976704,70.296875
11980800,70.296875
11984896,70.296875
11988992,70.296875
11993088,67.65625
11997184,67.65625
12001280,67.65625
12005376,67.65625
12009472,67.65625
12013568,67.65625
12017664,67.65625
12021760,67.65625
12025856,67.65625
12029952,67.65625
12034048,67.65625
12038144,67.65625
12042240,67.65625
12046336,67.65625
12050432,67.65625
12054528,67.65625
12058624,67.65625
12062720,67.65625
12066816,67.65625
12070912,67.65625
12075008,67.65625
12079104,67.65625
12083200,67.65625
12087296,67.65625
12091392,67.65625
12095488,67.65625
12099584,67.65625
12103680,67.65625
12107776,67.65625
12111872,67.65625
12115968,67.65625
12120064,67.65625
12124160,67.65625
12128256,67.65625
12132352,67.65625
12136448,67.65625
12140544,67.65625
12144640,67.65625
12148736,67.65625
12152832,67.65625
12156928,67.65625
12161024,67.65625
12165120,67.65625
12169216,67.65625
12173312,67.65625
12177408,67.65625
12181504,67.65625
12185600,67.65625
12189696,67.65625
12193792,67.65625
12197888,67.65625
12201984,67.65625
12206080,67.65625
12210176,67.65625
12214272,67.65625
12218368,67.65625
12222464,67.65625
12226560,67.65625
12230656,67.65625
12234752,67.65625
12238848,67.65625
12242944,67.65625
12247040,67.65625
12251136,67.65625
12255232,67.65625
12259328,67.65625
12263424,67.65625
12267520,67.65625
12271616,67.65625
12275712,67.65625
12279808,67.65625
12283904,67.65625
12288000,67.65625
12292096,67.65625
12296192,67.65625
12300288,67.65625
12304384,67.65625
12308480,67.65625
12312576,67.65625
12316672,67.65625
12320768,67.65625
12324864,67.65625
12328960,67.65625
12333056,67.65625
12337152,67.65625
12341248,67.65625
12345344,67.65625
12349440,67.65625
12353536,67.65625
12357632,67.65625
12361728,67.65625
12365824,67.65625
12369920,67.65625
12374016,67.65625
12378112,67.65625
12382208,67.65625
12386304,67.65625
12390400,67.65625
12394496,67.65625
12398592,67.65625
12402688,67.65625
12406784,67.65625
12410880,67.65625
12414976,67.65625
12419072,67.65625
12423168,67.65625
12427264,67.65625
12431360,67.65625
12435456,67.65625
12439552,67.65625
12443648,67.65625
12447744,67.65625
12451840,67.65625
12455936,67.65625
12460032,67.65625
12464128,67.65625
12468224,67.65625
12472320,67.65625
12476416,67.65625
12480512,67.65625
12484608,67.65625
12488704,67.65625
12492800,67.65625
12496896,67.65625
12500992,67.65625
12505088,67.65625
12509184,67.65625
12513280,67.65625
12517376,67.65625
12521472,67.65625
12525568,67.65625
12529664,67.65625
12533760,67.65625
12537856,67.65625
12541952,67.65625
12546048,67.65625
12550144,67.65625
12554240,67.65625
12558336,67.65625
12562432,67.65625
12566528,67.65625
12570624,67.65625
12574720,67.65625
12578816,67.65625
12582912,67.65625
12587008,67.65625
12591104,67.65625
12595200,67.65625
12599296,67.65625
12603392,67.65625
12607488,67.65625
12611584,67.65625
12615680,67.65625
12619776,67.65625
12623872,67.65625
12627968,67.65625
12632064,67.65625
12636160,67.65625
12640256,67.65625
12644352,67.65625
12648448,67.65625
12652544,67.65625
12656640,67.65625
12660736,67.65625
12664832,67.65625
12668928,67.65625
12673024,67.65625
12677120,67.65625
12681216,67.65625
12685312,67.65625
12689408,67.65625
12693504,67.65625
12697600,67.65625
12701696,67.65625
12705792,67.65625
12709888,67.65625
12713984,67.65625
12718080,67.65625
12722176,67.65625
12726272,67.65625
12730368,67.65625
12734464,67.65625
12738560,67.65625
12742656,67.65625
12746752,67.65625
12750848,67.65625
12754944,67.65625
12759040,67.65625
12763136,67.65625
12767232,67.65625
12771328,67.65625
12775424,67.65625
12779520,67.65625
12783616,67.65625
12787712,67.65625
12791808,67.65625
12795904,67.65625
12800000,67.65625
12804096,67.65625
12808192,67.65625
12812288,67.65625
12816384,67.65625
12820480,67.65625
12824576,67.65625
12828672,67.65625
12832768,67.65625
12836864,67.65625
12840960,67.65625
12845056,67.65625
12849152,67.65625
12853248,67.65625
12857344,67.65625
12861440,67.65625
12865536,67.65625
12869632,67.65625
12873728,67.65625
12877824,67.65625
12881920,67.65625
12886016,67.65625
12890112,67.65625
12894208,67.65625
12898304,67.65625
12902400,67.65625
12906496,67.65625
12910592,67.65625
12914688,67.65625
12918784,67.65625
12922880,67.65625
12926976,67.65625
12931072,67.65625
12935168,67.65625
12939264,67.65625
12943360,67.65625
12947456,67.65625
12951552,67.65625
12955648,67.65625
12959744,67.65625
12963840,67.65625
12967936,67.65625
12972032,67.65625
12976128,67.65625
12980224,67.65625
12984320,67.65625
12988416,67.65625
12992512,71.6015625
12996608,71.6015625
13000704,71.6015625
13004800,71.6015625
13008896,71.6015625
13012992,71.6015625
13017088,71.6015625
13021184,71.6015625
13025280,71.6015625
13029376,71.6015625
13033472,71.6015625
13037568,71.6015625
13041664,71.6015625
13045760,71.6015625
13049856,71.6015625
13053952,71.6015625
13058048,71.6015625
13062144,71.6015625
13066240,71.6015625
13070336,71.6015625
13074432,71.6015625
13078528,71.6015625
13082624,71.6015625
13086720,71.6015625
13090816,71.6015625
13094912,71.6015625
13099008,71.6015625
13103104,71.6015625
13107200,71.6015625
13111296,71.6015625
13115392,71.6015625
13119488,71.6015625
13123584,71.6015625
13127680,71.6015625
13131776,71.6015625
13135872,71.6015625
13139968,71.6015625
13144064,71.6015625
13148160,71.6015625
13152256,71.6015625
13156352,71.6015625
13160448,71.6015625
13164544,71.6015625
13168640,71.6015625
13172736,71.6015625
13176832,71.6015625
13180928,71.6015625
13185024,71.6015625
13189120,71.6015625
13193216,71.6015625
13197312,71.6015625
13201408,71.6015625
13205504,71.6015625
13209600,71.6015625
13213696,71.6015625
13217792,71.6015625
13221888,71.6015625
13225984,71.6015625
13230080,71.6015625
13234176,71.6015625
13238272,71.6015625
13242368,71.6015625
13246464,71.6015625
13250560,71.6015625
13254656,71.6015625
13258752,71.6015625
13262848,71.6015625
13266944,71.6015625
13271040,71.6015625
13275136,71.6015625
13279232,71.6015625
13283328,71.6015625
13287424,71.6015625
13291520,71.6015625
13295616,71.6015625
13299712,71.6015625
13303808,71.6015625
13307904,71.6015625
13312000,71.6015625
13316096,71.6015625
13320192,71.6015625
13324288,71.6015625
13328384,71.6015625
13332480,71.6015625
13336576,71.6015625
13340672,71.6015625
13344768,71.6015625
13348864,71.6015625
13352960,71.6015625
13357056,71.6015625
13361152,71.6015625
13365248,71.6015625
13369344,71.6015625
13373440,71.6015625
13377536,71.6015625
13381632,71.6015625
13385728,71.6015625
13389824,71.6015625
13393920,71.6015625
13398016,71.6015625
13402112,71.6015625
13406208,71.6015625
13410304,71.6015625
13414400,71.6015625
13418496,71.6015625
13422592,71.6015625
13426688,71.6015625
13430784,71.6015625
13434880,71.6015625
13438976,71.6015625
13443072,71.6015625
13447168,71.6015625
13451264,71.6015625
13455360,71.6015625
13459456,71.6015625
13463552,71.6015625
13467648,71.6015625
13471744,71.6015625
13475840,71.6015625
13479936,71.6015625
13484032,71.6015625
13488128,71.6015625
13492224,71.6015625
13496320,71.6015625
13500416,71.6015625
13504512,71.6015625
13508608,71.6015625
13512704,71.6015625
13516800,71.6015625
13520896,71.6015625
13524992,71.6015625
13529088,71.6015625
13533184,71.6015625
13537280,71.6015625
13541376,71.6015625
13545472,71.6015625
13549568,71.6015625
13553664,71.6015625
13557760,71.6015625
13561856,71.6015625
13565952,71.6015625
13570048,71.6015625
13574144,71.6015625
13578240,71.6015625
13582336,71.6015625
13586432,71.6015625
13590528,71.6015625
13594624,71.6015625
13598720,71.6015625
13602816,71.6015625
13606912,71.6015625
13611008,71.6015625
13615104,71.6015625
13619200,71.6015625
13623296,71.6015625
13627392,71.6015625
13631488,71.6015625
13635584,71.6015625
13639680,71.6015625
13643776,71.6015625
13647872,71.6015625
13651968,71.6015625
13656064,71.6015625
13660160,71.6015625
13664256,71.6015625
13668352,71.6015625
13672448,71.6015625
13676544,71.6015625
13680640,71.6015625
13684736,71.6015625
13688832,71.6015625
13692928,71.6015625
13697024,71.6015625
13701120,71.6015625
13705216,71.6015625
13709312,71.6015625
13713408,71.6015625
13717504,71.6015625
13721600,71.6015625
13725696,71.6015625
13729792,71.6015625
13733888,71.6015625
13737984,71.6015625
13742080,71.6015625
13746176,71.6015625
13750272,71.6015625
13754368,71.6015625
13758464,71.6015625
13762560,71.6015625
13766656,71.6015625
13770752,71.6015625
13774848,71.6015625
13778944,71.6015625
13783040,71.6015625
13787136,71.6015625
13791232,71.6015625
13795328,71.6015625
13799424,71.6015625
13803520,71.6015625
13807616,71.6015625
13811712,71.6015625
13815808,71.6015625
13819904,71.6015625
13824000,71.6015625
13828096,71.6015625
13832192,71.6015625
13836288,71.6015625
13840384,71.6015625
13844480,71.6015625
13848576,71.6015625
13852672,71.6015625
13856768,71.6015625
13860864,71.6015625
13864960,71.6015625
13869056,71.6015625
13873152,71.6015625
13877248,71.6015625
13881344,71.6015625
13885440,71.6015625
13889536,71.6015625
13893632,71.6015625
13897728,71.6015625
13901824,71.6015625
13905920,71.6015625
13910016,71.6015625
13914112,71.6015625
13918208,71.6015625
13922304,71.6015625
13926400,71.6015625
13930496,71.6015625
13934592,71.6015625
13938688,71.6015625
13942784,71.6015625
13946880,71.6015625
13950976,71.6015625
13955072,71.6015625
13959168,71.6015625
13963264,71.6015625
13967360,71.6015625
13971456,71.6015625
13975552,71.6015625
13979648,71.6015625
13983744,71.6015625
13987840,71.6015625
13991936,73.9453125
13996032,73.9453125
14000128,73.9453125
14004224,73.9453125
14008320,73.9453125
14012416,73.9453125
14016512,73.9453125
14020608,73.9453125
14024704,73.9453125
14028800,73.9453125
14032896,73.9453125
14036992,73.9453125
14041088,73.9453125
14045184,73.9453125
14049280,73.9453125
14053376,73.9453125
14057472,73.9453125
14061568,73.9453125
14065664,73.9453125
14069760,73.9453125
14073856,73.9453125
14077952,73.9453125
14082048,73.9453125
14086144,73.9453125
14090240,73.9453125
14094336,73.9453125
14098432,73.9453125
14102528,73.9453125
14106624,73.9453125
14110720,73.9453125
14114816,73.9453125
14118912,73.9453125
14123008,73.9453125
14127104,73.9453125
14131200,73.9453125
14135296,73.9453125
14139392,73.9453125
14143488,73.9453125
14147584,73.9453125
14151680,73.9453125
14155776,73.9453125
14159872,73.9453125
14163968,73.9453125
14168064,73.9453125
14172160,73.9453125
14176256,73.9453125
14180352,73.9453125
14184448,73.9453125
14188544,73.9453125
14192640,73.9453125
14196736,73.9453125
14200832,73.9453125
14204928,73.9453125
14209024,73.9453125
14213120,73.9453125
14217216,73.9453125
14221312,73.9453125
14225408,73.9453125
14229504,73.9453125
14233600,73.9453125
14237696,73.9453125
14241792,73.9453125
14245888,73.9453125
14249984,73.9453125
14254080,73.9453125
14258176,73.9453125
14262272,73.9453125
14266368,73.9453125
14270464,73.9453125
14274560,73.9453125
14278656,73.9453125
14282752,73.9453125
14286848,73.9453125
14290944,73.9453125
14295040,73.9453125
14299136,73.9453125
14303232,73.9453125
14307328,73.9453125
14311424,73.9453125
14315520,73.9453125
14319616,73.9453125
14323712,73.9453125
14327808,73.9453125
14331904,73.9453125
14336000,73.9453125
14340096,73.9453125
14344192,73.9453125
14348288,73.9453125
14352384,73.9453125
14356480,73.9453125
14360576,73.9453125
14364672,73.9453125
14368768,73.9453125
14372864,73.9453125
14376960,73.9453125
14381056,73.9453125
14385152,73.9453125
14389248,73.9453125
14393344,73.9453125
14397440,73.9453125
14401536,73.9453125
14405632,73.9453125
14409728,73.9453125
14413824,73.9453125
14417920,73.9453125
14422016,73.9453125
14426112,73.9453125
14430208,73.9453125
14434304,73.9453125
14438400,73.9453125
14442496,73.9453125
14446592,73.9453125
14450688,73.9453125
14454784,73.9453125
14458880,73.9453125
14462976,73.9453125
14467072,73.9453125
14471168,73.9453125
14475264,73.9453125
14479360,73.9453125
14483456,73.9453125
14487552,73.9453125
14491648,73.9453125
14495744,73.9453125
14499840,73.9453125
14503936,73.9453125
14508032,73.9453125
14512128,73.9453125
14516224,73.9453125
14520320,73.9453125
14524416,73.9453125
14528512,73.9453125
14532608,73.9453125
14536704,73.9453125
14540800,73.9453125
14544896,73.9453125
14548992,73.9453125
14553088,73.9453125
14557184,73.9453125
14561280,73.9453125
14565376,73.9453125
14569472,73.9453125
14573568,73.9453125
14577664,73.9453125
14581760,73.9453125
14585856,73.9453125
14589952,73.9453125
14594048,73.9453125
14598144,73.9453125
14602240,73.9453125
14606336,73.9453125
14610432,73.9453125
14614528,73.9453125
14618624,73.9453125
14622720,73.9453125
14626816,73.9453125
14630912,73.9453125
14635008,73.9453125
14639104,73.9453125
14643200,73.9453125
14647296,73.9453125
14651392,73.9453125
14655488,73.9453125
14659584,73.9453125
14663680,73.9453125
14667776,73.9453125
14671872,73.9453125
14675968,73.9453125
14680064,73.9453125
14684160,73.9453125
14688256,73.9453125
14692352,73.9453125
14696448,73.9453125
14700544,73.9453125
14704640,73.9453125
14708736,73.9453125
14712832,73.9453125
14716928,73.9453125
14721024,73.9453125
14725120,73.9453125
14729216,73.9453125
14733312,73.9453125
14737408,73.9453125
14741504,73.9453125
14745600,73.9453125
14749696,73.9453125
14753792,73.9453125
14757888,73.9453125
14761984,73.9453125
14766080,73.9453125
14770176,73.9453125
14774272,73.9453125
14778368,73.9453125
14782464,73.9453125
14786560,73.9453125
14790656,73.9453125
14794752,73.9453125
14798848,73.9453125
14802944,73.9453125
14807040,73.9453125
14811136,73.9453125
14815232,73.9453125
14819328,73.9453125
14823424,73.9453125
14827520,73.9453125
14831616,73.9453125
14835712,73.9453125
14839808,73.9453125
14843904,73.9453125
14848000,73.9453125
14852096,73.9453125
14856192,73.9453125
14860288,73.9453125
14864384,73.9453125
14868480,73.9453125
14872576,73.9453125
14876672,73.9453125
14880768,73.9453125
14884864,73.9453125
14888960,73.9453125
14893056,73.9453125
14897152,73.9453125
14901248,73.9453125
14905344,73.9453125
14909440,73.9453125
14913536,73.9453125
14917632,73.9453125
14921728,73.9453125
14925824,73.9453125
14929920,73.9453125
14934016,73.9453125
14938112,73.9453125
14942208,73.9453125
14946304,73.9453125
14950400,73.9453125
14954496,73.9453125
14958592,73.9453125
14962688,73.9453125
14966784,73.9453125
14970880,73.9453125
14974976,73.9453125
14979072,73.9453125
14983168,73.9453125
14987264,73.9453125
14991360,66.015625
14995456,66.015625
14999552,66.015625
15003648,66.015625
15007744,66.015625
15011840,66.015625
15015936,66.015625
15020032,66.015625
15024128,66.015625
15028224,66.015625
15032320,66.015625
15036416,66.015625
15040512,66.015625
15044608,66.015625
15048704,66.015625
15052800,66.015625
15056896,66.015625
15060992,66.015625
15065088,66.015625
15069184,66.015625
15073280,66.015625
15077376,66.015625
15081472,66.015625
15085568,66.015625
15089664,66.015625
15093760,66.015625
15097856,66.015625
15101952,66.015625
15106048,66.015625
15110144,66.015625
15114240,66.015625
15118336,66.015625
15122432,66.015625
15126528,66.015625
15130624,66.015625
15134720,66.015625
15138816,66.015625
15142912,66.015625
15147008,66.015625
15151104,66.015625
15155200,66.015625
15159296,66.015625
15163392,66.015625
15167488,66.015625
15171584,66.015625
15175680,66.015625
15179776,66.015625
15183872,66.015625
15187968,66.015625
15192064,66.015625
15196160,66.015625
15200256,66.015625
15204352,66.015625
15208448,66.015625
15212544,66.015625
15216640,66.015625
15220736,66.015625
15224832,66.015625
15228928,66.015625
15233024,66.015625
15237120,66.015625
15241216,66.015625
15245312,66.015625
15249408,66.015625
15253504,66.015625
15257600,66.015625
15261696,66.015625
15265792,66.015625
15269888,66.015625
15273984,66.015625
15278080,66.015625
15282176,66.015625
15286272,66.015625
15290368,66.015625
15294464,66.015625
15298560,66.015625
15302656,66.015625
15306752,66.015625
15310848,66.015625
15314944,66.015625
15319040,66.015625
15323136,66.015625
15327232,66.015625
15331328,66.015625
15335424,66.015625
15339520,66.015625
15343616,66.015625
15347712,66.015625
15351808,66.015625
15355904,66.015625
15360000,66.015625
15364096,66.015625
15368192,66.015625
15372288,66.015625
15376384,66.015625
15380480,66.015625
15384576,66.015625
15388672,66.015625
15392768,66.015625
15396864,66.015625
15400960,66.015625
15405056,66.015625
15409152,66.015625
15413248,66.015625
15417344,66.015625
15421440,66.015625
15425536,66.015625
15429632,66.015625
15433728,66.015625
15437824,66.015625
15441920,66.015625
15446016,66.015625
15450112,66.015625
15454208,66.015625
15458304,66.015625
15462400,66.015625
15466496,66.015625
15470592,66.015625
15474688,66.015625
15478784,66.015625
15482880,66.015625
15486976,66.015625
15491072,66.015625
15495168,66.015625
15499264,66.015625
15503360,66.015625
15507456,66.015625
15511552,66.015625
15515648,66.015625
15519744,66.015625
15523840,66.015625
15527936,66.015625
15532032,66.015625
15536128,66.015625
15540224,66.015625
15544320,66.015625
15548416,66.015625
15552512,66.015625
15556608,66.015625
15560704,66.015625
15564800,66.015625
15568896,66.015625
15572992,66.015625
15577088,66.015625
15581184,66.015625
15585280,66.015625
15589376,66.015625
15593472,66.015625
15597568,66.015625
15601664,66.015625
15605760,66.015625
15609856,66.015625
15613952,66.015625
15618048,66.015625
15622144,66.015625
15626240,66.015625
15630336,66.015625
15634432,66.015625
15638528,66.015625
15642624,66.015625
15646720,66.015625
15650816,66.015625
15654912,66.015625
15659008,66.015625
15663104,66.015625
15667200,66.015625
15671296,66.015625
15675392,66.015625
15679488,66.015625
15683584,66.015625
15687680,66.015625
15691776,66.015625
15695872,66.015625
15699968,66.015625
15704064,66.015625
15708160,66.015625
15712256,66.015625
15716352,66.015625
15720448,66.015625
15724544,66.015625
15728640,66.015625
15732736,66.015625
15736832,66.015625
15740928,66.015625
15745024,66.015625
15749120,66.015625
15753216,66.015625
15757312,66.015625
15761408,66.015625
15765504,66.015625
15769600,66.015625
15773696,66.015625
15777792,66.015625
15781888,66.015625
15785984,66.015625
15790080,66.015625
15794176,66.015625
15798272,66.015625
15802368,66.015625
15806464,66.015625
15810560,66.015625
15814656,66.015625
15818752,66.015625
15822848,66.015625
15826944,66.015625
15831040,66.015625
15835136,66.015625
15839232,66.015625
15843328,66.015625
15847424,66.015625
15851520,66.015625
15855616,66.015625
15859712,66.015625
15863808,66.015625
15867904,66.015625
15872000,66.015625
15876096,66.015625
15880192,66.015625
15884288,66.015625
15888384,66.015625
15892480,66.015625
15896576,66.015625
15900672,66.015625
15904768,66.015625
15908864,66.015625
15912960,66.015625
15917056,66.015625
15921152,66.015625
15925248,66.015625
15929344,66.015625
15933440,66.015625
15937536,66.015625
15941632,66.015625
15945728,66.015625
15949824,66.015625
15953920,66.015625
15958016,66.015625
15962112,66.015625
15966208,66.015625
15970304,66.015625
15974400,66.015625
15978496,66.015625
15982592,66.015625
15986688,66.015625
15990784,72.3359375
15994880,72.3359375
15998976,72.3359375
16003072,72.3359375
16007168,72.3359375
16011264,72.3359375
16015360,72.3359375
16019456,72.3359375
16023552,72.3359375
16027648,72.3359375
16031744,72.3359375
16035840,72.3359375
16039936,72.3359375
16044032,72.3359375
16048128,72.3359375
16052224,72.3359375
16056320,72.3359375
16060416,72.3359375
16064512,72.3359375
16068608,72.3359375
16072704,72.3359375
16076800,72.3359375
16080896,72.3359375
16084992,72.3359375
16089088,72.3359375
16093184,72.3359375
16097280,72.3359375
16101376,72.3359375
16105472,72.3359375
16109568,72.3359375
16113664,72.3359375
16117760,72.3359375
16121856,72.3359375
16125952,72.3359375
16130048,72.3359375
16134144,72.3359375
16138240,72.3359375
16142336,72.3359375
16146432,72.3359375
16150528,72.3359375
16154624,72.3359375
16158720,72.3359375
16162816,72.3359375
16166912,72.3359375
16171008,72.3359375
16175104,72.3359375
16179200,72.3359375
16183296,72.3359375
16187392,72.3359375
16191488,72.3359375
16195584,72.3359375
16199680,72.3359375
16203776,72.3359375
16207872,72.3359375
16211968,72.3359375
16216064,72.3359375
16220160,72.3359375
16224256,72.3359375
16228352,72.3359375
16232448,72.3359375
16236544,72.3359375
16240640,72.3359375
16244736,72.3359375
16248832,72.3359375
16252928,72.3359375
16257024,72.3359375
16261120,72.3359375
16265216,72.3359375
16269312,72.3359375
16273408,72.3359375
16277504,72.3359375
16281600,72.3359375
16285696,72.3359375
16289792,72.3359375
16293888,72.3359375
16297984,72.3359375
16302080,72.3359375
16306176,72.3359375
16310272,72.3359375
16314368,72.3359375
16318464,72.3359375
16322560,72.3359375
16326656,72.3359375
16330752,72.3359375
16334848,72.3359375
16338944,72.3359375
16343040,72.3359375
16347136,72.3359375
16351232,72.3359375
16355328,72.3359375
16359424,72.3359375
16363520,72.3359375
16367616,72.3359375
16371712,72.3359375
16375808,72.3359375
16379904,72.3359375
16384000,72.3359375
16388096,72.3359375
16392192,72.3359375
16396288,72.3359375
16400384,72.3359375
16404480,72.3359375
16408576,72.3359375
16412672,72.3359375
16416768,72.3359375
16420864,72.3359375
16424960,72.3359375
16429056,72.3359375
16433152,72.3359375
16437248,72.3359375
16441344,72.3359375
16445440,72.3359375
16449536,72.3359375
16453632,72.3359375
16457728,72.3359375
16461824,72.3359375
16465920,72.3359375
16470016,72.3359375
16474112,72.3359375
16478208,72.3359375
16482304,72.3359375
16486400,72.3359375
16490496,72.3359375
16494592,72.3359375
16498688,72.3359375
16502784,72.3359375
16506880,72.3359375
16510976,72.3359375
16515072,72.3359375
16519168,72.3359375
16523264,72.3359375
16527360,72.3359375
16531456,72.3359375
16535552,72.3359375
16539648,72.3359375
16543744,72.3359375
16547840,72.3359375
16551936,72.3359375
16556032,72.3359375
16560128,72.3359375
16564224,72.3359375
16568320,72.3359375
16572416,72.3359375
16576512,72.3359375
16580608,72.3359375
16584704,72.3359375
16588800,72.3359375
16592896,72.3359375
16596992,72.3359375
16601088,72.3359375
16605184,72.3359375
16609280,72.3359375
16613376,72.3359375
16617472,72.3359375
16621568,72.3359375
16625664,72.3359375
16629760,72.3359375
16633856,72.3359375
16637952,72.3359375
16642048,72.3359375
16646144,72.3359375
16650240,72.3359375
16654336,72.3359375
16658432,72.3359375
16662528,72.3359375
16666624,72.3359375
16670720,72.3359375
16674816,72.3359375
16678912,72.3359375
16683008,72.3359375
16687104,72.3359375
16691200,72.3359375
16695296,72.3359375
16699392,72.3359375
16703488,72.3359375
16707584,72.3359375
16711680,72.3359375
16715776,72.3359375
16719872,72.3359375
16723968,72.3359375
16728064,72.3359375
16732160,72.3359375
16736256,72.3359375
16740352,72.3359375
16744448,72.3359375
16748544,72.3359375
16752640,72.3359375
16756736,72.3359375
16760832,72.3359375
16764928,72.3359375
16769024,72.3359375
16773120,72.3359375
16777216,72.3359375
16781312,72.3359375
16785408,72.3359375
16789504,72.3359375
16793600,72.3359375
16797696,72.3359375
16801792,72.3359375
16805888,72.3359375
16809984,72.3359375
16814080,72.3359375
16818176,72.3359375
16822272,72.3359375
16826368,72.3359375
16830464,72.3359375
16834560,72.3359375
16838656,72.3359375
16842752,72.3359375
16846848,72.3359375
16850944,72.3359375
16855040,72.3359375
16859136,72.3359375
16863232,72.3359375
16867328,72.3359375
16871424,72.3359375
16875520,72.3359375
16879616,72.3359375
16883712,72.3359375
16887808,72.3359375
16891904,72.3359375
16896000,72.3359375
16900096,72.3359375
16904192,72.3359375
16908288,72.3359375
16912384,72.3359375
16916480,72.3359375
16920576,72.3359375
16924672,72.3359375
16928768,72.3359375
16932864,72.3359375
16936960,72.3359375
16941056,72.3359375
16945152,72.3359375
16949248,72.3359375
16953344,72.3359375
16957440,72.3359375
16961536,72.3359375
16965632,72.3359375
16969728,72.3359375
16973824,72.3359375
16977920,72.3359375
16982016,72.3359375
16986112,72.3359375
16990208,73.625
16994304,73.625
16998400,73.625
17002496,73.625
17006592,73.625
17010688,73.625
17014784,73.625
17018880,73.625
17022976,73.625
17027072,73.625
17031168,73.625
17035264,73.625
17039360,73.625
17043456,73.625
17047552,73.625
17051648,73.625
17055744,73.625
17059840,73.625
17063936,73.625
17068032,73.625
17072128,73.625
17076224,73.625
17080320,73.625
17084416,73.625
17088512,73.625
17092608,73.625
17096704,73.625
17100800,73.625
17104896,73.625
17108992,73.625
17113088,73.625
17117184,73.625
17121280,73.625
17125376,73.625
17129472,73.625
17133568,73.625
17137664,73.625
17141760,73.625
17145856,73.625
17149952,73.625
17154048,73.625
17158144,73.625
17162240,73.625
17166336,73.625
17170432,73.625
17174528,73.625
17178624,73.625
17182720,73.625
17186816,73.625
17190912,73.625
17195008,73.625
17199104,73.625
17203200,73.625
17207296,73.625
17211392,73.625
17215488,73.625
17219584,73.625
17223680,73.625
17227776,73.625
17231872,73.625
17235968,73.625
17240064,73.625
17244160,73.625
17248256,73.625
17252352,73.625
17256448,73.625
17260544,73.625
17264640,73.625
17268736,73.625
17272832,73.625
17276928,73.625
17281024,73.625
17285120,73.625
17289216,73.625
17293312,73.625
17297408,73.625
17301504,73.625
17305600,73.625
17309696,73.625
17313792,73.625
17317888,73.625
17321984,73.625
17326080,73.625
17330176,73.625
17334272,73.625
17338368,73.625
17342464,73.625
17346560,73.625
17350656,73.625
17354752,73.625
17358848,73.625
17362944,73.625
17367040,73.625
17371136,73.625
17375232,73.625
17379328,73.625
17383424,73.625
17387520,73.625
17391616,73.625
17395712,73.625
17399808,73.625
17403904,73.625
17408000,73.625
17412096,73.625
17416192,73.625
17420288,73.625
17424384,73.625
17428480,73.625
17432576,73.625
17436672,73.625
17440768,73.625
17444864,73.625
17448960,73.625
17453056,73.625
17457152,73.625
17461248,73.625
17465344,73.625
17469440,73.625
17473536,73.625
17477632,73.625
17481728,73.625
17485824,73.625
17489920,73.625
17494016,73.625
17498112,73.625
17502208,73.625
17506304,73.625
17510400,73.625
17514496,73.625
17518592,73.625
17522688,73.625
17526784,73.625
17530880,73.625
17534976,73.625
17539072,73.625
17543168,73.625
17547264,73.625
17551360,73.625
17555456,73.625
17559552,73.625
17563648,73.625
17567744,73.625
17571840,73.625
17575936,73.625
17580032,73.625
17584128,73.625
17588224,73.625
17592320,73.625
17596416,73.625
17600512,73.625
17604608,73.625
17608704,73.625
17612800,73.625
17616896,73.625
17620992,73.625
17625088,73.625
17629184,73.625
17633280,73.625
17637376,73.625
17641472,73.625
17645568,73.625
17649664,73.625
17653760,73.625
17657856,73.625
17661952,73.625
17666048,73.625
17670144,73.625
17674240,73.625
17678336,73.625
17682432,73.625
17686528,73.625
17690624,73.625
17694720,73.625
17698816,73.625
17702912,73.625
17707008,73.625
17711104,73.625
17715200,73.625
17719296,73.625
17723392,73.625
17727488,73.625
17731584,73.625
17735680,73.625
17739776,73.625
17743872,73.625
17747968,73.625
17752064,73.625
17756160,73.625
17760256,73.625
17764352,73.625
17768448,73.625
17772544,73.625
17776640,73.625
17780736,73.625
17784832,73.625
17788928,73.625
17793024,73.625
17797120,73.625
17801216,73.625
17805312,73.625
17809408,73.625
17813504,73.625
17817600,73.625
17821696,73.625
17825792,73.625
17829888,73.625
17833984,73.625
17838080,73.625
17842176,73.625
17846272,73.625
17850368,73.625
17854464,73.625
17858560,73.625
17862656,73.625
17866752,73.625
17870848,73.625
17874944,73.625
17879040,73.625
17883136,73.625
17887232,73.625
17891328,73.625
17895424,73.625
17899520,73.625
17903616,73.625
17907712,73.625
17911808,73.625
17915904,73.625
17920000,73.625
17924096,73.625
17928192,73.625
17932288,73.625
17936384,73.625
17940480,73.625
17944576,73.625
17948672,73.625
17952768,73.625
17956864,73.625
17960960,73.625
17965056,73.625
17969152,73.625
17973248,73.625
17977344,73.625
17981440,73.625
17985536,73.625
17989632,72.71875
17993728,72.71875
17997824,72.71875
18001920,72.71875
18006016,72.71875
18010112,72.71875
18014208,72.71875
18018304,72.71875
18022400,72.71875
18026496,72.71875
18030592,72.71875
18034688,72.71875
18038784,72.71875
18042880,72.71875
18046976,72.71875
18051072,72.71875
18055168,72.71875
18059264,72.71875
18063360,72.71875
18067456,72.71875
18071552,72.71875
18075648,72.71875
18079744,72.71875
18083840,72.71875
18087936,72.71875
18092032,72.71875
18096128,72.71875
18100224,72.71875
18104320,72.71875
18108416,72.71875
18112512,72.71875
18116608,72.71875
18120704,72.71875
18124800,72.71875
18128896,72.71875
18132992,72.71875
18137088,72.71875
18141184,72.71875
18145280,72.71875
18149376,72.71875
18153472,72.71875
18157568,72.71875
18161664,72.71875
18165760,72.71875
18169856,72.71875
18173952,72.71875
18178048,72.71875
18182144,72.71875
18186240,72.71875
18190336,72.71875
18194432,72.71875
18198528,72.71875
18202624,72.71875
18206720,72.71875
18210816,72.71875
18214912,72.71875
18219008,72.71875
18223104,72.71875
18227200,72.71875
18231296,72.71875
18235392,72.71875
18239488,72.71875
18243584,72.71875
18247680,72.71875
18251776,72.71875
18255872,72.71875
18259968,72.71875
18264064,72.71875
18268160,72.71875
18272256,72.71875
18276352,72.71875
18280448,72.71875
18284544,72.71875
18288640,72.71875
18292736,72.71875
18296832,72.71875
18300928,72.71875
18305024,72.71875
18309120,72.71875
18313216,72.71875
18317312,72.71875
18321408,72.71875
18325504,72.71875
18329600,72.71875
18333696,72.71875
18337792,72.71875
18341888,72.71875
18345984,72.71875
18350080,72.71875
18354176,72.71875
18358272,72.71875
18362368,72.71875
18366464,72.71875
18370560,72.71875
18374656,72.71875
18378752,72.71875
18382848,72.71875
18386944,72.71875
18391040,72.71875
18395136,72.71875
18399232,72.71875
18403328,72.71875
18407424,72.71875
18411520,72.71875
18415616,72.71875
18419712,72.71875
18423808,72.71875
18427904,72.71875
18432000,72.71875
18436096,72.71875
18440192,72.71875
18444288,72.71875
18448384,72.71875
18452480,72.71875
18456576,72.71875
18460672,72.71875
18464768,72.71875
18468864,72.71875
18472960,72.71875
18477056,72.71875
18481152,72.71875
18485248,72.71875
18489344,72.71875
18493440,72.71875
18497536,72.71875
18501632,72.71875
18505728,72.71875
18509824,72.71875
18513920,72.71875
18518016,72.71875
18522112,72.71875
18526208,72.71875
18530304,72.71875
18534400,72.71875
18538496,72.71875
18542592,72.71875
18546688,72.71875
18550784,72.71875
18554880,72.71875
18558976,72.71875
18563072,72.71875
18567168,72.71875
18571264,72.71875
18575360,72.71875
18579456,72.71875
18583552,72.71875
18587648,72.71875
18591744,72.71875
18595840,72.71875
18599936,72.71875
18604032,72.71875
18608128,72.71875
18612224,72.71875
18616320,72.71875
18620416,72.71875
18624512,72.71875
18628608,72.71875
18632704,72.71875
18636800,72.71875
18640896,72.71875
18644992,72.71875
18649088,72.71875
18653184,72.71875
18657280,72.71875
18661376,72.71875
18665472,72.71875
18669568,72.71875
18673664,72.71875
18677760,72.71875
18681856,72.71875
18685952,72.71875
18690048,72.71875
18694144,72.71875
18698240,72.71875
18702336,72.71875
18706432,72.71875
18710528,72.71875
18714624,72.71875
18718720,72.71875
18722816,72.71875
18726912,72.71875
18731008,72.71875
18735104,72.71875
18739200,72.71875
18743296,72.71875
18747392,72.71875
18751488,72.71875
18755584,72.71875
18759680,72.71875
18763776,72.71875
18767872,72.71875
18771968,72.71875
18776064,72.71875
18780160,72.71875
18784256,72.71875
18788352,72.71875
18792448,72.71875
18796544,72.71875
18800640,72.71875
18804736,72.71875
18808832,72.71875
18812928,72.71875
18817024,72.71875
18821120,72.71875
18825216,72.71875
18829312,72.71875
18833408,72.71875
18837504,72.71875
18841600,72.71875
18845696,72.71875
18849792,72.71875
18853888,72.71875
18857984,72.71875
18862080,72.71875
18866176,72.71875
18870272,72.71875
18874368,72.71875
18878464,72.71875
18882560,72.71875
18886656,72.71875
18890752,72.71875
18894848,72.71875
18898944,72.71875
18903040,72.71875
18907136,72.71875
18911232,72.71875
18915328,72.71875
18919424,72.71875
18923520,72.71875
18927616,72.71875
18931712,72.71875
18935808,72.71875
18939904,72.71875
18944000,72.71875
18948096,72.71875
18952192,72.71875
18956288,72.71875
18960384,72.71875
18964480,72.71875
18968576,72.71875
18972672,72.71875
18976768,72.71875
18980864,72.71875
18984960,72.71875
18989056,71.7421875
18993152,71.7421875
18997248,71.7421875
19001344,71.7421875
19005440,71.7421875
19009536,71.7421875
19013632,71.7421875
19017728,71.7421875
19021824,71.7421875
19025920,71.7421875
19030016,71.7421875
19034112,71.7421875
19038208,71.7421875
19042304,71.7421875
19046400,71.7421875
19050496,71.7421875
19054592,71.7421875
19058688,71.7421875
19062784,71.7421875
19066880,71.7421875
19070976,71.7421875
19075072,71.7421875
19079168,71.7421875
19083264,71.7421875
19087360,71.7421875
19091456,71.7421875
19095552,71.7421875
19099648,71.7421875
19103744,71.7421875
19107840,71.7421875
19111936,71.7421875
19116032,71.7421875
19120128,71.7421875
19124224,71.7421875
19128320,71.7421875
19132416,71.7421875
19136512,71.7421875
19140608,71.7421875
19144704,71.7421875
19148800,71.7421875
19152896,71.7421875
19156992,71.7421875
19161088,71.7421875
19165184,71.7421875
19169280,71.7421875
19173376,71.7421875
19177472,71.7421875
19181568,71.7421875
19185664,71.7421875
19189760,71.7421875
19193856,71.7421875
19197952,71.7421875
19202048,71.7421875
19206144,71.7421875
19210240,71.7421875
19214336,71.7421875
19218432,71.7421875
19222528,71.7421875
19226624,71.7421875
19230720,71.7421875
19234816,71.7421875
19238912,71.7421875
19243008,71.7421875
19247104,71.7421875
19251200,71.7421875
19255296,71.7421875
19259392,71.7421875
19263488,71.7421875
19267584,71.7421875
19271680,71.7421875
19275776,71.7421875
19279872,71.7421875
19283968,71.7421875
19288064,71.7421875
19292160,71.7421875
19296256,71.7421875
19300352,71.7421875
19304448,71.7421875
19308544,71.7421875
19312640,71.7421875
19316736,71.7421875
19320832,71.7421875
19324928,71.7421875
19329024,71.7421875
19333120,71.7421875
19337216,71.7421875
19341312,71.7421875
19345408,71.7421875
19349504,71.7421875
19353600,71.7421875
19357696,71.7421875
19361792,71.7421875
19365888,71.7421875
19369984,71.7421875
19374080,71.7421875
19378176,71.7421875
19382272,71.7421875
19386368,71.7421875
19390464,71.7421875
19394560,71.7421875
19398656,71.7421875
19402752,71.7421875
19406848,71.7421875
19410944,71.7421875
19415040,71.7421875
19419136,71.7421875
19423232,71.7421875
19427328,71.7421875
19431424,71.7421875
19435520,71.7421875
19439616,71.7421875
19443712,71.7421875
19447808,71.7421875
19451904,71.7421875
19456000,71.7421875
19460096,71.7421875
19464192,71.7421875
19468288,71.7421875
19472384,71.7421875
19476480,71.7421875
19480576,71.7421875
19484672,71.7421875
19488768,71.7421875
19492864,71.7421875
19496960,71.7421875
19501056,71.7421875
19505152,71.7421875
19509248,71.7421875
19513344,71.7421875
19517440,71.7421875
19521536,71.7421875
19525632,71.7421875
19529728,71.7421875
19533824,71.7421875
19537920,71.7421875
19542016,71.7421875
19546112,71.7421875
19550208,71.7421875
19554304,71.7421875
19558400,71.7421875
19562496,71.7421875
19566592,71.7421875
19570688,71.7421875
19574784,71.7421875
19578880,71.7421875
19582976,71.7421875
19587072,71.7421875
19591168,71.7421875
19595264,71.7421875
19599360,71.7421875
19603456,71.7421875
19607552,71.7421875
19611648,71.7421875
19615744,71.7421875
19619840,71.7421875
19623936,71.7421875
19628032,71.7421875
19632128,71.7421875
19636224,71.7421875
19640320,71.7421875
19644416,71.7421875
19648512,71.7421875
19652608,71.7421875
19656704,71.7421875
19660800,71.7421875
19664896,71.7421875
19668992,71.7421875
19673088,71.7421875
19677184,71.7421875
19681280,71.7421875
19685376,71.7421875
19689472,71.7421875
19693568,71.7421875
19697664,71.7421875
19701760,71.7421875
19705856,71.7421875
19709952,71.7421875
19714048,71.7421875
19718144,71.7421875
19722240,71.7421875
19726336,71.7421875
19730432,71.7421875
19734528,71.7421875
19738624,71.7421875
19742720,71.7421875
19746816,71.7421875
19750912,71.7421875
19755008,71.7421875
19759104,71.7421875
19763200,71.7421875
19767296,71.7421875
19771392,71.7421875
19775488,71.7421875
19779584,71.7421875
19783680,71.7421875
19787776,71.7421875
19791872,71.7421875
19795968,71.7421875
19800064,71.7421875
19804160,71.7421875
19808256,71.7421875
19812352,71.7421875
19816448,71.7421875
19820544,71.7421875
19824640,71.7421875
19828736,71.7421875
19832832,71.7421875
19836928,71.7421875
19841024,71.7421875
19845120,71.7421875
19849216,71.7421875
19853312,71.7421875
19857408,71.7421875
19861504,71.7421875
19865600,71.7421875
19869696,71.7421875
19873792,71.7421875
19877888,71.7421875
19881984,71.7421875
19886080,71.7421875
19890176,71.7421875
19894272,71.7421875
19898368,71.7421875
19902464,71.7421875
19906560,71.7421875
19910656,71.7421875
19914752,71.7421875
19918848,71.7421875
19922944,71.7421875
19927040,71.7421875
19931136,71.7421875
19935232,71.7421875
19939328,71.7421875
19943424,71.7421875
19947520,71.7421875
19951616,71.7421875
19955712,71.7421875
19959808,71.7421875
19963904,71.7421875
19968000,71.7421875
19972096,71.7421875
19976192,71.7421875
19980288,71.7421875
19984384,71.7421875
19988480,74.421875
19992576,74.421875
19996672,74.421875
