env_step,pqn_Freeway-MinAtar - returned_episode_returns
4096,0.0
8192,0.0
12288,0.0
16384,0.0
20480,0.0
24576,0.0
28672,0.0
32768,0.0
36864,0.0
40960,0.0
45056,0.0
49152,0.0
53248,0.0
57344,0.0
61440,0.0
65536,0.0
69632,0.0
73728,0.0
77824,0.0
81920,0.0
86016,0.0
90112,0.0
94208,0.0
98304,0.0
102400,0.0
106496,0.0
110592,0.0
114688,0.0
118784,0.0
122880,0.0
126976,0.0
131072,0.0
135168,0.0
139264,0.0
143360,0.0
147456,0.0
151552,0.0
155648,0.0
159744,0.0
163840,0.0
167936,0.0
172032,0.0
176128,0.0
180224,0.0
184320,0.0
188416,0.0
192512,0.0
196608,0.0
200704,0.0
204800,0.0
208896,0.0
212992,0.0
217088,0.0
221184,0.0
225280,0.0
229376,0.0
233472,0.0
237568,0.0
241664,0.0
245760,0.0
249856,0.0
253952,0.0
258048,0.0
262144,0.0
266240,0.0
270336,0.0
274432,0.0
278528,0.0
282624,0.0
286720,0.0
290816,0.0
294912,0.0
299008,0.0
303104,0.0
307200,0.0
311296,0.0
315392,0.0
319488,0.0
323584,0.41064453125
327680,0.453125
331776,0.453125
335872,0.453125
339968,0.453125
344064,0.453125
348160,0.453125
352256,0.453125
356352,0.453125
360448,0.453125
364544,0.453125
368640,0.453125
372736,0.453125
376832,0.453125
380928,0.453125
385024,0.453125
389120,0.453125
393216,0.453125
397312,0.453125
401408,0.453125
405504,0.453125
409600,0.453125
413696,0.453125
417792,0.453125
421888,0.453125
425984,0.453125
430080,0.453125
434176,0.453125
438272,0.453125
442368,0.453125
446464,0.453125
450560,0.453125
454656,0.453125
458752,0.453125
462848,0.453125
466944,0.453125
471040,0.453125
475136,0.453125
479232,0.453125
483328,0.453125
487424,0.453125
491520,0.453125
495616,0.453125
499712,0.453125
503808,0.453125
507904,0.453125
512000,0.453125
516096,0.453125
520192,0.453125
524288,0.453125
528384,0.453125
532480,0.453125
536576,0.453125
540672,0.453125
544768,0.453125
548864,0.453125
552960,0.453125
557056,0.453125
561152,0.453125
565248,0.453125
569344,0.453125
573440,0.453125
577536,0.453125
581632,0.453125
585728,0.453125
589824,0.453125
593920,0.453125
598016,0.453125
602112,0.453125
606208,0.453125
610304,0.453125
614400,0.453125
618496,0.453125
622592,0.453125
626688,0.453125
630784,0.453125
634880,0.453125
638976,0.453125
643072,1.4541015625
647168,1.734375
651264,1.734375
655360,1.734375
659456,1.734375
663552,1.734375
667648,1.734375
671744,1.734375
675840,1.734375
679936,1.734375
684032,1.734375
688128,1.734375
692224,1.734375
696320,1.734375
700416,1.734375
704512,1.734375
708608,1.734375
712704,1.734375
716800,1.734375
720896,1.734375
724992,1.734375
729088,1.734375
733184,1.734375
737280,1.734375
741376,1.734375
745472,1.734375
749568,1.734375
753664,1.734375
757760,1.734375
761856,1.734375
765952,1.734375
770048,1.734375
774144,1.734375
778240,1.734375
782336,1.734375
786432,1.734375
790528,1.734375
794624,1.734375
798720,1.734375
802816,1.734375
806912,1.734375
811008,1.734375
815104,1.734375
819200,1.734375
823296,1.734375
827392,1.734375
831488,1.734375
835584,1.734375
839680,1.734375
843776,1.734375
847872,1.734375
851968,1.734375
856064,1.734375
860160,1.734375
864256,1.734375
868352,1.734375
872448,1.734375
876544,1.734375
880640,1.734375
884736,1.734375
888832,1.734375
892928,1.734375
897024,1.734375
901120,1.734375
905216,1.734375
909312,1.734375
913408,1.734375
917504,1.734375
921600,1.734375
925696,1.734375
929792,1.734375
933888,1.734375
937984,1.734375
942080,1.734375
946176,1.734375
950272,1.734375
954368,1.734375
958464,1.734375
962560,4.00048828125
966656,5.1875
970752,5.1875
974848,5.1875
978944,5.1875
983040,5.1875
987136,5.1875
991232,5.1875
995328,5.1875
999424,5.1875
1003520,5.1875
1007616,5.1875
1011712,5.1875
1015808,5.1875
1019904,5.1875
1024000,5.1875
1028096,5.1875
1032192,5.1875
1036288,5.1875
1040384,5.1875
1044480,5.1875
1048576,5.1875
1052672,5.1875
1056768,5.1875
1060864,5.1875
1064960,5.1875
1069056,5.1875
1073152,5.1875
1077248,5.1875
1081344,5.1875
1085440,5.1875
1089536,5.1875
1093632,5.1875
1097728,5.1875
1101824,5.1875
1105920,5.1875
1110016,5.1875
1114112,5.1875
1118208,5.1875
1122304,5.1875
1126400,5.1875
1130496,5.1875
1134592,5.1875
1138688,5.1875
1142784,5.1875
1146880,5.1875
1150976,5.1875
1155072,5.1875
1159168,5.1875
1163264,5.1875
1167360,5.1875
1171456,5.1875
1175552,5.1875
1179648,5.1875
1183744,5.1875
1187840,5.1875
1191936,5.1875
1196032,5.1875
1200128,5.1875
1204224,5.1875
1208320,5.1875
1212416,5.1875
1216512,5.1875
1220608,5.1875
1224704,5.1875
1228800,5.1875
1232896,5.1875
1236992,5.1875
1241088,5.1875
1245184,5.1875
1249280,5.1875
1253376,5.1875
1257472,5.1875
1261568,5.1875
1265664,5.1875
1269760,5.1875
1273856,5.1875
1277952,5.1875
1282048,7.91845703125
1286144,10.328125
1290240,10.328125
1294336,10.328125
1298432,10.328125
1302528,10.328125
1306624,10.328125
1310720,10.328125
1314816,10.328125
1318912,10.328125
1323008,10.328125
1327104,10.328125
1331200,10.328125
1335296,10.328125
1339392,10.328125
1343488,10.328125
1347584,10.328125
1351680,10.328125
1355776,10.328125
1359872,10.328125
1363968,10.328125
1368064,10.328125
1372160,10.328125
1376256,10.328125
1380352,10.328125
1384448,10.328125
1388544,10.328125
1392640,10.328125
1396736,10.328125
1400832,10.328125
1404928,10.328125
1409024,10.328125
1413120,10.328125
1417216,10.328125
1421312,10.328125
1425408,10.328125
1429504,10.328125
1433600,10.328125
1437696,10.328125
1441792,10.328125
1445888,10.328125
1449984,10.328125
1454080,10.328125
1458176,10.328125
1462272,10.328125
1466368,10.328125
1470464,10.328125
1474560,10.328125
1478656,10.328125
1482752,10.328125
1486848,10.328125
1490944,10.328125
1495040,10.328125
1499136,10.328125
1503232,10.328125
1507328,10.328125
1511424,10.328125
1515520,10.328125
1519616,10.328125
1523712,10.328125
1527808,10.328125
1531904,10.328125
1536000,10.328125
1540096,10.328125
1544192,10.328125
1548288,10.328125
1552384,10.328125
1556480,10.328125
1560576,10.328125
1564672,10.328125
1568768,10.328125
1572864,10.328125
1576960,10.328125
1581056,10.328125
1585152,10.328125
1589248,10.328125
1593344,10.328125
1597440,10.328125
1601536,15.37451171875
1605632,22.75
1609728,22.75
1613824,22.75
1617920,22.75
1622016,22.75
1626112,22.75
1630208,22.75
1634304,22.75
1638400,22.75
1642496,22.75
1646592,22.75
1650688,22.75
1654784,22.75
1658880,22.75
1662976,22.75
1667072,22.75
1671168,22.75
1675264,22.75
1679360,22.75
1683456,22.75
1687552,22.75
1691648,22.75
1695744,22.75
1699840,22.75
1703936,22.75
1708032,22.75
1712128,22.75
1716224,22.75
1720320,22.75
1724416,22.75
1728512,22.75
1732608,22.75
1736704,22.75
1740800,22.75
1744896,22.75
1748992,22.75
1753088,22.75
1757184,22.75
1761280,22.75
1765376,22.75
1769472,22.75
1773568,22.75
1777664,22.75
1781760,22.75
1785856,22.75
1789952,22.75
1794048,22.75
1798144,22.75
1802240,22.75
1806336,22.75
1810432,22.75
1814528,22.75
1818624,22.75
1822720,22.75
1826816,22.75
1830912,22.75
1835008,22.75
1839104,22.75
1843200,22.75
1847296,22.75
1851392,22.75
1855488,22.75
1859584,22.75
1863680,22.75
1867776,22.75
1871872,22.75
1875968,22.75
1880064,22.75
1884160,22.75
1888256,22.75
1892352,22.75
1896448,22.75
1900544,22.75
1904640,22.75
1908736,22.75
1912832,22.75
1916928,22.75
1921024,26.746826171875
1925120,36.9609375
1929216,36.9609375
1933312,36.9609375
1937408,36.9609375
1941504,36.9609375
1945600,36.9609375
1949696,36.9609375
1953792,36.9609375
1957888,36.9609375
1961984,36.9609375
1966080,36.9609375
1970176,36.9609375
1974272,36.9609375
1978368,36.9609375
1982464,36.9609375
1986560,36.9609375
1990656,36.9609375
1994752,36.9609375
1998848,36.9609375
2002944,36.9609375
2007040,36.9609375
2011136,36.9609375
2015232,36.9609375
2019328,36.9609375
2023424,36.9609375
2027520,36.9609375
2031616,36.9609375
2035712,36.9609375
2039808,36.9609375
2043904,36.9609375
2048000,36.9609375
2052096,36.9609375
2056192,36.9609375
2060288,36.9609375
2064384,36.9609375
2068480,36.9609375
2072576,36.9609375
2076672,36.9609375
2080768,36.9609375
2084864,36.9609375
2088960,36.9609375
2093056,36.9609375
2097152,36.9609375
2101248,36.9609375
2105344,36.9609375
2109440,36.9609375
2113536,36.9609375
2117632,36.9609375
2121728,36.9609375
2125824,36.9609375
2129920,36.9609375
2134016,36.9609375
2138112,36.9609375
2142208,36.9609375
2146304,36.9609375
2150400,36.9609375
2154496,36.9609375
2158592,36.9609375
2162688,36.9609375
2166784,36.9609375
2170880,36.9609375
2174976,36.9609375
2179072,36.9609375
2183168,36.9609375
2187264,36.9609375
2191360,36.9609375
2195456,36.9609375
2199552,36.9609375
2203648,36.9609375
2207744,36.9609375
2211840,36.9609375
2215936,36.9609375
2220032,36.9609375
2224128,36.9609375
2228224,36.9609375
2232320,36.9609375
2236416,36.9609375
2240512,39.291259765625
2244608,51.875
2248704,51.875
2252800,51.875
2256896,51.875
2260992,51.875
2265088,51.875
2269184,51.875
2273280,51.875
2277376,51.875
2281472,51.875
2285568,51.875
2289664,51.875
2293760,51.875
2297856,51.875
2301952,51.875
2306048,51.875
2310144,51.875
2314240,51.875
2318336,51.875
2322432,51.875
2326528,51.875
2330624,51.875
2334720,51.875
2338816,51.875
2342912,51.875
2347008,51.875
2351104,51.875
2355200,51.875
2359296,51.875
2363392,51.875
2367488,51.875
2371584,51.875
2375680,51.875
2379776,51.875
2383872,51.875
2387968,51.875
2392064,51.875
2396160,51.875
2400256,51.875
2404352,51.875
2408448,51.875
2412544,51.875
2416640,51.875
2420736,51.875
2424832,51.875
2428928,51.875
2433024,51.875
2437120,51.875
2441216,51.875
2445312,51.875
2449408,51.875
2453504,51.875
2457600,51.875
2461696,51.875
2465792,51.875
2469888,51.875
2473984,51.875
2478080,51.875
2482176,51.875
2486272,51.875
2490368,51.875
2494464,51.875
2498560,51.875
2502656,51.875
2506752,51.875
2510848,51.875
2514944,51.875
2519040,51.875
2523136,51.875
2527232,51.875
2531328,51.875
2535424,51.875
2539520,51.875
2543616,51.875
2547712,51.875
2551808,51.875
2555904,51.875
2560000,51.945556640625
2564096,54.1328125
2568192,54.1328125
2572288,54.1328125
2576384,54.1328125
2580480,54.1328125
2584576,54.1328125
2588672,54.1328125
2592768,54.1328125
2596864,54.1328125
2600960,54.1328125
2605056,54.1328125
2609152,54.1328125
2613248,54.1328125
2617344,54.1328125
2621440,54.1328125
2625536,54.1328125
2629632,54.1328125
2633728,54.1328125
2637824,54.1328125
2641920,54.1328125
2646016,54.1328125
2650112,54.1328125
2654208,54.1328125
2658304,54.1328125
2662400,54.1328125
2666496,54.1328125
2670592,54.1328125
2674688,54.1328125
2678784,54.1328125
2682880,54.1328125
2686976,54.1328125
2691072,54.1328125
2695168,54.1328125
2699264,54.1328125
2703360,54.1328125
2707456,54.1328125
2711552,54.1328125
2715648,54.1328125
2719744,54.1328125
2723840,54.1328125
2727936,54.1328125
2732032,54.1328125
2736128,54.1328125
2740224,54.1328125
2744320,54.1328125
2748416,54.1328125
2752512,54.1328125
2756608,54.1328125
2760704,54.1328125
2764800,54.1328125
2768896,54.1328125
2772992,54.1328125
2777088,54.1328125
2781184,54.1328125
2785280,54.1328125
2789376,54.1328125
2793472,54.1328125
2797568,54.1328125
2801664,54.1328125
2805760,54.1328125
2809856,54.1328125
2813952,54.1328125
2818048,54.1328125
2822144,54.1328125
2826240,54.1328125
2830336,54.1328125
2834432,54.1328125
2838528,54.1328125
2842624,54.1328125
2846720,54.1328125
2850816,54.1328125
2854912,54.1328125
2859008,54.1328125
2863104,54.1328125
2867200,54.1328125
2871296,54.1328125
2875392,54.1328125
2879488,54.1328125
2883584,53.55224609375
2887680,53.4921875
2891776,53.4921875
2895872,53.4921875
2899968,53.4921875
2904064,53.4921875
2908160,53.4921875
2912256,53.4921875
2916352,53.4921875
2920448,53.4921875
2924544,53.4921875
2928640,53.4921875
2932736,53.4921875
2936832,53.4921875
2940928,53.4921875
2945024,53.4921875
2949120,53.4921875
2953216,53.4921875
2957312,53.4921875
2961408,53.4921875
2965504,53.4921875
2969600,53.4921875
2973696,53.4921875
2977792,53.4921875
2981888,53.4921875
2985984,53.4921875
2990080,53.4921875
2994176,53.4921875
2998272,53.4921875
3002368,53.4921875
3006464,53.4921875
3010560,53.4921875
3014656,53.4921875
3018752,53.4921875
3022848,53.4921875
3026944,53.4921875
3031040,53.4921875
3035136,53.4921875
3039232,53.4921875
3043328,53.4921875
3047424,53.4921875
3051520,53.4921875
3055616,53.4921875
3059712,53.4921875
3063808,53.4921875
3067904,53.4921875
3072000,53.4921875
3076096,53.4921875
3080192,53.4921875
3084288,53.4921875
3088384,53.4921875
3092480,53.4921875
3096576,53.4921875
3100672,53.4921875
3104768,53.4921875
3108864,53.4921875
3112960,53.4921875
3117056,53.4921875
3121152,53.4921875
3125248,53.4921875
3129344,53.4921875
3133440,53.4921875
3137536,53.4921875
3141632,53.4921875
3145728,53.4921875
3149824,53.4921875
3153920,53.4921875
3158016,53.4921875
3162112,53.4921875
3166208,53.4921875
3170304,53.4921875
3174400,53.4921875
3178496,53.4921875
3182592,53.4921875
3186688,53.4921875
3190784,53.4921875
3194880,53.4921875
3198976,53.4921875
3203072,54.535888671875
3207168,54.828125
3211264,54.828125
3215360,54.828125
3219456,54.828125
3223552,54.828125
3227648,54.828125
3231744,54.828125
3235840,54.828125
3239936,54.828125
3244032,54.828125
3248128,54.828125
3252224,54.828125
3256320,54.828125
3260416,54.828125
3264512,54.828125
3268608,54.828125
3272704,54.828125
3276800,54.828125
3280896,54.828125
3284992,54.828125
3289088,54.828125
3293184,54.828125
3297280,54.828125
3301376,54.828125
3305472,54.828125
3309568,54.828125
3313664,54.828125
3317760,54.828125
3321856,54.828125
3325952,54.828125
3330048,54.828125
3334144,54.828125
3338240,54.828125
3342336,54.828125
3346432,54.828125
3350528,54.828125
3354624,54.828125
3358720,54.828125
3362816,54.828125
3366912,54.828125
3371008,54.828125
3375104,54.828125
3379200,54.828125
3383296,54.828125
3387392,54.828125
3391488,54.828125
3395584,54.828125
3399680,54.828125
3403776,54.828125
3407872,54.828125
3411968,54.828125
3416064,54.828125
3420160,54.828125
3424256,54.828125
3428352,54.828125
3432448,54.828125
3436544,54.828125
3440640,54.828125
3444736,54.828125
3448832,54.828125
3452928,54.828125
3457024,54.828125
3461120,54.828125
3465216,54.828125
3469312,54.828125
3473408,54.828125
3477504,54.828125
3481600,54.828125
3485696,54.828125
3489792,54.828125
3493888,54.828125
3497984,54.828125
3502080,54.828125
3506176,54.828125
3510272,54.828125
3514368,54.828125
3518464,54.828125
3522560,53.9873046875
3526656,53.546875
3530752,53.546875
3534848,53.546875
3538944,53.546875
3543040,53.546875
3547136,53.546875
3551232,53.546875
3555328,53.546875
3559424,53.546875
3563520,53.546875
3567616,53.546875
3571712,53.546875
3575808,53.546875
3579904,53.546875
3584000,53.546875
3588096,53.546875
3592192,53.546875
3596288,53.546875
3600384,53.546875
3604480,53.546875
3608576,53.546875
3612672,53.546875
3616768,53.546875
3620864,53.546875
3624960,53.546875
3629056,53.546875
3633152,53.546875
3637248,53.546875
3641344,53.546875
3645440,53.546875
3649536,53.546875
3653632,53.546875
3657728,53.546875
3661824,53.546875
3665920,53.546875
3670016,53.546875
3674112,53.546875
3678208,53.546875
3682304,53.546875
3686400,53.546875
3690496,53.546875
3694592,53.546875
3698688,53.546875
3702784,53.546875
3706880,53.546875
3710976,53.546875
3715072,53.546875
3719168,53.546875
3723264,53.546875
3727360,53.546875
3731456,53.546875
3735552,53.546875
3739648,53.546875
3743744,53.546875
3747840,53.546875
3751936,53.546875
3756032,53.546875
3760128,53.546875
3764224,53.546875
3768320,53.546875
3772416,53.546875
3776512,53.546875
3780608,53.546875
3784704,53.546875
3788800,53.546875
3792896,53.546875
3796992,53.546875
3801088,53.546875
3805184,53.546875
3809280,53.546875
3813376,53.546875
3817472,53.546875
3821568,53.546875
3825664,53.546875
3829760,53.546875
3833856,53.546875
3837952,53.546875
3842048,53.93701171875
3846144,54.28125
3850240,54.28125
3854336,54.28125
3858432,54.28125
3862528,54.28125
3866624,54.28125
3870720,54.28125
3874816,54.28125
3878912,54.28125
3883008,54.28125
3887104,54.28125
3891200,54.28125
3895296,54.28125
3899392,54.28125
3903488,54.28125
3907584,54.28125
3911680,54.28125
3915776,54.28125
3919872,54.28125
3923968,54.28125
3928064,54.28125
3932160,54.28125
3936256,54.28125
3940352,54.28125
3944448,54.28125
3948544,54.28125
3952640,54.28125
3956736,54.28125
3960832,54.28125
3964928,54.28125
3969024,54.28125
3973120,54.28125
3977216,54.28125
3981312,54.28125
3985408,54.28125
3989504,54.28125
3993600,54.28125
3997696,54.28125
4001792,54.28125
4005888,54.28125
4009984,54.28125
4014080,54.28125
4018176,54.28125
4022272,54.28125
4026368,54.28125
4030464,54.28125
4034560,54.28125
4038656,54.28125
4042752,54.28125
4046848,54.28125
4050944,54.28125
4055040,54.28125
4059136,54.28125
4063232,54.28125
4067328,54.28125
4071424,54.28125
4075520,54.28125
4079616,54.28125
4083712,54.28125
4087808,54.28125
4091904,54.28125
4096000,54.28125
4100096,54.28125
4104192,54.28125
4108288,54.28125
4112384,54.28125
4116480,54.28125
4120576,54.28125
4124672,54.28125
4128768,54.28125
4132864,54.28125
4136960,54.28125
4141056,54.28125
4145152,54.28125
4149248,54.28125
4153344,54.28125
4157440,54.28125
4161536,54.519287109375
4165632,54.8671875
4169728,54.8671875
4173824,54.8671875
4177920,54.8671875
4182016,54.8671875
4186112,54.8671875
4190208,54.8671875
4194304,54.8671875
4198400,54.8671875
4202496,54.8671875
4206592,54.8671875
4210688,54.8671875
4214784,54.8671875
4218880,54.8671875
4222976,54.8671875
4227072,54.8671875
4231168,54.8671875
4235264,54.8671875
4239360,54.8671875
4243456,54.8671875
4247552,54.8671875
4251648,54.8671875
4255744,54.8671875
4259840,54.8671875
4263936,54.8671875
4268032,54.8671875
4272128,54.8671875
4276224,54.8671875
4280320,54.8671875
4284416,54.8671875
4288512,54.8671875
4292608,54.8671875
4296704,54.8671875
4300800,54.8671875
4304896,54.8671875
4308992,54.8671875
4313088,54.8671875
4317184,54.8671875
4321280,54.8671875
4325376,54.8671875
4329472,54.8671875
4333568,54.8671875
4337664,54.8671875
4341760,54.8671875
4345856,54.8671875
4349952,54.8671875
4354048,54.8671875
4358144,54.8671875
4362240,54.8671875
4366336,54.8671875
4370432,54.8671875
4374528,54.8671875
4378624,54.8671875
4382720,54.8671875
4386816,54.8671875
4390912,54.8671875
4395008,54.8671875
4399104,54.8671875
4403200,54.8671875
4407296,54.8671875
4411392,54.8671875
4415488,54.8671875
4419584,54.8671875
4423680,54.8671875
4427776,54.8671875
4431872,54.8671875
4435968,54.8671875
4440064,54.8671875
4444160,54.8671875
4448256,54.8671875
4452352,54.8671875
4456448,54.8671875
4460544,54.8671875
4464640,54.8671875
4468736,54.8671875
4472832,54.8671875
4476928,54.8671875
4481024,54.919921875
4485120,55.0546875
4489216,55.0546875
4493312,55.0546875
4497408,55.0546875
4501504,55.0546875
4505600,55.0546875
4509696,55.0546875
4513792,55.0546875
4517888,55.0546875
4521984,55.0546875
4526080,55.0546875
4530176,55.0546875
4534272,55.0546875
4538368,55.0546875
4542464,55.0546875
4546560,55.0546875
4550656,55.0546875
4554752,55.0546875
4558848,55.0546875
4562944,55.0546875
4567040,55.0546875
4571136,55.0546875
4575232,55.0546875
4579328,55.0546875
4583424,55.0546875
4587520,55.0546875
4591616,55.0546875
4595712,55.0546875
4599808,55.0546875
4603904,55.0546875
4608000,55.0546875
4612096,55.0546875
4616192,55.0546875
4620288,55.0546875
4624384,55.0546875
4628480,55.0546875
4632576,55.0546875
4636672,55.0546875
4640768,55.0546875
4644864,55.0546875
4648960,55.0546875
4653056,55.0546875
4657152,55.0546875
4661248,55.0546875
4665344,55.0546875
4669440,55.0546875
4673536,55.0546875
4677632,55.0546875
4681728,55.0546875
4685824,55.0546875
4689920,55.0546875
4694016,55.0546875
4698112,55.0546875
4702208,55.0546875
4706304,55.0546875
4710400,55.0546875
4714496,55.0546875
4718592,55.0546875
4722688,55.0546875
4726784,55.0546875
4730880,55.0546875
4734976,55.0546875
4739072,55.0546875
4743168,55.0546875
4747264,55.0546875
4751360,55.0546875
4755456,55.0546875
4759552,55.0546875
4763648,55.0546875
4767744,55.0546875
4771840,55.0546875
4775936,55.0546875
4780032,55.0546875
4784128,55.0546875
4788224,55.0546875
4792320,55.0546875
4796416,55.0546875
4800512,55.129150390625
4804608,55.53125
4808704,55.53125
4812800,55.53125
4816896,55.53125
4820992,55.53125
4825088,55.53125
4829184,55.53125
4833280,55.53125
4837376,55.53125
4841472,55.53125
4845568,55.53125
4849664,55.53125
4853760,55.53125
4857856,55.53125
4861952,55.53125
4866048,55.53125
4870144,55.53125
4874240,55.53125
4878336,55.53125
4882432,55.53125
4886528,55.53125
4890624,55.53125
4894720,55.53125
4898816,55.53125
4902912,55.53125
4907008,55.53125
4911104,55.53125
4915200,55.53125
4919296,55.53125
4923392,55.53125
4927488,55.53125
4931584,55.53125
4935680,55.53125
4939776,55.53125
4943872,55.53125
4947968,55.53125
4952064,55.53125
4956160,55.53125
4960256,55.53125
4964352,55.53125
4968448,55.53125
4972544,55.53125
4976640,55.53125
4980736,55.53125
4984832,55.53125
4988928,55.53125
4993024,55.53125
4997120,55.53125
5001216,55.53125
5005312,55.53125
5009408,55.53125
5013504,55.53125
5017600,55.53125
5021696,55.53125
5025792,55.53125
5029888,55.53125
5033984,55.53125
5038080,55.53125
5042176,55.53125
5046272,55.53125
5050368,55.53125
5054464,55.53125
5058560,55.53125
5062656,55.53125
5066752,55.53125
5070848,55.53125
5074944,55.53125
5079040,55.53125
5083136,55.53125
5087232,55.53125
5091328,55.53125
5095424,55.53125
5099520,55.53125
5103616,55.53125
5107712,55.53125
5111808,55.53125
5115904,55.53125
5120000,55.572265625
5124096,56.84375
5128192,56.84375
5132288,56.84375
5136384,56.84375
5140480,56.84375
5144576,56.84375
5148672,56.84375
5152768,56.84375
5156864,56.84375
5160960,56.84375
5165056,56.84375
5169152,56.84375
5173248,56.84375
5177344,56.84375
5181440,56.84375
5185536,56.84375
5189632,56.84375
5193728,56.84375
5197824,56.84375
5201920,56.84375
5206016,56.84375
5210112,56.84375
5214208,56.84375
5218304,56.84375
5222400,56.84375
5226496,56.84375
5230592,56.84375
5234688,56.84375
5238784,56.84375
5242880,56.84375
5246976,56.84375
5251072,56.84375
5255168,56.84375
5259264,56.84375
5263360,56.84375
5267456,56.84375
5271552,56.84375
5275648,56.84375
5279744,56.84375
5283840,56.84375
5287936,56.84375
5292032,56.84375
5296128,56.84375
5300224,56.84375
5304320,56.84375
5308416,56.84375
5312512,56.84375
5316608,56.84375
5320704,56.84375
5324800,56.84375
5328896,56.84375
5332992,56.84375
5337088,56.84375
5341184,56.84375
5345280,56.84375
5349376,56.84375
5353472,56.84375
5357568,56.84375
5361664,56.84375
5365760,56.84375
5369856,56.84375
5373952,56.84375
5378048,56.84375
5382144,56.84375
5386240,56.84375
5390336,56.84375
5394432,56.84375
5398528,56.84375
5402624,56.84375
5406720,56.84375
5410816,56.84375
5414912,56.84375
5419008,56.84375
5423104,56.84375
5427200,56.84375
5431296,56.84375
5435392,56.84375
5439488,56.84375
5443584,57.077392578125
5447680,57.1015625
5451776,57.1015625
5455872,57.1015625
5459968,57.1015625
5464064,57.1015625
5468160,57.1015625
5472256,57.1015625
5476352,57.1015625
5480448,57.1015625
5484544,57.1015625
5488640,57.1015625
5492736,57.1015625
5496832,57.1015625
5500928,57.1015625
5505024,57.1015625
5509120,57.1015625
5513216,57.1015625
5517312,57.1015625
5521408,57.1015625
5525504,57.1015625
5529600,57.1015625
5533696,57.1015625
5537792,57.1015625
5541888,57.1015625
5545984,57.1015625
5550080,57.1015625
5554176,57.1015625
5558272,57.1015625
5562368,57.1015625
5566464,57.1015625
5570560,57.1015625
5574656,57.1015625
5578752,57.1015625
5582848,57.1015625
5586944,57.1015625
5591040,57.1015625
5595136,57.1015625
5599232,57.1015625
5603328,57.1015625
5607424,57.1015625
5611520,57.1015625
5615616,57.1015625
5619712,57.1015625
5623808,57.1015625
5627904,57.1015625
5632000,57.1015625
5636096,57.1015625
5640192,57.1015625
5644288,57.1015625
5648384,57.1015625
5652480,57.1015625
5656576,57.1015625
5660672,57.1015625
5664768,57.1015625
5668864,57.1015625
5672960,57.1015625
5677056,57.1015625
5681152,57.1015625
5685248,57.1015625
5689344,57.1015625
5693440,57.1015625
5697536,57.1015625
5701632,57.1015625
5705728,57.1015625
5709824,57.1015625
5713920,57.1015625
5718016,57.1015625
5722112,57.1015625
5726208,57.1015625
5730304,57.1015625
5734400,57.1015625
5738496,57.1015625
5742592,57.1015625
5746688,57.1015625
5750784,57.1015625
5754880,57.1015625
5758976,57.1015625
5763072,55.28271484375
5767168,54.7734375
5771264,54.7734375
5775360,54.7734375
5779456,54.7734375
5783552,54.7734375
5787648,54.7734375
5791744,54.7734375
5795840,54.7734375
5799936,54.7734375
5804032,54.7734375
5808128,54.7734375
5812224,54.7734375
5816320,54.7734375
5820416,54.7734375
5824512,54.7734375
5828608,54.7734375
5832704,54.7734375
5836800,54.7734375
5840896,54.7734375
5844992,54.7734375
5849088,54.7734375
5853184,54.7734375
5857280,54.7734375
5861376,54.7734375
5865472,54.7734375
5869568,54.7734375
5873664,54.7734375
5877760,54.7734375
5881856,54.7734375
5885952,54.7734375
5890048,54.7734375
5894144,54.7734375
5898240,54.7734375
5902336,54.7734375
5906432,54.7734375
5910528,54.7734375
5914624,54.7734375
5918720,54.7734375
5922816,54.7734375
5926912,54.7734375
5931008,54.7734375
5935104,54.7734375
5939200,54.7734375
5943296,54.7734375
5947392,54.7734375
5951488,54.7734375
5955584,54.7734375
5959680,54.7734375
5963776,54.7734375
5967872,54.7734375
5971968,54.7734375
5976064,54.7734375
5980160,54.7734375
5984256,54.7734375
5988352,54.7734375
5992448,54.7734375
5996544,54.7734375
6000640,54.7734375
6004736,54.7734375
6008832,54.7734375
6012928,54.7734375
6017024,54.7734375
6021120,54.7734375
6025216,54.7734375
6029312,54.7734375
6033408,54.7734375
6037504,54.7734375
6041600,54.7734375
6045696,54.7734375
6049792,54.7734375
6053888,54.7734375
6057984,54.7734375
6062080,54.7734375
6066176,54.7734375
6070272,54.7734375
6074368,54.7734375
6078464,54.7734375
6082560,56.5986328125
6086656,57.5546875
6090752,57.5546875
6094848,57.5546875
6098944,57.5546875
6103040,57.5546875
6107136,57.5546875
6111232,57.5546875
6115328,57.5546875
6119424,57.5546875
6123520,57.5546875
6127616,57.5546875
6131712,57.5546875
6135808,57.5546875
6139904,57.5546875
6144000,57.5546875
6148096,57.5546875
6152192,57.5546875
6156288,57.5546875
6160384,57.5546875
6164480,57.5546875
6168576,57.5546875
6172672,57.5546875
6176768,57.5546875
6180864,57.5546875
6184960,57.5546875
6189056,57.5546875
6193152,57.5546875
6197248,57.5546875
6201344,57.5546875
6205440,57.5546875
6209536,57.5546875
6213632,57.5546875
6217728,57.5546875
6221824,57.5546875
6225920,57.5546875
6230016,57.5546875
6234112,57.5546875
6238208,57.5546875
6242304,57.5546875
6246400,57.5546875
6250496,57.5546875
6254592,57.5546875
6258688,57.5546875
6262784,57.5546875
6266880,57.5546875
6270976,57.5546875
6275072,57.5546875
6279168,57.5546875
6283264,57.5546875
6287360,57.5546875
6291456,57.5546875
6295552,57.5546875
6299648,57.5546875
6303744,57.5546875
6307840,57.5546875
6311936,57.5546875
6316032,57.5546875
6320128,57.5546875
6324224,57.5546875
6328320,57.5546875
6332416,57.5546875
6336512,57.5546875
6340608,57.5546875
6344704,57.5546875
6348800,57.5546875
6352896,57.5546875
6356992,57.5546875
6361088,57.5546875
6365184,57.5546875
6369280,57.5546875
6373376,57.5546875
6377472,57.5546875
6381568,57.5546875
6385664,57.5546875
6389760,57.5546875
6393856,57.5546875
6397952,57.5546875
6402048,57.052490234375
6406144,56.609375
6410240,56.609375
6414336,56.609375
6418432,56.609375
6422528,56.609375
6426624,56.609375
6430720,56.609375
6434816,56.609375
6438912,56.609375
6443008,56.609375
6447104,56.609375
6451200,56.609375
6455296,56.609375
6459392,56.609375
6463488,56.609375
6467584,56.609375
6471680,56.609375
6475776,56.609375
6479872,56.609375
6483968,56.609375
6488064,56.609375
6492160,56.609375
6496256,56.609375
6500352,56.609375
6504448,56.609375
6508544,56.609375
6512640,56.609375
6516736,56.609375
6520832,56.609375
6524928,56.609375
6529024,56.609375
6533120,56.609375
6537216,56.609375
6541312,56.609375
6545408,56.609375
6549504,56.609375
6553600,56.609375
6557696,56.609375
6561792,56.609375
6565888,56.609375
6569984,56.609375
6574080,56.609375
6578176,56.609375
6582272,56.609375
6586368,56.609375
6590464,56.609375
6594560,56.609375
6598656,56.609375
6602752,56.609375
6606848,56.609375
6610944,56.609375
6615040,56.609375
6619136,56.609375
6623232,56.609375
6627328,56.609375
6631424,56.609375
6635520,56.609375
6639616,56.609375
6643712,56.609375
6647808,56.609375
6651904,56.609375
6656000,56.609375
6660096,56.609375
6664192,56.609375
6668288,56.609375
6672384,56.609375
6676480,56.609375
6680576,56.609375
6684672,56.609375
6688768,56.609375
6692864,56.609375
6696960,56.609375
6701056,56.609375
6705152,56.609375
6709248,56.609375
6713344,56.609375
6717440,56.609375
6721536,55.793701171875
6725632,54.6015625
6729728,54.6015625
6733824,54.6015625
6737920,54.6015625
6742016,54.6015625
6746112,54.6015625
6750208,54.6015625
6754304,54.6015625
6758400,54.6015625
6762496,54.6015625
6766592,54.6015625
6770688,54.6015625
6774784,54.6015625
6778880,54.6015625
6782976,54.6015625
6787072,54.6015625
6791168,54.6015625
6795264,54.6015625
6799360,54.6015625
6803456,54.6015625
6807552,54.6015625
6811648,54.6015625
6815744,54.6015625
6819840,54.6015625
6823936,54.6015625
6828032,54.6015625
6832128,54.6015625
6836224,54.6015625
6840320,54.6015625
6844416,54.6015625
6848512,54.6015625
6852608,54.6015625
6856704,54.6015625
6860800,54.6015625
6864896,54.6015625
6868992,54.6015625
6873088,54.6015625
6877184,54.6015625
6881280,54.6015625
6885376,54.6015625
6889472,54.6015625
6893568,54.6015625
6897664,54.6015625
6901760,54.6015625
6905856,54.6015625
6909952,54.6015625
6914048,54.6015625
6918144,54.6015625
6922240,54.6015625
6926336,54.6015625
6930432,54.6015625
6934528,54.6015625
6938624,54.6015625
6942720,54.6015625
6946816,54.6015625
6950912,54.6015625
6955008,54.6015625
6959104,54.6015625
6963200,54.6015625
6967296,54.6015625
6971392,54.6015625
6975488,54.6015625
6979584,54.6015625
6983680,54.6015625
6987776,54.6015625
6991872,54.6015625
6995968,54.6015625
7000064,54.6015625
7004160,54.6015625
7008256,54.6015625
7012352,54.6015625
7016448,54.6015625
7020544,54.6015625
7024640,54.6015625
7028736,54.6015625
7032832,54.6015625
7036928,54.6015625
7041024,55.33984375
7045120,57.2265625
7049216,57.2265625
7053312,57.2265625
7057408,57.2265625
7061504,57.2265625
7065600,57.2265625
7069696,57.2265625
7073792,57.2265625
7077888,57.2265625
7081984,57.2265625
7086080,57.2265625
7090176,57.2265625
7094272,57.2265625
7098368,57.2265625
7102464,57.2265625
7106560,57.2265625
7110656,57.2265625
7114752,57.2265625
7118848,57.2265625
7122944,57.2265625
7127040,57.2265625
7131136,57.2265625
7135232,57.2265625
7139328,57.2265625
7143424,57.2265625
7147520,57.2265625
7151616,57.2265625
7155712,57.2265625
7159808,57.2265625
7163904,57.2265625
7168000,57.2265625
7172096,57.2265625
7176192,57.2265625
7180288,57.2265625
7184384,57.2265625
7188480,57.2265625
7192576,57.2265625
7196672,57.2265625
7200768,57.2265625
7204864,57.2265625
7208960,57.2265625
7213056,57.2265625
7217152,57.2265625
7221248,57.2265625
7225344,57.2265625
7229440,57.2265625
7233536,57.2265625
7237632,57.2265625
7241728,57.2265625
7245824,57.2265625
7249920,57.2265625
7254016,57.2265625
7258112,57.2265625
7262208,57.2265625
7266304,57.2265625
7270400,57.2265625
7274496,57.2265625
7278592,57.2265625
7282688,57.2265625
7286784,57.2265625
7290880,57.2265625
7294976,57.2265625
7299072,57.2265625
7303168,57.2265625
7307264,57.2265625
7311360,57.2265625
7315456,57.2265625
7319552,57.2265625
7323648,57.2265625
7327744,57.2265625
7331840,57.2265625
7335936,57.2265625
7340032,57.2265625
7344128,57.2265625
7348224,57.2265625
7352320,57.2265625
7356416,57.2265625
7360512,57.39013671875
7364608,58.2734375
7368704,58.2734375
7372800,58.2734375
7376896,58.2734375
7380992,58.2734375
7385088,58.2734375
7389184,58.2734375
7393280,58.2734375
7397376,58.2734375
7401472,58.2734375
7405568,58.2734375
7409664,58.2734375
7413760,58.2734375
7417856,58.2734375
7421952,58.2734375
7426048,58.2734375
7430144,58.2734375
7434240,58.2734375
7438336,58.2734375
7442432,58.2734375
7446528,58.2734375
7450624,58.2734375
7454720,58.2734375
7458816,58.2734375
7462912,58.2734375
7467008,58.2734375
7471104,58.2734375
7475200,58.2734375
7479296,58.2734375
7483392,58.2734375
7487488,58.2734375
7491584,58.2734375
7495680,58.2734375
7499776,58.2734375
7503872,58.2734375
7507968,58.2734375
7512064,58.2734375
7516160,58.2734375
7520256,58.2734375
7524352,58.2734375
7528448,58.2734375
7532544,58.2734375
7536640,58.2734375
7540736,58.2734375
7544832,58.2734375
7548928,58.2734375
7553024,58.2734375
7557120,58.2734375
7561216,58.2734375
7565312,58.2734375
7569408,58.2734375
7573504,58.2734375
7577600,58.2734375
7581696,58.2734375
7585792,58.2734375
7589888,58.2734375
7593984,58.2734375
7598080,58.2734375
7602176,58.2734375
7606272,58.2734375
7610368,58.2734375
7614464,58.2734375
7618560,58.2734375
7622656,58.2734375
7626752,58.2734375
7630848,58.2734375
7634944,58.2734375
7639040,58.2734375
7643136,58.2734375
7647232,58.2734375
7651328,58.2734375
7655424,58.2734375
7659520,58.2734375
7663616,58.2734375
7667712,58.2734375
7671808,58.2734375
7675904,58.2734375
7680000,58.28466796875
7684096,58.6328125
7688192,58.6328125
7692288,58.6328125
7696384,58.6328125
7700480,58.6328125
7704576,58.6328125
7708672,58.6328125
7712768,58.6328125
7716864,58.6328125
7720960,58.6328125
7725056,58.6328125
7729152,58.6328125
7733248,58.6328125
7737344,58.6328125
7741440,58.6328125
7745536,58.6328125
7749632,58.6328125
7753728,58.6328125
7757824,58.6328125
7761920,58.6328125
7766016,58.6328125
7770112,58.6328125
7774208,58.6328125
7778304,58.6328125
7782400,58.6328125
7786496,58.6328125
7790592,58.6328125
7794688,58.6328125
7798784,58.6328125
7802880,58.6328125
7806976,58.6328125
7811072,58.6328125
7815168,58.6328125
7819264,58.6328125
7823360,58.6328125
7827456,58.6328125
7831552,58.6328125
7835648,58.6328125
7839744,58.6328125
7843840,58.6328125
7847936,58.6328125
7852032,58.6328125
7856128,58.6328125
7860224,58.6328125
7864320,58.6328125
7868416,58.6328125
7872512,58.6328125
7876608,58.6328125
7880704,58.6328125
7884800,58.6328125
7888896,58.6328125
7892992,58.6328125
7897088,58.6328125
7901184,58.6328125
7905280,58.6328125
7909376,58.6328125
7913472,58.6328125
7917568,58.6328125
7921664,58.6328125
7925760,58.6328125
7929856,58.6328125
7933952,58.6328125
7938048,58.6328125
7942144,58.6328125
7946240,58.6328125
7950336,58.6328125
7954432,58.6328125
7958528,58.6328125
7962624,58.6328125
7966720,58.6328125
7970816,58.6328125
7974912,58.6328125
7979008,58.6328125
7983104,58.6328125
7987200,58.6328125
7991296,58.6328125
7995392,58.6328125
7999488,58.6328125
8003584,58.6611328125
8007680,58.6640625
8011776,58.6640625
8015872,58.6640625
8019968,58.6640625
8024064,58.6640625
8028160,58.6640625
8032256,58.6640625
8036352,58.6640625
8040448,58.6640625
8044544,58.6640625
8048640,58.6640625
8052736,58.6640625
8056832,58.6640625
8060928,58.6640625
8065024,58.6640625
8069120,58.6640625
8073216,58.6640625
8077312,58.6640625
8081408,58.6640625
8085504,58.6640625
8089600,58.6640625
8093696,58.6640625
8097792,58.6640625
8101888,58.6640625
8105984,58.6640625
8110080,58.6640625
8114176,58.6640625
8118272,58.6640625
8122368,58.6640625
8126464,58.6640625
8130560,58.6640625
8134656,58.6640625
8138752,58.6640625
8142848,58.6640625
8146944,58.6640625
8151040,58.6640625
8155136,58.6640625
8159232,58.6640625
8163328,58.6640625
8167424,58.6640625
8171520,58.6640625
8175616,58.6640625
8179712,58.6640625
8183808,58.6640625
8187904,58.6640625
8192000,58.6640625
8196096,58.6640625
8200192,58.6640625
8204288,58.6640625
8208384,58.6640625
8212480,58.6640625
8216576,58.6640625
8220672,58.6640625
8224768,58.6640625
8228864,58.6640625
8232960,58.6640625
8237056,58.6640625
8241152,58.6640625
8245248,58.6640625
8249344,58.6640625
8253440,58.6640625
8257536,58.6640625
8261632,58.6640625
8265728,58.6640625
8269824,58.6640625
8273920,58.6640625
8278016,58.6640625
8282112,58.6640625
8286208,58.6640625
8290304,58.6640625
8294400,58.6640625
8298496,58.6640625
8302592,58.6640625
8306688,58.6640625
8310784,58.6640625
8314880,58.6640625
8318976,58.6640625
8323072,56.363037109375
8327168,55.71875
8331264,55.71875
8335360,55.71875
8339456,55.71875
8343552,55.71875
8347648,55.71875
8351744,55.71875
8355840,55.71875
8359936,55.71875
8364032,55.71875
8368128,55.71875
8372224,55.71875
8376320,55.71875
8380416,55.71875
8384512,55.71875
8388608,55.71875
8392704,55.71875
8396800,55.71875
8400896,55.71875
8404992,55.71875
8409088,55.71875
8413184,55.71875
8417280,55.71875
8421376,55.71875
8425472,55.71875
8429568,55.71875
8433664,55.71875
8437760,55.71875
8441856,55.71875
8445952,55.71875
8450048,55.71875
8454144,55.71875
8458240,55.71875
8462336,55.71875
8466432,55.71875
8470528,55.71875
8474624,55.71875
8478720,55.71875
8482816,55.71875
8486912,55.71875
8491008,55.71875
8495104,55.71875
8499200,55.71875
8503296,55.71875
8507392,55.71875
8511488,55.71875
8515584,55.71875
8519680,55.71875
8523776,55.71875
8527872,55.71875
8531968,55.71875
8536064,55.71875
8540160,55.71875
8544256,55.71875
8548352,55.71875
8552448,55.71875
8556544,55.71875
8560640,55.71875
8564736,55.71875
8568832,55.71875
8572928,55.71875
8577024,55.71875
8581120,55.71875
8585216,55.71875
8589312,55.71875
8593408,55.71875
8597504,55.71875
8601600,55.71875
8605696,55.71875
8609792,55.71875
8613888,55.71875
8617984,55.71875
8622080,55.71875
8626176,55.71875
8630272,55.71875
8634368,55.71875
8638464,55.71875
8642560,57.06201171875
8646656,57.765625
8650752,57.765625
8654848,57.765625
8658944,57.765625
8663040,57.765625
8667136,57.765625
8671232,57.765625
8675328,57.765625
8679424,57.765625
8683520,57.765625
8687616,57.765625
8691712,57.765625
8695808,57.765625
8699904,57.765625
8704000,57.765625
8708096,57.765625
8712192,57.765625
8716288,57.765625
8720384,57.765625
8724480,57.765625
8728576,57.765625
8732672,57.765625
8736768,57.765625
8740864,57.765625
8744960,57.765625
8749056,57.765625
8753152,57.765625
8757248,57.765625
8761344,57.765625
8765440,57.765625
8769536,57.765625
8773632,57.765625
8777728,57.765625
8781824,57.765625
8785920,57.765625
8790016,57.765625
8794112,57.765625
8798208,57.765625
8802304,57.765625
8806400,57.765625
8810496,57.765625
8814592,57.765625
8818688,57.765625
8822784,57.765625
8826880,57.765625
8830976,57.765625
8835072,57.765625
8839168,57.765625
8843264,57.765625
8847360,57.765625
8851456,57.765625
8855552,57.765625
8859648,57.765625
8863744,57.765625
8867840,57.765625
8871936,57.765625
8876032,57.765625
8880128,57.765625
8884224,57.765625
8888320,57.765625
8892416,57.765625
8896512,57.765625
8900608,57.765625
8904704,57.765625
8908800,57.765625
8912896,57.765625
8916992,57.765625
8921088,57.765625
8925184,57.765625
8929280,57.765625
8933376,57.765625
8937472,57.765625
8941568,57.765625
8945664,57.765625
8949760,57.765625
8953856,57.765625
8957952,57.765625
8962048,58.085205078125
8966144,58.3671875
8970240,58.3671875
8974336,58.3671875
8978432,58.3671875
8982528,58.3671875
8986624,58.3671875
8990720,58.3671875
8994816,58.3671875
8998912,58.3671875
9003008,58.3671875
9007104,58.3671875
9011200,58.3671875
9015296,58.3671875
9019392,58.3671875
9023488,58.3671875
9027584,58.3671875
9031680,58.3671875
9035776,58.3671875
9039872,58.3671875
9043968,58.3671875
9048064,58.3671875
9052160,58.3671875
9056256,58.3671875
9060352,58.3671875
9064448,58.3671875
9068544,58.3671875
9072640,58.3671875
9076736,58.3671875
9080832,58.3671875
9084928,58.3671875
9089024,58.3671875
9093120,58.3671875
9097216,58.3671875
9101312,58.3671875
9105408,58.3671875
9109504,58.3671875
9113600,58.3671875
9117696,58.3671875
9121792,58.3671875
9125888,58.3671875
9129984,58.3671875
9134080,58.3671875
9138176,58.3671875
9142272,58.3671875
9146368,58.3671875
9150464,58.3671875
9154560,58.3671875
9158656,58.3671875
9162752,58.3671875
9166848,58.3671875
9170944,58.3671875
9175040,58.3671875
9179136,58.3671875
9183232,58.3671875
9187328,58.3671875
9191424,58.3671875
9195520,58.3671875
9199616,58.3671875
9203712,58.3671875
9207808,58.3671875
9211904,58.3671875
9216000,58.3671875
9220096,58.3671875
9224192,58.3671875
9228288,58.3671875
9232384,58.3671875
9236480,58.3671875
9240576,58.3671875
9244672,58.3671875
9248768,58.3671875
9252864,58.3671875
9256960,58.3671875
9261056,58.3671875
9265152,58.3671875
9269248,58.3671875
9273344,58.3671875
9277440,58.3671875
9281536,58.4052734375
9285632,58.4609375
9289728,58.4609375
9293824,58.4609375
9297920,58.4609375
9302016,58.4609375
9306112,58.4609375
9310208,58.4609375
9314304,58.4609375
9318400,58.4609375
9322496,58.4609375
9326592,58.4609375
9330688,58.4609375
9334784,58.4609375
9338880,58.4609375
9342976,58.4609375
9347072,58.4609375
9351168,58.4609375
9355264,58.4609375
9359360,58.4609375
9363456,58.4609375
9367552,58.4609375
9371648,58.4609375
9375744,58.4609375
9379840,58.4609375
9383936,58.4609375
9388032,58.4609375
9392128,58.4609375
9396224,58.4609375
9400320,58.4609375
9404416,58.4609375
9408512,58.4609375
9412608,58.4609375
9416704,58.4609375
9420800,58.4609375
9424896,58.4609375
9428992,58.4609375
9433088,58.4609375
9437184,58.4609375
9441280,58.4609375
9445376,58.4609375
9449472,58.4609375
9453568,58.4609375
9457664,58.4609375
9461760,58.4609375
9465856,58.4609375
9469952,58.4609375
9474048,58.4609375
9478144,58.4609375
9482240,58.4609375
9486336,58.4609375
9490432,58.4609375
9494528,58.4609375
9498624,58.4609375
9502720,58.4609375
9506816,58.4609375
9510912,58.4609375
9515008,58.4609375
9519104,58.4609375
9523200,58.4609375
9527296,58.4609375
9531392,58.4609375
9535488,58.4609375
9539584,58.4609375
9543680,58.4609375
9547776,58.4609375
9551872,58.4609375
9555968,58.4609375
9560064,58.4609375
9564160,58.4609375
9568256,58.4609375
9572352,58.4609375
9576448,58.4609375
9580544,58.4609375
9584640,58.4609375
9588736,58.4609375
9592832,58.4609375
9596928,58.4609375
9601024,58.340087890625
9605120,58.03125
9609216,58.03125
9613312,58.03125
9617408,58.03125
9621504,58.03125
9625600,58.03125
9629696,58.03125
9633792,58.03125
9637888,58.03125
9641984,58.03125
9646080,58.03125
9650176,58.03125
9654272,58.03125
9658368,58.03125
9662464,58.03125
9666560,58.03125
9670656,58.03125
9674752,58.03125
9678848,58.03125
9682944,58.03125
9687040,58.03125
9691136,58.03125
9695232,58.03125
9699328,58.03125
9703424,58.03125
9707520,58.03125
9711616,58.03125
9715712,58.03125
9719808,58.03125
9723904,58.03125
9728000,58.03125
9732096,58.03125
9736192,58.03125
9740288,58.03125
9744384,58.03125
9748480,58.03125
9752576,58.03125
9756672,58.03125
9760768,58.03125
9764864,58.03125
9768960,58.03125
9773056,58.03125
9777152,58.03125
9781248,58.03125
9785344,58.03125
9789440,58.03125
9793536,58.03125
9797632,58.03125
9801728,58.03125
9805824,58.03125
9809920,58.03125
9814016,58.03125
9818112,58.03125
9822208,58.03125
9826304,58.03125
9830400,58.03125
9834496,58.03125
9838592,58.03125
9842688,58.03125
9846784,58.03125
9850880,58.03125
9854976,58.03125
9859072,58.03125
9863168,58.03125
9867264,58.03125
9871360,58.03125
9875456,58.03125
9879552,58.03125
9883648,58.03125
9887744,58.03125
9891840,58.03125
9895936,58.03125
9900032,58.03125
9904128,58.03125
9908224,58.03125
9912320,58.03125
9916416,58.03125
9920512,58.149658203125
9924608,58.7890625
9928704,58.7890625
9932800,58.7890625
9936896,58.7890625
9940992,58.7890625
9945088,58.7890625
9949184,58.7890625
9953280,58.7890625
9957376,58.7890625
9961472,58.7890625
9965568,58.7890625
9969664,58.7890625
9973760,58.7890625
9977856,58.7890625
9981952,58.7890625
9986048,58.7890625
9990144,58.7890625
9994240,58.7890625
9998336,58.7890625
10002432,58.7890625
10006528,58.7890625
10010624,58.7890625
10014720,58.7890625
10018816,58.7890625
10022912,58.7890625
10027008,58.7890625
10031104,58.7890625
10035200,58.7890625
10039296,58.7890625
10043392,58.7890625
10047488,58.7890625
10051584,58.7890625
10055680,58.7890625
10059776,58.7890625
10063872,58.7890625
10067968,58.7890625
10072064,58.7890625
10076160,58.7890625
10080256,58.7890625
10084352,58.7890625
10088448,58.7890625
10092544,58.7890625
10096640,58.7890625
10100736,58.7890625
10104832,58.7890625
10108928,58.7890625
10113024,58.7890625
10117120,58.7890625
10121216,58.7890625
10125312,58.7890625
10129408,58.7890625
10133504,58.7890625
10137600,58.7890625
10141696,58.7890625
10145792,58.7890625
10149888,58.7890625
10153984,58.7890625
10158080,58.7890625
10162176,58.7890625
10166272,58.7890625
10170368,58.7890625
10174464,58.7890625
10178560,58.7890625
10182656,58.7890625
10186752,58.7890625
10190848,58.7890625
10194944,58.7890625
10199040,58.7890625
10203136,58.7890625
10207232,58.7890625
10211328,58.7890625
10215424,58.7890625
10219520,58.7890625
10223616,58.7890625
10227712,58.7890625
10231808,58.7890625
10235904,58.7890625
10240000,58.786865234375
10244096,58.71875
10248192,58.71875
10252288,58.71875
10256384,58.71875
10260480,58.71875
10264576,58.71875
10268672,58.71875
10272768,58.71875
10276864,58.71875
10280960,58.71875
10285056,58.71875
10289152,58.71875
10293248,58.71875
10297344,58.71875
10301440,58.71875
10305536,58.71875
10309632,58.71875
10313728,58.71875
10317824,58.71875
10321920,58.71875
10326016,58.71875
10330112,58.71875
10334208,58.71875
10338304,58.71875
10342400,58.71875
10346496,58.71875
10350592,58.71875
10354688,58.71875
10358784,58.71875
10362880,58.71875
10366976,58.71875
10371072,58.71875
10375168,58.71875
10379264,58.71875
10383360,58.71875
10387456,58.71875
10391552,58.71875
10395648,58.71875
10399744,58.71875
10403840,58.71875
10407936,58.71875
10412032,58.71875
10416128,58.71875
10420224,58.71875
10424320,58.71875
10428416,58.71875
10432512,58.71875
10436608,58.71875
10440704,58.71875
10444800,58.71875
10448896,58.71875
10452992,58.71875
10457088,58.71875
10461184,58.71875
10465280,58.71875
10469376,58.71875
10473472,58.71875
10477568,58.71875
10481664,58.71875
10485760,58.71875
10489856,58.71875
10493952,58.71875
10498048,58.71875
10502144,58.71875
10506240,58.71875
10510336,58.71875
10514432,58.71875
10518528,58.71875
10522624,58.71875
10526720,58.71875
10530816,58.71875
10534912,58.71875
10539008,58.71875
10543104,58.71875
10547200,58.71875
10551296,58.71875
10555392,58.71875
10559488,58.71875
10563584,59.15771484375
10567680,59.203125
10571776,59.203125
10575872,59.203125
10579968,59.203125
10584064,59.203125
10588160,59.203125
10592256,59.203125
10596352,59.203125
10600448,59.203125
10604544,59.203125
10608640,59.203125
10612736,59.203125
10616832,59.203125
10620928,59.203125
10625024,59.203125
10629120,59.203125
10633216,59.203125
10637312,59.203125
10641408,59.203125
10645504,59.203125
10649600,59.203125
10653696,59.203125
10657792,59.203125
10661888,59.203125
10665984,59.203125
10670080,59.203125
10674176,59.203125
10678272,59.203125
10682368,59.203125
10686464,59.203125
10690560,59.203125
10694656,59.203125
10698752,59.203125
10702848,59.203125
10706944,59.203125
10711040,59.203125
10715136,59.203125
10719232,59.203125
10723328,59.203125
10727424,59.203125
10731520,59.203125
10735616,59.203125
10739712,59.203125
10743808,59.203125
10747904,59.203125
10752000,59.203125
10756096,59.203125
10760192,59.203125
10764288,59.203125
10768384,59.203125
10772480,59.203125
10776576,59.203125
10780672,59.203125
10784768,59.203125
10788864,59.203125
10792960,59.203125
10797056,59.203125
10801152,59.203125
10805248,59.203125
10809344,59.203125
10813440,59.203125
10817536,59.203125
10821632,59.203125
10825728,59.203125
10829824,59.203125
10833920,59.203125
10838016,59.203125
10842112,59.203125
10846208,59.203125
10850304,59.203125
10854400,59.203125
10858496,59.203125
10862592,59.203125
10866688,59.203125
10870784,59.203125
10874880,59.203125
10878976,59.203125
10883072,58.67822265625
10887168,58.53125
10891264,58.53125
10895360,58.53125
10899456,58.53125
10903552,58.53125
10907648,58.53125
10911744,58.53125
10915840,58.53125
10919936,58.53125
10924032,58.53125
10928128,58.53125
10932224,58.53125
10936320,58.53125
10940416,58.53125
10944512,58.53125
10948608,58.53125
10952704,58.53125
10956800,58.53125
10960896,58.53125
10964992,58.53125
10969088,58.53125
10973184,58.53125
10977280,58.53125
10981376,58.53125
10985472,58.53125
10989568,58.53125
10993664,58.53125
10997760,58.53125
11001856,58.53125
11005952,58.53125
11010048,58.53125
11014144,58.53125
11018240,58.53125
11022336,58.53125
11026432,58.53125
11030528,58.53125
11034624,58.53125
11038720,58.53125
11042816,58.53125
11046912,58.53125
11051008,58.53125
11055104,58.53125
11059200,58.53125
11063296,58.53125
11067392,58.53125
11071488,58.53125
11075584,58.53125
11079680,58.53125
11083776,58.53125
11087872,58.53125
11091968,58.53125
11096064,58.53125
11100160,58.53125
11104256,58.53125
11108352,58.53125
11112448,58.53125
11116544,58.53125
11120640,58.53125
11124736,58.53125
11128832,58.53125
11132928,58.53125
11137024,58.53125
11141120,58.53125
11145216,58.53125
11149312,58.53125
11153408,58.53125
11157504,58.53125
11161600,58.53125
11165696,58.53125
11169792,58.53125
11173888,58.53125
11177984,58.53125
11182080,58.53125
11186176,58.53125
11190272,58.53125
11194368,58.53125
11198464,58.53125
11202560,57.80322265625
11206656,57.421875
11210752,57.421875
11214848,57.421875
11218944,57.421875
11223040,57.421875
11227136,57.421875
11231232,57.421875
11235328,57.421875
11239424,57.421875
11243520,57.421875
11247616,57.421875
11251712,57.421875
11255808,57.421875
11259904,57.421875
11264000,57.421875
11268096,57.421875
11272192,57.421875
11276288,57.421875
11280384,57.421875
11284480,57.421875
11288576,57.421875
11292672,57.421875
11296768,57.421875
11300864,57.421875
11304960,57.421875
11309056,57.421875
11313152,57.421875
11317248,57.421875
11321344,57.421875
11325440,57.421875
11329536,57.421875
11333632,57.421875
11337728,57.421875
11341824,57.421875
11345920,57.421875
11350016,57.421875
11354112,57.421875
11358208,57.421875
11362304,57.421875
11366400,57.421875
11370496,57.421875
11374592,57.421875
11378688,57.421875
11382784,57.421875
11386880,57.421875
11390976,57.421875
11395072,57.421875
11399168,57.421875
11403264,57.421875
11407360,57.421875
11411456,57.421875
11415552,57.421875
11419648,57.421875
11423744,57.421875
11427840,57.421875
11431936,57.421875
11436032,57.421875
11440128,57.421875
11444224,57.421875
11448320,57.421875
11452416,57.421875
11456512,57.421875
11460608,57.421875
11464704,57.421875
11468800,57.421875
11472896,57.421875
11476992,57.421875
11481088,57.421875
11485184,57.421875
11489280,57.421875
11493376,57.421875
11497472,57.421875
11501568,57.421875
11505664,57.421875
11509760,57.421875
11513856,57.421875
11517952,57.421875
11522048,57.189453125
11526144,56.984375
11530240,56.984375
11534336,56.984375
11538432,56.984375
11542528,56.984375
11546624,56.984375
11550720,56.984375
11554816,56.984375
11558912,56.984375
11563008,56.984375
11567104,56.984375
11571200,56.984375
11575296,56.984375
11579392,56.984375
11583488,56.984375
11587584,56.984375
11591680,56.984375
11595776,56.984375
11599872,56.984375
11603968,56.984375
11608064,56.984375
11612160,56.984375
11616256,56.984375
11620352,56.984375
11624448,56.984375
11628544,56.984375
11632640,56.984375
11636736,56.984375
11640832,56.984375
11644928,56.984375
11649024,56.984375
11653120,56.984375
11657216,56.984375
11661312,56.984375
11665408,56.984375
11669504,56.984375
11673600,56.984375
11677696,56.984375
11681792,56.984375
11685888,56.984375
11689984,56.984375
11694080,56.984375
11698176,56.984375
11702272,56.984375
11706368,56.984375
11710464,56.984375
11714560,56.984375
11718656,56.984375
11722752,56.984375
11726848,56.984375
11730944,56.984375
11735040,56.984375
11739136,56.984375
11743232,56.984375
11747328,56.984375
11751424,56.984375
11755520,56.984375
11759616,56.984375
11763712,56.984375
11767808,56.984375
11771904,56.984375
11776000,56.984375
11780096,56.984375
11784192,56.984375
11788288,56.984375
11792384,56.984375
11796480,56.984375
11800576,56.984375
11804672,56.984375
11808768,56.984375
11812864,56.984375
11816960,56.984375
11821056,56.984375
11825152,56.984375
11829248,56.984375
11833344,56.984375
11837440,56.984375
11841536,57.723876953125
11845632,58.8046875
11849728,58.8046875
11853824,58.8046875
11857920,58.8046875
11862016,58.8046875
11866112,58.8046875
11870208,58.8046875
11874304,58.8046875
11878400,58.8046875
11882496,58.8046875
11886592,58.8046875
11890688,58.8046875
11894784,58.8046875
11898880,58.8046875
11902976,58.8046875
11907072,58.8046875
11911168,58.8046875
11915264,58.8046875
11919360,58.8046875
11923456,58.8046875
11927552,58.8046875
11931648,58.8046875
11935744,58.8046875
11939840,58.8046875
11943936,58.8046875
11948032,58.8046875
11952128,58.8046875
11956224,58.8046875
11960320,58.8046875
11964416,58.8046875
11968512,58.8046875
11972608,58.8046875
11976704,58.8046875
11980800,58.8046875
11984896,58.8046875
11988992,58.8046875
11993088,58.8046875
11997184,58.8046875
12001280,58.8046875
12005376,58.8046875
12009472,58.8046875
12013568,58.8046875
12017664,58.8046875
12021760,58.8046875
12025856,58.8046875
12029952,58.8046875
12034048,58.8046875
12038144,58.8046875
12042240,58.8046875
12046336,58.8046875
12050432,58.8046875
12054528,58.8046875
12058624,58.8046875
12062720,58.8046875
12066816,58.8046875
12070912,58.8046875
12075008,58.8046875
12079104,58.8046875
12083200,58.8046875
12087296,58.8046875
12091392,58.8046875
12095488,58.8046875
12099584,58.8046875
12103680,58.8046875
12107776,58.8046875
12111872,58.8046875
12115968,58.8046875
12120064,58.8046875
12124160,58.8046875
12128256,58.8046875
12132352,58.8046875
12136448,58.8046875
12140544,58.8046875
12144640,58.8046875
12148736,58.8046875
12152832,58.8046875
12156928,58.8046875
12161024,58.58935546875
12165120,58.0390625
12169216,58.0390625
12173312,58.0390625
12177408,58.0390625
12181504,58.0390625
12185600,58.0390625
12189696,58.0390625
12193792,58.0390625
12197888,58.0390625
12201984,58.0390625
12206080,58.0390625
12210176,58.0390625
12214272,58.0390625
12218368,58.0390625
12222464,58.0390625
12226560,58.0390625
12230656,58.0390625
12234752,58.0390625
12238848,58.0390625
12242944,58.0390625
12247040,58.0390625
12251136,58.0390625
12255232,58.0390625
12259328,58.0390625
12263424,58.0390625
12267520,58.0390625
12271616,58.0390625
12275712,58.0390625
12279808,58.0390625
12283904,58.0390625
12288000,58.0390625
12292096,58.0390625
12296192,58.0390625
12300288,58.0390625
12304384,58.0390625
12308480,58.0390625
12312576,58.0390625
12316672,58.0390625
12320768,58.0390625
12324864,58.0390625
12328960,58.0390625
12333056,58.0390625
12337152,58.0390625
12341248,58.0390625
12345344,58.0390625
12349440,58.0390625
12353536,58.0390625
12357632,58.0390625
12361728,58.0390625
12365824,58.0390625
12369920,58.0390625
12374016,58.0390625
12378112,58.0390625
12382208,58.0390625
12386304,58.0390625
12390400,58.0390625
12394496,58.0390625
12398592,58.0390625
12402688,58.0390625
12406784,58.0390625
12410880,58.0390625
12414976,58.0390625
12419072,58.0390625
12423168,58.0390625
12427264,58.0390625
12431360,58.0390625
12435456,58.0390625
12439552,58.0390625
12443648,58.0390625
12447744,58.0390625
12451840,58.0390625
12455936,58.0390625
12460032,58.0390625
12464128,58.0390625
12468224,58.0390625
12472320,58.0390625
12476416,58.0390625
12480512,58.135498046875
12484608,58.65625
12488704,58.65625
12492800,58.65625
12496896,58.65625
12500992,58.65625
12505088,58.65625
12509184,58.65625
12513280,58.65625
12517376,58.65625
12521472,58.65625
12525568,58.65625
12529664,58.65625
12533760,58.65625
12537856,58.65625
12541952,58.65625
12546048,58.65625
12550144,58.65625
12554240,58.65625
12558336,58.65625
12562432,58.65625
12566528,58.65625
12570624,58.65625
12574720,58.65625
12578816,58.65625
12582912,58.65625
12587008,58.65625
12591104,58.65625
12595200,58.65625
12599296,58.65625
12603392,58.65625
12607488,58.65625
12611584,58.65625
12615680,58.65625
12619776,58.65625
12623872,58.65625
12627968,58.65625
12632064,58.65625
12636160,58.65625
12640256,58.65625
12644352,58.65625
12648448,58.65625
12652544,58.65625
12656640,58.65625
12660736,58.65625
12664832,58.65625
12668928,58.65625
12673024,58.65625
12677120,58.65625
12681216,58.65625
12685312,58.65625
12689408,58.65625
12693504,58.65625
12697600,58.65625
12701696,58.65625
12705792,58.65625
12709888,58.65625
12713984,58.65625
12718080,58.65625
12722176,58.65625
12726272,58.65625
12730368,58.65625
12734464,58.65625
12738560,58.65625
12742656,58.65625
12746752,58.65625
12750848,58.65625
12754944,58.65625
12759040,58.65625
12763136,58.65625
12767232,58.65625
12771328,58.65625
12775424,58.65625
12779520,58.65625
12783616,58.65625
12787712,58.65625
12791808,58.65625
12795904,58.65625
12800000,58.6826171875
12804096,59.5
12808192,59.5
12812288,59.5
12816384,59.5
12820480,59.5
12824576,59.5
12828672,59.5
12832768,59.5
12836864,59.5
12840960,59.5
12845056,59.5
12849152,59.5
12853248,59.5
12857344,59.5
12861440,59.5
12865536,59.5
12869632,59.5
12873728,59.5
12877824,59.5
12881920,59.5
12886016,59.5
12890112,59.5
12894208,59.5
12898304,59.5
12902400,59.5
12906496,59.5
12910592,59.5
12914688,59.5
12918784,59.5
12922880,59.5
12926976,59.5
12931072,59.5
12935168,59.5
12939264,59.5
12943360,59.5
12947456,59.5
12951552,59.5
12955648,59.5
12959744,59.5
12963840,59.5
12967936,59.5
12972032,59.5
12976128,59.5
12980224,59.5
12984320,59.5
12988416,59.5
12992512,59.5
12996608,59.5
13000704,59.5
13004800,59.5
13008896,59.5
13012992,59.5
13017088,59.5
13021184,59.5
13025280,59.5
13029376,59.5
13033472,59.5
13037568,59.5
13041664,59.5
13045760,59.5
13049856,59.5
13053952,59.5
13058048,59.5
13062144,59.5
13066240,59.5
13070336,59.5
13074432,59.5
13078528,59.5
13082624,59.5
13086720,59.5
13090816,59.5
13094912,59.5
13099008,59.5
13103104,59.5
13107200,59.5
13111296,59.5
13115392,59.5
13119488,59.5
13123584,59.761962890625
13127680,59.7890625
13131776,59.7890625
13135872,59.7890625
13139968,59.7890625
13144064,59.7890625
13148160,59.7890625
13152256,59.7890625
13156352,59.7890625
13160448,59.7890625
13164544,59.7890625
13168640,59.7890625
13172736,59.7890625
13176832,59.7890625
13180928,59.7890625
13185024,59.7890625
13189120,59.7890625
13193216,59.7890625
13197312,59.7890625
13201408,59.7890625
13205504,59.7890625
13209600,59.7890625
13213696,59.7890625
13217792,59.7890625
13221888,59.7890625
13225984,59.7890625
13230080,59.7890625
13234176,59.7890625
13238272,59.7890625
13242368,59.7890625
13246464,59.7890625
13250560,59.7890625
13254656,59.7890625
13258752,59.7890625
13262848,59.7890625
13266944,59.7890625
13271040,59.7890625
13275136,59.7890625
13279232,59.7890625
13283328,59.7890625
13287424,59.7890625
13291520,59.7890625
13295616,59.7890625
13299712,59.7890625
13303808,59.7890625
13307904,59.7890625
13312000,59.7890625
13316096,59.7890625
13320192,59.7890625
13324288,59.7890625
13328384,59.7890625
13332480,59.7890625
13336576,59.7890625
13340672,59.7890625
13344768,59.7890625
13348864,59.7890625
13352960,59.7890625
13357056,59.7890625
13361152,59.7890625
13365248,59.7890625
13369344,59.7890625
13373440,59.7890625
13377536,59.7890625
13381632,59.7890625
13385728,59.7890625
13389824,59.7890625
13393920,59.7890625
13398016,59.7890625
13402112,59.7890625
13406208,59.7890625
13410304,59.7890625
13414400,59.7890625
13418496,59.7890625
13422592,59.7890625
13426688,59.7890625
13430784,59.7890625
13434880,59.7890625
13438976,59.7890625
13443072,58.293701171875
13447168,57.875
13451264,57.875
13455360,57.875
13459456,57.875
13463552,57.875
13467648,57.875
13471744,57.875
13475840,57.875
13479936,57.875
13484032,57.875
13488128,57.875
13492224,57.875
13496320,57.875
13500416,57.875
13504512,57.875
13508608,57.875
13512704,57.875
13516800,57.875
13520896,57.875
13524992,57.875
13529088,57.875
13533184,57.875
13537280,57.875
13541376,57.875
13545472,57.875
13549568,57.875
13553664,57.875
13557760,57.875
13561856,57.875
13565952,57.875
13570048,57.875
13574144,57.875
13578240,57.875
13582336,57.875
13586432,57.875
13590528,57.875
13594624,57.875
13598720,57.875
13602816,57.875
13606912,57.875
13611008,57.875
13615104,57.875
13619200,57.875
13623296,57.875
13627392,57.875
13631488,57.875
13635584,57.875
13639680,57.875
13643776,57.875
13647872,57.875
13651968,57.875
13656064,57.875
13660160,57.875
13664256,57.875
13668352,57.875
13672448,57.875
13676544,57.875
13680640,57.875
13684736,57.875
13688832,57.875
13692928,57.875
13697024,57.875
13701120,57.875
13705216,57.875
13709312,57.875
13713408,57.875
13717504,57.875
13721600,57.875
13725696,57.875
13729792,57.875
13733888,57.875
13737984,57.875
13742080,57.875
13746176,57.875
13750272,57.875
13754368,57.875
13758464,57.875
13762560,58.21337890625
13766656,58.390625
13770752,58.390625
13774848,58.390625
13778944,58.390625
13783040,58.390625
13787136,58.390625
13791232,58.390625
13795328,58.390625
13799424,58.390625
13803520,58.390625
13807616,58.390625
13811712,58.390625
13815808,58.390625
13819904,58.390625
13824000,58.390625
13828096,58.390625
13832192,58.390625
13836288,58.390625
13840384,58.390625
13844480,58.390625
13848576,58.390625
13852672,58.390625
13856768,58.390625
13860864,58.390625
13864960,58.390625
13869056,58.390625
13873152,58.390625
13877248,58.390625
13881344,58.390625
13885440,58.390625
13889536,58.390625
13893632,58.390625
13897728,58.390625
13901824,58.390625
13905920,58.390625
13910016,58.390625
13914112,58.390625
13918208,58.390625
13922304,58.390625
13926400,58.390625
13930496,58.390625
13934592,58.390625
13938688,58.390625
13942784,58.390625
13946880,58.390625
13950976,58.390625
13955072,58.390625
13959168,58.390625
13963264,58.390625
13967360,58.390625
13971456,58.390625
13975552,58.390625
13979648,58.390625
13983744,58.390625
13987840,58.390625
13991936,58.390625
13996032,58.390625
14000128,58.390625
14004224,58.390625
14008320,58.390625
14012416,58.390625
14016512,58.390625
14020608,58.390625
14024704,58.390625
14028800,58.390625
14032896,58.390625
14036992,58.390625
14041088,58.390625
14045184,58.390625
14049280,58.390625
14053376,58.390625
14057472,58.390625
14061568,58.390625
14065664,58.390625
14069760,58.390625
14073856,58.390625
14077952,58.390625
14082048,58.793212890625
14086144,59.1484375
14090240,59.1484375
14094336,59.1484375
14098432,59.1484375
14102528,59.1484375
14106624,59.1484375
14110720,59.1484375
14114816,59.1484375
14118912,59.1484375
14123008,59.1484375
14127104,59.1484375
14131200,59.1484375
14135296,59.1484375
14139392,59.1484375
14143488,59.1484375
14147584,59.1484375
14151680,59.1484375
14155776,59.1484375
14159872,59.1484375
14163968,59.1484375
14168064,59.1484375
14172160,59.1484375
14176256,59.1484375
14180352,59.1484375
14184448,59.1484375
14188544,59.1484375
14192640,59.1484375
14196736,59.1484375
14200832,59.1484375
14204928,59.1484375
14209024,59.1484375
14213120,59.1484375
14217216,59.1484375
14221312,59.1484375
14225408,59.1484375
14229504,59.1484375
14233600,59.1484375
14237696,59.1484375
14241792,59.1484375
14245888,59.1484375
14249984,59.1484375
14254080,59.1484375
14258176,59.1484375
14262272,59.1484375
14266368,59.1484375
14270464,59.1484375
14274560,59.1484375
14278656,59.1484375
14282752,59.1484375
14286848,59.1484375
14290944,59.1484375
14295040,59.1484375
14299136,59.1484375
14303232,59.1484375
14307328,59.1484375
14311424,59.1484375
14315520,59.1484375
14319616,59.1484375
14323712,59.1484375
14327808,59.1484375
14331904,59.1484375
14336000,59.1484375
14340096,59.1484375
14344192,59.1484375
14348288,59.1484375
14352384,59.1484375
14356480,59.1484375
14360576,59.1484375
14364672,59.1484375
14368768,59.1484375
14372864,59.1484375
14376960,59.1484375
14381056,59.1484375
14385152,59.1484375
14389248,59.1484375
14393344,59.1484375
14397440,59.1484375
14401536,59.26904296875
14405632,59.4453125
14409728,59.4453125
14413824,59.4453125
14417920,59.4453125
14422016,59.4453125
14426112,59.4453125
14430208,59.4453125
14434304,59.4453125
14438400,59.4453125
14442496,59.4453125
14446592,59.4453125
14450688,59.4453125
14454784,59.4453125
14458880,59.4453125
14462976,59.4453125
14467072,59.4453125
14471168,59.4453125
14475264,59.4453125
14479360,59.4453125
14483456,59.4453125
14487552,59.4453125
14491648,59.4453125
14495744,59.4453125
14499840,59.4453125
14503936,59.4453125
14508032,59.4453125
14512128,59.4453125
14516224,59.4453125
14520320,59.4453125
14524416,59.4453125
14528512,59.4453125
14532608,59.4453125
14536704,59.4453125
14540800,59.4453125
14544896,59.4453125
14548992,59.4453125
14553088,59.4453125
14557184,59.4453125
14561280,59.4453125
14565376,59.4453125
14569472,59.4453125
14573568,59.4453125
14577664,59.4453125
14581760,59.4453125
14585856,59.4453125
14589952,59.4453125
14594048,59.4453125
14598144,59.4453125
14602240,59.4453125
14606336,59.4453125
14610432,59.4453125
14614528,59.4453125
14618624,59.4453125
14622720,59.4453125
14626816,59.4453125
14630912,59.4453125
14635008,59.4453125
14639104,59.4453125
14643200,59.4453125
14647296,59.4453125
14651392,59.4453125
14655488,59.4453125
14659584,59.4453125
14663680,59.4453125
14667776,59.4453125
14671872,59.4453125
14675968,59.4453125
14680064,59.4453125
14684160,59.4453125
14688256,59.4453125
14692352,59.4453125
14696448,59.4453125
14700544,59.4453125
14704640,59.4453125
14708736,59.4453125
14712832,59.4453125
14716928,59.4453125
14721024,59.4541015625
14725120,59.4765625
14729216,59.4765625
14733312,59.4765625
14737408,59.4765625
14741504,59.4765625
14745600,59.4765625
14749696,59.4765625
14753792,59.4765625
14757888,59.4765625
14761984,59.4765625
14766080,59.4765625
14770176,59.4765625
14774272,59.4765625
14778368,59.4765625
14782464,59.4765625
14786560,59.4765625
14790656,59.4765625
14794752,59.4765625
14798848,59.4765625
14802944,59.4765625
14807040,59.4765625
14811136,59.4765625
14815232,59.4765625
14819328,59.4765625
14823424,59.4765625
14827520,59.4765625
14831616,59.4765625
14835712,59.4765625
14839808,59.4765625
14843904,59.4765625
14848000,59.4765625
14852096,59.4765625
14856192,59.4765625
14860288,59.4765625
14864384,59.4765625
14868480,59.4765625
14872576,59.4765625
14876672,59.4765625
14880768,59.4765625
14884864,59.4765625
14888960,59.4765625
14893056,59.4765625
14897152,59.4765625
14901248,59.4765625
14905344,59.4765625
14909440,59.4765625
14913536,59.4765625
14917632,59.4765625
14921728,59.4765625
14925824,59.4765625
14929920,59.4765625
14934016,59.4765625
14938112,59.4765625
14942208,59.4765625
14946304,59.4765625
14950400,59.4765625
14954496,59.4765625
14958592,59.4765625
14962688,59.4765625
14966784,59.4765625
14970880,59.4765625
14974976,59.4765625
14979072,59.4765625
14983168,59.4765625
14987264,59.4765625
14991360,59.4765625
14995456,59.4765625
14999552,59.4765625
15003648,59.4765625
15007744,59.4765625
15011840,59.4765625
15015936,59.4765625
15020032,59.4765625
15024128,59.4765625
15028224,59.4765625
15032320,59.4765625
15036416,59.4765625
15040512,59.548583984375
15044608,59.9375
15048704,59.9375
15052800,59.9375
15056896,59.9375
15060992,59.9375
15065088,59.9375
15069184,59.9375
15073280,59.9375
15077376,59.9375
15081472,59.9375
15085568,59.9375
15089664,59.9375
15093760,59.9375
15097856,59.9375
15101952,59.9375
15106048,59.9375
15110144,59.9375
15114240,59.9375
15118336,59.9375
15122432,59.9375
15126528,59.9375
15130624,59.9375
15134720,59.9375
15138816,59.9375
15142912,59.9375
15147008,59.9375
15151104,59.9375
15155200,59.9375
15159296,59.9375
15163392,59.9375
15167488,59.9375
15171584,59.9375
15175680,59.9375
15179776,59.9375
15183872,59.9375
15187968,59.9375
15192064,59.9375
15196160,59.9375
15200256,59.9375
15204352,59.9375
15208448,59.9375
15212544,59.9375
15216640,59.9375
15220736,59.9375
15224832,59.9375
15228928,59.9375
15233024,59.9375
15237120,59.9375
15241216,59.9375
15245312,59.9375
15249408,59.9375
15253504,59.9375
15257600,59.9375
15261696,59.9375
15265792,59.9375
15269888,59.9375
15273984,59.9375
15278080,59.9375
15282176,59.9375
15286272,59.9375
15290368,59.9375
15294464,59.9375
15298560,59.9375
15302656,59.9375
15306752,59.9375
15310848,59.9375
15314944,59.9375
15319040,59.9375
15323136,59.9375
15327232,59.9375
15331328,59.9375
15335424,59.9375
15339520,59.9375
15343616,59.9375
15347712,59.9375
15351808,59.9375
15355904,59.9375
15360000,59.9443359375
15364096,60.15625
15368192,60.15625
15372288,60.15625
15376384,60.15625
15380480,60.15625
15384576,60.15625
15388672,60.15625
15392768,60.15625
15396864,60.15625
15400960,60.15625
15405056,60.15625
15409152,60.15625
15413248,60.15625
15417344,60.15625
15421440,60.15625
15425536,60.15625
15429632,60.15625
15433728,60.15625
15437824,60.15625
15441920,60.15625
15446016,60.15625
15450112,60.15625
15454208,60.15625
15458304,60.15625
15462400,60.15625
15466496,60.15625
15470592,60.15625
15474688,60.15625
15478784,60.15625
15482880,60.15625
15486976,60.15625
15491072,60.15625
15495168,60.15625
15499264,60.15625
15503360,60.15625
15507456,60.15625
15511552,60.15625
15515648,60.15625
15519744,60.15625
15523840,60.15625
15527936,60.15625
15532032,60.15625
15536128,60.15625
15540224,60.15625
15544320,60.15625
15548416,60.15625
15552512,60.15625
15556608,60.15625
15560704,60.15625
15564800,60.15625
15568896,60.15625
15572992,60.15625
15577088,60.15625
15581184,60.15625
15585280,60.15625
15589376,60.15625
15593472,60.15625
15597568,60.15625
15601664,60.15625
15605760,60.15625
15609856,60.15625
15613952,60.15625
15618048,60.15625
15622144,60.15625
15626240,60.15625
15630336,60.15625
15634432,60.15625
15638528,60.15625
15642624,60.15625
15646720,60.15625
15650816,60.15625
15654912,60.15625
15659008,60.15625
15663104,60.15625
15667200,60.15625
15671296,60.15625
15675392,60.15625
15679488,60.15625
15683584,59.873046875
15687680,59.84375
15691776,59.84375
15695872,59.84375
15699968,59.84375
15704064,59.84375
15708160,59.84375
15712256,59.84375
15716352,59.84375
15720448,59.84375
15724544,59.84375
15728640,59.84375
15732736,59.84375
15736832,59.84375
15740928,59.84375
15745024,59.84375
15749120,59.84375
15753216,59.84375
15757312,59.84375
15761408,59.84375
15765504,59.84375
15769600,59.84375
15773696,59.84375
15777792,59.84375
15781888,59.84375
15785984,59.84375
15790080,59.84375
15794176,59.84375
15798272,59.84375
15802368,59.84375
15806464,59.84375
15810560,59.84375
15814656,59.84375
15818752,59.84375
15822848,59.84375
15826944,59.84375
15831040,59.84375
15835136,59.84375
15839232,59.84375
15843328,59.84375
15847424,59.84375
15851520,59.84375
15855616,59.84375
15859712,59.84375
15863808,59.84375
15867904,59.84375
15872000,59.84375
15876096,59.84375
15880192,59.84375
15884288,59.84375
15888384,59.84375
15892480,59.84375
15896576,59.84375
15900672,59.84375
15904768,59.84375
15908864,59.84375
15912960,59.84375
15917056,59.84375
15921152,59.84375
15925248,59.84375
15929344,59.84375
15933440,59.84375
15937536,59.84375
15941632,59.84375
15945728,59.84375
15949824,59.84375
15953920,59.84375
15958016,59.84375
15962112,59.84375
15966208,59.84375
15970304,59.84375
15974400,59.84375
15978496,59.84375
15982592,59.84375
15986688,59.84375
15990784,59.84375
15994880,59.84375
15998976,59.84375
16003072,58.958740234375
16007168,58.7109375
16011264,58.7109375
16015360,58.7109375
16019456,58.7109375
16023552,58.7109375
16027648,58.7109375
16031744,58.7109375
16035840,58.7109375
16039936,58.7109375
16044032,58.7109375
16048128,58.7109375
16052224,58.7109375
16056320,58.7109375
16060416,58.7109375
16064512,58.7109375
16068608,58.7109375
16072704,58.7109375
16076800,58.7109375
16080896,58.7109375
16084992,58.7109375
16089088,58.7109375
16093184,58.7109375
16097280,58.7109375
16101376,58.7109375
16105472,58.7109375
16109568,58.7109375
16113664,58.7109375
16117760,58.7109375
16121856,58.7109375
16125952,58.7109375
16130048,58.7109375
16134144,58.7109375
16138240,58.7109375
16142336,58.7109375
16146432,58.7109375
16150528,58.7109375
16154624,58.7109375
16158720,58.7109375
16162816,58.7109375
16166912,58.7109375
16171008,58.7109375
16175104,58.7109375
16179200,58.7109375
16183296,58.7109375
16187392,58.7109375
16191488,58.7109375
16195584,58.7109375
16199680,58.7109375
16203776,58.7109375
16207872,58.7109375
16211968,58.7109375
16216064,58.7109375
16220160,58.7109375
16224256,58.7109375
16228352,58.7109375
16232448,58.7109375
16236544,58.7109375
16240640,58.7109375
16244736,58.7109375
16248832,58.7109375
16252928,58.7109375
16257024,58.7109375
16261120,58.7109375
16265216,58.7109375
16269312,58.7109375
16273408,58.7109375
16277504,58.7109375
16281600,58.7109375
16285696,58.7109375
16289792,58.7109375
16293888,58.7109375
16297984,58.7109375
16302080,58.7109375
16306176,58.7109375
16310272,58.7109375
16314368,58.7109375
16318464,58.7109375
16322560,58.418701171875
16326656,58.265625
16330752,58.265625
16334848,58.265625
16338944,58.265625
16343040,58.265625
16347136,58.265625
16351232,58.265625
16355328,58.265625
16359424,58.265625
16363520,58.265625
16367616,58.265625
16371712,58.265625
16375808,58.265625
16379904,58.265625
16384000,58.265625
16388096,58.265625
16392192,58.265625
16396288,58.265625
16400384,58.265625
16404480,58.265625
16408576,58.265625
16412672,58.265625
16416768,58.265625
16420864,58.265625
16424960,58.265625
16429056,58.265625
16433152,58.265625
16437248,58.265625
16441344,58.265625
16445440,58.265625
16449536,58.265625
16453632,58.265625
16457728,58.265625
16461824,58.265625
16465920,58.265625
16470016,58.265625
16474112,58.265625
16478208,58.265625
16482304,58.265625
16486400,58.265625
16490496,58.265625
16494592,58.265625
16498688,58.265625
16502784,58.265625
16506880,58.265625
16510976,58.265625
16515072,58.265625
16519168,58.265625
16523264,58.265625
16527360,58.265625
16531456,58.265625
16535552,58.265625
16539648,58.265625
16543744,58.265625
16547840,58.265625
16551936,58.265625
16556032,58.265625
16560128,58.265625
16564224,58.265625
16568320,58.265625
16572416,58.265625
16576512,58.265625
16580608,58.265625
16584704,58.265625
16588800,58.265625
16592896,58.265625
16596992,58.265625
16601088,58.265625
16605184,58.265625
16609280,58.265625
16613376,58.265625
16617472,58.265625
16621568,58.265625
16625664,58.265625
16629760,58.265625
16633856,58.265625
16637952,58.265625
16642048,59.1953125
16646144,60.015625
16650240,60.015625
16654336,60.015625
16658432,60.015625
16662528,60.015625
16666624,60.015625
16670720,60.015625
16674816,60.015625
16678912,60.015625
16683008,60.015625
16687104,60.015625
16691200,60.015625
16695296,60.015625
16699392,60.015625
16703488,60.015625
16707584,60.015625
16711680,60.015625
16715776,60.015625
16719872,60.015625
16723968,60.015625
16728064,60.015625
16732160,60.015625
16736256,60.015625
16740352,60.015625
16744448,60.015625
16748544,60.015625
16752640,60.015625
16756736,60.015625
16760832,60.015625
16764928,60.015625
16769024,60.015625
16773120,60.015625
16777216,60.015625
16781312,60.015625
16785408,60.015625
16789504,60.015625
16793600,60.015625
16797696,60.015625
16801792,60.015625
16805888,60.015625
16809984,60.015625
16814080,60.015625
16818176,60.015625
16822272,60.015625
16826368,60.015625
16830464,60.015625
16834560,60.015625
16838656,60.015625
16842752,60.015625
16846848,60.015625
16850944,60.015625
16855040,60.015625
16859136,60.015625
16863232,60.015625
16867328,60.015625
16871424,60.015625
16875520,60.015625
16879616,60.015625
16883712,60.015625
16887808,60.015625
16891904,60.015625
16896000,60.015625
16900096,60.015625
16904192,60.015625
16908288,60.015625
16912384,60.015625
16916480,60.015625
16920576,60.015625
16924672,60.015625
16928768,60.015625
16932864,60.015625
16936960,60.015625
16941056,60.015625
16945152,60.015625
16949248,60.015625
16953344,60.015625
16957440,60.015625
16961536,59.885498046875
16965632,59.6953125
16969728,59.6953125
16973824,59.6953125
16977920,59.6953125
16982016,59.6953125
16986112,59.6953125
16990208,59.6953125
16994304,59.6953125
16998400,59.6953125
17002496,59.6953125
17006592,59.6953125
17010688,59.6953125
17014784,59.6953125
17018880,59.6953125
17022976,59.6953125
17027072,59.6953125
17031168,59.6953125
17035264,59.6953125
17039360,59.6953125
17043456,59.6953125
17047552,59.6953125
17051648,59.6953125
17055744,59.6953125
17059840,59.6953125
17063936,59.6953125
17068032,59.6953125
17072128,59.6953125
17076224,59.6953125
17080320,59.6953125
17084416,59.6953125
17088512,59.6953125
17092608,59.6953125
17096704,59.6953125
17100800,59.6953125
17104896,59.6953125
17108992,59.6953125
17113088,59.6953125
17117184,59.6953125
17121280,59.6953125
17125376,59.6953125
17129472,59.6953125
17133568,59.6953125
17137664,59.6953125
17141760,59.6953125
17145856,59.6953125
17149952,59.6953125
17154048,59.6953125
17158144,59.6953125
17162240,59.6953125
17166336,59.6953125
17170432,59.6953125
17174528,59.6953125
17178624,59.6953125
17182720,59.6953125
17186816,59.6953125
17190912,59.6953125
17195008,59.6953125
17199104,59.6953125
17203200,59.6953125
17207296,59.6953125
17211392,59.6953125
17215488,59.6953125
17219584,59.6953125
17223680,59.6953125
17227776,59.6953125
17231872,59.6953125
17235968,59.6953125
17240064,59.6953125
17244160,59.6953125
17248256,59.6953125
17252352,59.6953125
17256448,59.6953125
17260544,59.6953125
17264640,59.6953125
17268736,59.6953125
17272832,59.6953125
17276928,59.6953125
17281024,59.71728515625
17285120,59.7734375
17289216,59.7734375
17293312,59.7734375
17297408,59.7734375
17301504,59.7734375
17305600,59.7734375
17309696,59.7734375
17313792,59.7734375
17317888,59.7734375
17321984,59.7734375
17326080,59.7734375
17330176,59.7734375
17334272,59.7734375
17338368,59.7734375
17342464,59.7734375
17346560,59.7734375
17350656,59.7734375
17354752,59.7734375
17358848,59.7734375
17362944,59.7734375
17367040,59.7734375
17371136,59.7734375
17375232,59.7734375
17379328,59.7734375
17383424,59.7734375
17387520,59.7734375
17391616,59.7734375
17395712,59.7734375
17399808,59.7734375
17403904,59.7734375
17408000,59.7734375
17412096,59.7734375
17416192,59.7734375
17420288,59.7734375
17424384,59.7734375
17428480,59.7734375
17432576,59.7734375
17436672,59.7734375
17440768,59.7734375
17444864,59.7734375
17448960,59.7734375
17453056,59.7734375
17457152,59.7734375
17461248,59.7734375
17465344,59.7734375
17469440,59.7734375
17473536,59.7734375
17477632,59.7734375
17481728,59.7734375
17485824,59.7734375
17489920,59.7734375
17494016,59.7734375
17498112,59.7734375
17502208,59.7734375
17506304,59.7734375
17510400,59.7734375
17514496,59.7734375
17518592,59.7734375
17522688,59.7734375
17526784,59.7734375
17530880,59.7734375
17534976,59.7734375
17539072,59.7734375
17543168,59.7734375
17547264,59.7734375
17551360,59.7734375
17555456,59.7734375
17559552,59.7734375
17563648,59.7734375
17567744,59.7734375
17571840,59.7734375
17575936,59.7734375
17580032,59.7734375
17584128,59.7734375
17588224,59.7734375
17592320,59.7734375
17596416,59.7734375
17600512,59.75634765625
17604608,59.6640625
17608704,59.6640625
17612800,59.6640625
17616896,59.6640625
17620992,59.6640625
17625088,59.6640625
17629184,59.6640625
17633280,59.6640625
17637376,59.6640625
17641472,59.6640625
17645568,59.6640625
17649664,59.6640625
17653760,59.6640625
17657856,59.6640625
17661952,59.6640625
17666048,59.6640625
17670144,59.6640625
17674240,59.6640625
17678336,59.6640625
17682432,59.6640625
17686528,59.6640625
17690624,59.6640625
17694720,59.6640625
17698816,59.6640625
17702912,59.6640625
17707008,59.6640625
17711104,59.6640625
17715200,59.6640625
17719296,59.6640625
17723392,59.6640625
17727488,59.6640625
17731584,59.6640625
17735680,59.6640625
17739776,59.6640625
17743872,59.6640625
17747968,59.6640625
17752064,59.6640625
17756160,59.6640625
17760256,59.6640625
17764352,59.6640625
17768448,59.6640625
17772544,59.6640625
17776640,59.6640625
17780736,59.6640625
17784832,59.6640625
17788928,59.6640625
17793024,59.6640625
17797120,59.6640625
17801216,59.6640625
17805312,59.6640625
17809408,59.6640625
17813504,59.6640625
17817600,59.6640625
17821696,59.6640625
17825792,59.6640625
17829888,59.6640625
17833984,59.6640625
17838080,59.6640625
17842176,59.6640625
17846272,59.6640625
17850368,59.6640625
17854464,59.6640625
17858560,59.6640625
17862656,59.6640625
17866752,59.6640625
17870848,59.6640625
17874944,59.6640625
17879040,59.6640625
17883136,59.6640625
17887232,59.6640625
17891328,59.6640625
17895424,59.6640625
17899520,59.6640625
17903616,59.6640625
17907712,59.6640625
17911808,59.6640625
17915904,59.6640625
17920000,59.697998046875
17924096,60.75
17928192,60.75
17932288,60.75
17936384,60.75
17940480,60.75
17944576,60.75
17948672,60.75
17952768,60.75
17956864,60.75
17960960,60.75
17965056,60.75
17969152,60.75
17973248,60.75
17977344,60.75
17981440,60.75
17985536,60.75
17989632,60.75
17993728,60.75
17997824,60.75
18001920,60.75
18006016,60.75
18010112,60.75
18014208,60.75
18018304,60.75
18022400,60.75
18026496,60.75
18030592,60.75
18034688,60.75
18038784,60.75
18042880,60.75
18046976,60.75
18051072,60.75
18055168,60.75
18059264,60.75
18063360,60.75
18067456,60.75
18071552,60.75
18075648,60.75
18079744,60.75
18083840,60.75
18087936,60.75
18092032,60.75
18096128,60.75
18100224,60.75
18104320,60.75
18108416,60.75
18112512,60.75
18116608,60.75
18120704,60.75
18124800,60.75
18128896,60.75
18132992,60.75
18137088,60.75
18141184,60.75
18145280,60.75
18149376,60.75
18153472,60.75
18157568,60.75
18161664,60.75
18165760,60.75
18169856,60.75
18173952,60.75
18178048,60.75
18182144,60.75
18186240,60.75
18190336,60.75
18194432,60.75
18198528,60.75
18202624,60.75
18206720,60.75
18210816,60.75
18214912,60.75
18219008,60.75
18223104,60.75
18227200,60.75
18231296,60.75
18235392,60.75
18239488,60.75
18243584,58.41357421875
18247680,58.171875
18251776,58.171875
18255872,58.171875
18259968,58.171875
18264064,58.171875
18268160,58.171875
18272256,58.171875
18276352,58.171875
18280448,58.171875
18284544,58.171875
18288640,58.171875
18292736,58.171875
18296832,58.171875
18300928,58.171875
18305024,58.171875
18309120,58.171875
18313216,58.171875
18317312,58.171875
18321408,58.171875
18325504,58.171875
18329600,58.171875
18333696,58.171875
18337792,58.171875
18341888,58.171875
18345984,58.171875
18350080,58.171875
18354176,58.171875
18358272,58.171875
18362368,58.171875
18366464,58.171875
18370560,58.171875
18374656,58.171875
18378752,58.171875
18382848,58.171875
18386944,58.171875
18391040,58.171875
18395136,58.171875
18399232,58.171875
18403328,58.171875
18407424,58.171875
18411520,58.171875
18415616,58.171875
18419712,58.171875
18423808,58.171875
18427904,58.171875
18432000,58.171875
18436096,58.171875
18440192,58.171875
18444288,58.171875
18448384,58.171875
18452480,58.171875
18456576,58.171875
18460672,58.171875
18464768,58.171875
18468864,58.171875
18472960,58.171875
18477056,58.171875
18481152,58.171875
18485248,58.171875
18489344,58.171875
18493440,58.171875
18497536,58.171875
18501632,58.171875
18505728,58.171875
18509824,58.171875
18513920,58.171875
18518016,58.171875
18522112,58.171875
18526208,58.171875
18530304,58.171875
18534400,58.171875
18538496,58.171875
18542592,58.171875
18546688,58.171875
18550784,58.171875
18554880,58.171875
18558976,58.171875
18563072,59.166748046875
18567168,59.4453125
18571264,59.4453125
18575360,59.4453125
18579456,59.4453125
18583552,59.4453125
18587648,59.4453125
18591744,59.4453125
18595840,59.4453125
18599936,59.4453125
18604032,59.4453125
18608128,59.4453125
18612224,59.4453125
18616320,59.4453125
18620416,59.4453125
18624512,59.4453125
18628608,59.4453125
18632704,59.4453125
18636800,59.4453125
18640896,59.4453125
18644992,59.4453125
18649088,59.4453125
18653184,59.4453125
18657280,59.4453125
18661376,59.4453125
18665472,59.4453125
18669568,59.4453125
18673664,59.4453125
18677760,59.4453125
18681856,59.4453125
18685952,59.4453125
18690048,59.4453125
18694144,59.4453125
18698240,59.4453125
18702336,59.4453125
18706432,59.4453125
18710528,59.4453125
18714624,59.4453125
18718720,59.4453125
18722816,59.4453125
18726912,59.4453125
18731008,59.4453125
18735104,59.4453125
18739200,59.4453125
18743296,59.4453125
18747392,59.4453125
18751488,59.4453125
18755584,59.4453125
18759680,59.4453125
18763776,59.4453125
18767872,59.4453125
18771968,59.4453125
18776064,59.4453125
18780160,59.4453125
18784256,59.4453125
18788352,59.4453125
18792448,59.4453125
18796544,59.4453125
18800640,59.4453125
18804736,59.4453125
18808832,59.4453125
18812928,59.4453125
18817024,59.4453125
18821120,59.4453125
18825216,59.4453125
18829312,59.4453125
18833408,59.4453125
18837504,59.4453125
18841600,59.4453125
18845696,59.4453125
18849792,59.4453125
18853888,59.4453125
18857984,59.4453125
18862080,59.4453125
18866176,59.4453125
18870272,59.4453125
18874368,59.4453125
18878464,59.4453125
18882560,59.5888671875
18886656,59.6640625
18890752,59.6640625
18894848,59.6640625
18898944,59.6640625
18903040,59.6640625
18907136,59.6640625
18911232,59.6640625
18915328,59.6640625
18919424,59.6640625
18923520,59.6640625
18927616,59.6640625
18931712,59.6640625
18935808,59.6640625
18939904,59.6640625
18944000,59.6640625
18948096,59.6640625
18952192,59.6640625
18956288,59.6640625
18960384,59.6640625
18964480,59.6640625
18968576,59.6640625
18972672,59.6640625
18976768,59.6640625
18980864,59.6640625
18984960,59.6640625
18989056,59.6640625
18993152,59.6640625
18997248,59.6640625
19001344,59.6640625
19005440,59.6640625
19009536,59.6640625
19013632,59.6640625
19017728,59.6640625
19021824,59.6640625
19025920,59.6640625
19030016,59.6640625
19034112,59.6640625
19038208,59.6640625
19042304,59.6640625
19046400,59.6640625
19050496,59.6640625
19054592,59.6640625
19058688,59.6640625
19062784,59.6640625
19066880,59.6640625
19070976,59.6640625
19075072,59.6640625
19079168,59.6640625
19083264,59.6640625
19087360,59.6640625
19091456,59.6640625
19095552,59.6640625
19099648,59.6640625
19103744,59.6640625
19107840,59.6640625
19111936,59.6640625
19116032,59.6640625
19120128,59.6640625
19124224,59.6640625
19128320,59.6640625
19132416,59.6640625
19136512,59.6640625
19140608,59.6640625
19144704,59.6640625
19148800,59.6640625
19152896,59.6640625
19156992,59.6640625
19161088,59.6640625
19165184,59.6640625
19169280,59.6640625
19173376,59.6640625
19177472,59.6640625
19181568,59.6640625
19185664,59.6640625
19189760,59.6640625
19193856,59.6640625
19197952,59.6640625
19202048,59.98779296875
19206144,60.2734375
19210240,60.2734375
19214336,60.2734375
19218432,60.2734375
19222528,60.2734375
19226624,60.2734375
19230720,60.2734375
19234816,60.2734375
19238912,60.2734375
19243008,60.2734375
19247104,60.2734375
19251200,60.2734375
19255296,60.2734375
19259392,60.2734375
19263488,60.2734375
19267584,60.2734375
19271680,60.2734375
19275776,60.2734375
19279872,60.2734375
19283968,60.2734375
19288064,60.2734375
19292160,60.2734375
19296256,60.2734375
19300352,60.2734375
19304448,60.2734375
19308544,60.2734375
19312640,60.2734375
19316736,60.2734375
19320832,60.2734375
19324928,60.2734375
19329024,60.2734375
19333120,60.2734375
19337216,60.2734375
19341312,60.2734375
19345408,60.2734375
19349504,60.2734375
19353600,60.2734375
19357696,60.2734375
19361792,60.2734375
19365888,60.2734375
19369984,60.2734375
19374080,60.2734375
19378176,60.2734375
19382272,60.2734375
19386368,60.2734375
19390464,60.2734375
19394560,60.2734375
19398656,60.2734375
19402752,60.2734375
19406848,60.2734375
19410944,60.2734375
19415040,60.2734375
19419136,60.2734375
19423232,60.2734375
19427328,60.2734375
19431424,60.2734375
19435520,60.2734375
19439616,60.2734375
19443712,60.2734375
19447808,60.2734375
19451904,60.2734375
19456000,60.2734375
19460096,60.2734375
19464192,60.2734375
19468288,60.2734375
19472384,60.2734375
19476480,60.2734375
19480576,60.2734375
19484672,60.2734375
19488768,60.2734375
19492864,60.2734375
19496960,60.2734375
19501056,60.2734375
19505152,60.2734375
19509248,60.2734375
19513344,60.2734375
19517440,60.2734375
19521536,60.467041015625
19525632,60.75
19529728,60.75
19533824,60.75
19537920,60.75
19542016,60.75
19546112,60.75
19550208,60.75
19554304,60.75
19558400,60.75
19562496,60.75
19566592,60.75
19570688,60.75
19574784,60.75
19578880,60.75
19582976,60.75
19587072,60.75
19591168,60.75
19595264,60.75
19599360,60.75
19603456,60.75
19607552,60.75
19611648,60.75
19615744,60.75
19619840,60.75
19623936,60.75
19628032,60.75
19632128,60.75
19636224,60.75
19640320,60.75
19644416,60.75
19648512,60.75
19652608,60.75
19656704,60.75
19660800,60.75
19664896,60.75
19668992,60.75
19673088,60.75
19677184,60.75
19681280,60.75
19685376,60.75
19689472,60.75
19693568,60.75
19697664,60.75
19701760,60.75
19705856,60.75
19709952,60.75
19714048,60.75
19718144,60.75
19722240,60.75
19726336,60.75
19730432,60.75
19734528,60.75
19738624,60.75
19742720,60.75
19746816,60.75
19750912,60.75
19755008,60.75
19759104,60.75
19763200,60.75
19767296,60.75
19771392,60.75
19775488,60.75
19779584,60.75
19783680,60.75
19787776,60.75
19791872,60.75
19795968,60.75
19800064,60.75
19804160,60.75
19808256,60.75
19812352,60.75
19816448,60.75
19820544,60.75
19824640,60.75
19828736,60.75
19832832,60.75
19836928,60.75
19841024,60.80712890625
19845120,60.953125
19849216,60.953125
19853312,60.953125
19857408,60.953125
19861504,60.953125
19865600,60.953125
19869696,60.953125
19873792,60.953125
19877888,60.953125
19881984,60.953125
19886080,60.953125
19890176,60.953125
19894272,60.953125
19898368,60.953125
19902464,60.953125
19906560,60.953125
19910656,60.953125
19914752,60.953125
19918848,60.953125
19922944,60.953125
19927040,60.953125
19931136,60.953125
19935232,60.953125
19939328,60.953125
19943424,60.953125
19947520,60.953125
19951616,60.953125
19955712,60.953125
19959808,60.953125
19963904,60.953125
19968000,60.953125
19972096,60.953125
19976192,60.953125
19980288,60.953125
19984384,60.953125
19988480,60.953125
19992576,60.953125
19996672,60.953125
