env_step,pqn_Freeway-MinAtar - test_returned_episode_returns
4096,0.0234375
8192,0.0234375
12288,0.0234375
16384,0.0234375
20480,0.0234375
24576,0.0234375
28672,0.0234375
32768,0.0234375
36864,0.0234375
40960,0.0234375
45056,0.0234375
49152,0.0234375
53248,0.0234375
57344,0.0234375
61440,0.0234375
65536,0.0234375
69632,0.0234375
73728,0.0234375
77824,0.0234375
81920,0.0234375
86016,0.0234375
90112,0.0234375
94208,0.0234375
98304,0.0234375
102400,0.0234375
106496,0.0234375
110592,0.0234375
114688,0.0234375
118784,0.0234375
122880,0.0234375
126976,0.0234375
131072,0.0234375
135168,0.0234375
139264,0.0234375
143360,0.0234375
147456,0.0234375
151552,0.0234375
155648,0.0234375
159744,0.0234375
163840,0.0234375
167936,0.0234375
172032,0.0234375
176128,0.0234375
180224,0.0234375
184320,0.0234375
188416,0.0234375
192512,0.0234375
196608,0.0234375
200704,0.0234375
204800,0.0234375
208896,0.0234375
212992,0.0234375
217088,0.0234375
221184,0.0234375
225280,0.0234375
229376,0.0234375
233472,0.0234375
237568,0.0234375
241664,0.0234375
245760,0.0234375
249856,0.0234375
253952,0.0234375
258048,0.0234375
262144,0.0234375
266240,0.0234375
270336,0.0234375
274432,0.0234375
278528,0.0234375
282624,0.0234375
286720,0.0234375
290816,0.0234375
294912,0.0234375
299008,0.0234375
303104,0.0234375
307200,0.0234375
311296,0.0234375
315392,0.0234375
319488,0.0234375
323584,0.0234375
327680,0.0234375
331776,0.0234375
335872,0.0234375
339968,0.0234375
344064,0.0234375
348160,0.0234375
352256,0.0234375
356352,0.0234375
360448,0.0234375
364544,0.0234375
368640,0.0234375
372736,0.0234375
376832,0.0234375
380928,0.0234375
385024,0.0234375
389120,0.0234375
393216,0.0234375
397312,0.0234375
401408,0.0234375
405504,0.0234375
409600,0.0234375
413696,0.0234375
417792,0.0234375
421888,0.0234375
425984,0.0234375
430080,0.0234375
434176,0.0234375
438272,0.0234375
442368,0.0234375
446464,0.0234375
450560,0.0234375
454656,0.0234375
458752,0.0234375
462848,0.0234375
466944,0.0234375
471040,0.0234375
475136,0.0234375
479232,0.0234375
483328,0.0234375
487424,0.0234375
491520,0.0234375
495616,0.0234375
499712,0.0234375
503808,0.0234375
507904,0.0234375
512000,0.0234375
516096,0.0234375
520192,0.0234375
524288,0.0234375
528384,0.0234375
532480,0.0234375
536576,0.0234375
540672,0.0234375
544768,0.0234375
548864,0.0234375
552960,0.0234375
557056,0.0234375
561152,0.0234375
565248,0.0234375
569344,0.0234375
573440,0.0234375
577536,0.0234375
581632,0.0234375
585728,0.0234375
589824,0.0234375
593920,0.0234375
598016,0.0234375
602112,0.0234375
606208,0.0234375
610304,0.0234375
614400,0.0234375
618496,0.0234375
622592,0.0234375
626688,0.0234375
630784,0.0234375
634880,0.0234375
638976,0.0234375
643072,0.0234375
647168,0.0234375
651264,0.0234375
655360,0.0234375
659456,0.0234375
663552,0.0234375
667648,0.0234375
671744,0.0234375
675840,0.0234375
679936,0.0234375
684032,0.0234375
688128,0.0234375
692224,0.0234375
696320,0.0234375
700416,0.0234375
704512,0.0234375
708608,0.0234375
712704,0.0234375
716800,0.0234375
720896,0.0234375
724992,0.0234375
729088,0.0234375
733184,0.0234375
737280,0.0234375
741376,0.0234375
745472,0.0234375
749568,0.0234375
753664,0.0234375
757760,0.0234375
761856,0.0234375
765952,0.0234375
770048,0.0234375
774144,0.0234375
778240,0.0234375
782336,0.0234375
786432,0.0234375
790528,0.0234375
794624,0.0234375
798720,0.0234375
802816,0.0234375
806912,0.0234375
811008,0.0234375
815104,0.0234375
819200,0.0234375
823296,0.0234375
827392,0.0234375
831488,0.0234375
835584,0.0234375
839680,0.0234375
843776,0.0234375
847872,0.0234375
851968,0.0234375
856064,0.0234375
860160,0.0234375
864256,0.0234375
868352,0.0234375
872448,0.0234375
876544,0.0234375
880640,0.0234375
884736,0.0234375
888832,0.0234375
892928,0.0234375
897024,0.0234375
901120,0.0234375
905216,0.0234375
909312,0.0234375
913408,0.0234375
917504,0.0234375
921600,0.0234375
925696,0.0234375
929792,0.0234375
933888,0.0234375
937984,0.0234375
942080,0.0234375
946176,0.0234375
950272,0.0234375
954368,0.0234375
958464,0.0234375
962560,0.0234375
966656,0.0234375
970752,0.0234375
974848,0.0234375
978944,0.0234375
983040,0.0234375
987136,0.0234375
991232,0.0234375
995328,0.0234375
999424,0.0
1003520,0.0
1007616,0.0
1011712,0.0
1015808,0.0
1019904,0.0
1024000,0.0
1028096,0.0
1032192,0.0
1036288,0.0
1040384,0.0
1044480,0.0
1048576,0.0
1052672,0.0
1056768,0.0
1060864,0.0
1064960,0.0
1069056,0.0
1073152,0.0
1077248,0.0
1081344,0.0
1085440,0.0
1089536,0.0
1093632,0.0
1097728,0.0
1101824,0.0
1105920,0.0
1110016,0.0
1114112,0.0
1118208,0.0
1122304,0.0
1126400,0.0
1130496,0.0
1134592,0.0
1138688,0.0
1142784,0.0
1146880,0.0
1150976,0.0
1155072,0.0
1159168,0.0
1163264,0.0
1167360,0.0
1171456,0.0
1175552,0.0
1179648,0.0
1183744,0.0
1187840,0.0
1191936,0.0
1196032,0.0
1200128,0.0
1204224,0.0
1208320,0.0
1212416,0.0
1216512,0.0
1220608,0.0
1224704,0.0
1228800,0.0
1232896,0.0
1236992,0.0
1241088,0.0
1245184,0.0
1249280,0.0
1253376,0.0
1257472,0.0
1261568,0.0
1265664,0.0
1269760,0.0
1273856,0.0
1277952,0.0
1282048,0.0
1286144,0.0
1290240,0.0
1294336,0.0
1298432,0.0
1302528,0.0
1306624,0.0
1310720,0.0
1314816,0.0
1318912,0.0
1323008,0.0
1327104,0.0
1331200,0.0
1335296,0.0
1339392,0.0
1343488,0.0
1347584,0.0
1351680,0.0
1355776,0.0
1359872,0.0
1363968,0.0
1368064,0.0
1372160,0.0
1376256,0.0
1380352,0.0
1384448,0.0
1388544,0.0
1392640,0.0
1396736,0.0
1400832,0.0
1404928,0.0
1409024,0.0
1413120,0.0
1417216,0.0
1421312,0.0
1425408,0.0
1429504,0.0
1433600,0.0
1437696,0.0
1441792,0.0
1445888,0.0
1449984,0.0
1454080,0.0
1458176,0.0
1462272,0.0
1466368,0.0
1470464,0.0
1474560,0.0
1478656,0.0
1482752,0.0
1486848,0.0
1490944,0.0
1495040,0.0
1499136,0.0
1503232,0.0
1507328,0.0
1511424,0.0
1515520,0.0
1519616,0.0
1523712,0.0
1527808,0.0
1531904,0.0
1536000,0.0
1540096,0.0
1544192,0.0
1548288,0.0
1552384,0.0
1556480,0.0
1560576,0.0
1564672,0.0
1568768,0.0
1572864,0.0
1576960,0.0
1581056,0.0
1585152,0.0
1589248,0.0
1593344,0.0
1597440,0.0
1601536,0.0
1605632,0.0
1609728,0.0
1613824,0.0
1617920,0.0
1622016,0.0
1626112,0.0
1630208,0.0
1634304,0.0
1638400,0.0
1642496,0.0
1646592,0.0
1650688,0.0
1654784,0.0
1658880,0.0
1662976,0.0
1667072,0.0
1671168,0.0
1675264,0.0
1679360,0.0
1683456,0.0
1687552,0.0
1691648,0.0
1695744,0.0
1699840,0.0
1703936,0.0
1708032,0.0
1712128,0.0
1716224,0.0
1720320,0.0
1724416,0.0
1728512,0.0
1732608,0.0
1736704,0.0
1740800,0.0
1744896,0.0
1748992,0.0
1753088,0.0
1757184,0.0
1761280,0.0
1765376,0.0
1769472,0.0
1773568,0.0
1777664,0.0
1781760,0.0
1785856,0.0
1789952,0.0
1794048,0.0
1798144,0.0
1802240,0.0
1806336,0.0
1810432,0.0
1814528,0.0
1818624,0.0
1822720,0.0
1826816,0.0
1830912,0.0
1835008,0.0
1839104,0.0
1843200,0.0
1847296,0.0
1851392,0.0
1855488,0.0
1859584,0.0
1863680,0.0
1867776,0.0
1871872,0.0
1875968,0.0
1880064,0.0
1884160,0.0
1888256,0.0
1892352,0.0
1896448,0.0
1900544,0.0
1904640,0.0
1908736,0.0
1912832,0.0
1916928,0.0
1921024,0.0
1925120,0.0
1929216,0.0
1933312,0.0
1937408,0.0
1941504,0.0
1945600,0.0
1949696,0.0
1953792,0.0
1957888,0.0
1961984,0.0
1966080,0.0
1970176,0.0
1974272,0.0
1978368,0.0
1982464,0.0
1986560,0.0
1990656,0.0
1994752,0.0
1998848,54.765625
2002944,54.765625
2007040,54.765625
2011136,54.765625
2015232,54.765625
2019328,54.765625
2023424,54.765625
2027520,54.765625
2031616,54.765625
2035712,54.765625
2039808,54.765625
2043904,54.765625
2048000,54.765625
2052096,54.765625
2056192,54.765625
2060288,54.765625
2064384,54.765625
2068480,54.765625
2072576,54.765625
2076672,54.765625
2080768,54.765625
2084864,54.765625
2088960,54.765625
2093056,54.765625
2097152,54.765625
2101248,54.765625
2105344,54.765625
2109440,54.765625
2113536,54.765625
2117632,54.765625
2121728,54.765625
2125824,54.765625
2129920,54.765625
2134016,54.765625
2138112,54.765625
2142208,54.765625
2146304,54.765625
2150400,54.765625
2154496,54.765625
2158592,54.765625
2162688,54.765625
2166784,54.765625
2170880,54.765625
2174976,54.765625
2179072,54.765625
2183168,54.765625
2187264,54.765625
2191360,54.765625
2195456,54.765625
2199552,54.765625
2203648,54.765625
2207744,54.765625
2211840,54.765625
2215936,54.765625
2220032,54.765625
2224128,54.765625
2228224,54.765625
2232320,54.765625
2236416,54.765625
2240512,54.765625
2244608,54.765625
2248704,54.765625
2252800,54.765625
2256896,54.765625
2260992,54.765625
2265088,54.765625
2269184,54.765625
2273280,54.765625
2277376,54.765625
2281472,54.765625
2285568,54.765625
2289664,54.765625
2293760,54.765625
2297856,54.765625
2301952,54.765625
2306048,54.765625
2310144,54.765625
2314240,54.765625
2318336,54.765625
2322432,54.765625
2326528,54.765625
2330624,54.765625
2334720,54.765625
2338816,54.765625
2342912,54.765625
2347008,54.765625
2351104,54.765625
2355200,54.765625
2359296,54.765625
2363392,54.765625
2367488,54.765625
2371584,54.765625
2375680,54.765625
2379776,54.765625
2383872,54.765625
2387968,54.765625
2392064,54.765625
2396160,54.765625
2400256,54.765625
2404352,54.765625
2408448,54.765625
2412544,54.765625
2416640,54.765625
2420736,54.765625
2424832,54.765625
2428928,54.765625
2433024,54.765625
2437120,54.765625
2441216,54.765625
2445312,54.765625
2449408,54.765625
2453504,54.765625
2457600,54.765625
2461696,54.765625
2465792,54.765625
2469888,54.765625
2473984,54.765625
2478080,54.765625
2482176,54.765625
2486272,54.765625
2490368,54.765625
2494464,54.765625
2498560,54.765625
2502656,54.765625
2506752,54.765625
2510848,54.765625
2514944,54.765625
2519040,54.765625
2523136,54.765625
2527232,54.765625
2531328,54.765625
2535424,54.765625
2539520,54.765625
2543616,54.765625
2547712,54.765625
2551808,54.765625
2555904,54.765625
2560000,54.765625
2564096,54.765625
2568192,54.765625
2572288,54.765625
2576384,54.765625
2580480,54.765625
2584576,54.765625
2588672,54.765625
2592768,54.765625
2596864,54.765625
2600960,54.765625
2605056,54.765625
2609152,54.765625
2613248,54.765625
2617344,54.765625
2621440,54.765625
2625536,54.765625
2629632,54.765625
2633728,54.765625
2637824,54.765625
2641920,54.765625
2646016,54.765625
2650112,54.765625
2654208,54.765625
2658304,54.765625
2662400,54.765625
2666496,54.765625
2670592,54.765625
2674688,54.765625
2678784,54.765625
2682880,54.765625
2686976,54.765625
2691072,54.765625
2695168,54.765625
2699264,54.765625
2703360,54.765625
2707456,54.765625
2711552,54.765625
2715648,54.765625
2719744,54.765625
2723840,54.765625
2727936,54.765625
2732032,54.765625
2736128,54.765625
2740224,54.765625
2744320,54.765625
2748416,54.765625
2752512,54.765625
2756608,54.765625
2760704,54.765625
2764800,54.765625
2768896,54.765625
2772992,54.765625
2777088,54.765625
2781184,54.765625
2785280,54.765625
2789376,54.765625
2793472,54.765625
2797568,54.765625
2801664,54.765625
2805760,54.765625
2809856,54.765625
2813952,54.765625
2818048,54.765625
2822144,54.765625
2826240,54.765625
2830336,54.765625
2834432,54.765625
2838528,54.765625
2842624,54.765625
2846720,54.765625
2850816,54.765625
2854912,54.765625
2859008,54.765625
2863104,54.765625
2867200,54.765625
2871296,54.765625
2875392,54.765625
2879488,54.765625
2883584,54.765625
2887680,54.765625
2891776,54.765625
2895872,54.765625
2899968,54.765625
2904064,54.765625
2908160,54.765625
2912256,54.765625
2916352,54.765625
2920448,54.765625
2924544,54.765625
2928640,54.765625
2932736,54.765625
2936832,54.765625
2940928,54.765625
2945024,54.765625
2949120,54.765625
2953216,54.765625
2957312,54.765625
2961408,54.765625
2965504,54.765625
2969600,54.765625
2973696,54.765625
2977792,54.765625
2981888,54.765625
2985984,54.765625
2990080,54.765625
2994176,54.765625
2998272,54.6953125
3002368,54.6953125
3006464,54.6953125
3010560,54.6953125
3014656,54.6953125
3018752,54.6953125
3022848,54.6953125
3026944,54.6953125
3031040,54.6953125
3035136,54.6953125
3039232,54.6953125
3043328,54.6953125
3047424,54.6953125
3051520,54.6953125
3055616,54.6953125
3059712,54.6953125
3063808,54.6953125
3067904,54.6953125
3072000,54.6953125
3076096,54.6953125
3080192,54.6953125
3084288,54.6953125
3088384,54.6953125
3092480,54.6953125
3096576,54.6953125
3100672,54.6953125
3104768,54.6953125
3108864,54.6953125
3112960,54.6953125
3117056,54.6953125
3121152,54.6953125
3125248,54.6953125
3129344,54.6953125
3133440,54.6953125
3137536,54.6953125
3141632,54.6953125
3145728,54.6953125
3149824,54.6953125
3153920,54.6953125
3158016,54.6953125
3162112,54.6953125
3166208,54.6953125
3170304,54.6953125
3174400,54.6953125
3178496,54.6953125
3182592,54.6953125
3186688,54.6953125
3190784,54.6953125
3194880,54.6953125
3198976,54.6953125
3203072,54.6953125
3207168,54.6953125
3211264,54.6953125
3215360,54.6953125
3219456,54.6953125
3223552,54.6953125
3227648,54.6953125
3231744,54.6953125
3235840,54.6953125
3239936,54.6953125
3244032,54.6953125
3248128,54.6953125
3252224,54.6953125
3256320,54.6953125
3260416,54.6953125
3264512,54.6953125
3268608,54.6953125
3272704,54.6953125
3276800,54.6953125
3280896,54.6953125
3284992,54.6953125
3289088,54.6953125
3293184,54.6953125
3297280,54.6953125
3301376,54.6953125
3305472,54.6953125
3309568,54.6953125
3313664,54.6953125
3317760,54.6953125
3321856,54.6953125
3325952,54.6953125
3330048,54.6953125
3334144,54.6953125
3338240,54.6953125
3342336,54.6953125
3346432,54.6953125
3350528,54.6953125
3354624,54.6953125
3358720,54.6953125
3362816,54.6953125
3366912,54.6953125
3371008,54.6953125
3375104,54.6953125
3379200,54.6953125
3383296,54.6953125
3387392,54.6953125
3391488,54.6953125
3395584,54.6953125
3399680,54.6953125
3403776,54.6953125
3407872,54.6953125
3411968,54.6953125
3416064,54.6953125
3420160,54.6953125
3424256,54.6953125
3428352,54.6953125
3432448,54.6953125
3436544,54.6953125
3440640,54.6953125
3444736,54.6953125
3448832,54.6953125
3452928,54.6953125
3457024,54.6953125
3461120,54.6953125
3465216,54.6953125
3469312,54.6953125
3473408,54.6953125
3477504,54.6953125
3481600,54.6953125
3485696,54.6953125
3489792,54.6953125
3493888,54.6953125
3497984,54.6953125
3502080,54.6953125
3506176,54.6953125
3510272,54.6953125
3514368,54.6953125
3518464,54.6953125
3522560,54.6953125
3526656,54.6953125
3530752,54.6953125
3534848,54.6953125
3538944,54.6953125
3543040,54.6953125
3547136,54.6953125
3551232,54.6953125
3555328,54.6953125
3559424,54.6953125
3563520,54.6953125
3567616,54.6953125
3571712,54.6953125
3575808,54.6953125
3579904,54.6953125
3584000,54.6953125
3588096,54.6953125
3592192,54.6953125
3596288,54.6953125
3600384,54.6953125
3604480,54.6953125
3608576,54.6953125
3612672,54.6953125
3616768,54.6953125
3620864,54.6953125
3624960,54.6953125
3629056,54.6953125
3633152,54.6953125
3637248,54.6953125
3641344,54.6953125
3645440,54.6953125
3649536,54.6953125
3653632,54.6953125
3657728,54.6953125
3661824,54.6953125
3665920,54.6953125
3670016,54.6953125
3674112,54.6953125
3678208,54.6953125
3682304,54.6953125
3686400,54.6953125
3690496,54.6953125
3694592,54.6953125
3698688,54.6953125
3702784,54.6953125
3706880,54.6953125
3710976,54.6953125
3715072,54.6953125
3719168,54.6953125
3723264,54.6953125
3727360,54.6953125
3731456,54.6953125
3735552,54.6953125
3739648,54.6953125
3743744,54.6953125
3747840,54.6953125
3751936,54.6953125
3756032,54.6953125
3760128,54.6953125
3764224,54.6953125
3768320,54.6953125
3772416,54.6953125
3776512,54.6953125
3780608,54.6953125
3784704,54.6953125
3788800,54.6953125
3792896,54.6953125
3796992,54.6953125
3801088,54.6953125
3805184,54.6953125
3809280,54.6953125
3813376,54.6953125
3817472,54.6953125
3821568,54.6953125
3825664,54.6953125
3829760,54.6953125
3833856,54.6953125
3837952,54.6953125
3842048,54.6953125
3846144,54.6953125
3850240,54.6953125
3854336,54.6953125
3858432,54.6953125
3862528,54.6953125
3866624,54.6953125
3870720,54.6953125
3874816,54.6953125
3878912,54.6953125
3883008,54.6953125
3887104,54.6953125
3891200,54.6953125
3895296,54.6953125
3899392,54.6953125
3903488,54.6953125
3907584,54.6953125
3911680,54.6953125
3915776,54.6953125
3919872,54.6953125
3923968,54.6953125
3928064,54.6953125
3932160,54.6953125
3936256,54.6953125
3940352,54.6953125
3944448,54.6953125
3948544,54.6953125
3952640,54.6953125
3956736,54.6953125
3960832,54.6953125
3964928,54.6953125
3969024,54.6953125
3973120,54.6953125
3977216,54.6953125
3981312,54.6953125
3985408,54.6953125
3989504,54.6953125
3993600,54.6953125
3997696,62.0234375
4001792,62.0234375
4005888,62.0234375
4009984,62.0234375
4014080,62.0234375
4018176,62.0234375
4022272,62.0234375
4026368,62.0234375
4030464,62.0234375
4034560,62.0234375
4038656,62.0234375
4042752,62.0234375
4046848,62.0234375
4050944,62.0234375
4055040,62.0234375
4059136,62.0234375
4063232,62.0234375
4067328,62.0234375
4071424,62.0234375
4075520,62.0234375
4079616,62.0234375
4083712,62.0234375
4087808,62.0234375
4091904,62.0234375
4096000,62.0234375
4100096,62.0234375
4104192,62.0234375
4108288,62.0234375
4112384,62.0234375
4116480,62.0234375
4120576,62.0234375
4124672,62.0234375
4128768,62.0234375
4132864,62.0234375
4136960,62.0234375
4141056,62.0234375
4145152,62.0234375
4149248,62.0234375
4153344,62.0234375
4157440,62.0234375
4161536,62.0234375
4165632,62.0234375
4169728,62.0234375
4173824,62.0234375
4177920,62.0234375
4182016,62.0234375
4186112,62.0234375
4190208,62.0234375
4194304,62.0234375
4198400,62.0234375
4202496,62.0234375
4206592,62.0234375
4210688,62.0234375
4214784,62.0234375
4218880,62.0234375
4222976,62.0234375
4227072,62.0234375
4231168,62.0234375
4235264,62.0234375
4239360,62.0234375
4243456,62.0234375
4247552,62.0234375
4251648,62.0234375
4255744,62.0234375
4259840,62.0234375
4263936,62.0234375
4268032,62.0234375
4272128,62.0234375
4276224,62.0234375
4280320,62.0234375
4284416,62.0234375
4288512,62.0234375
4292608,62.0234375
4296704,62.0234375
4300800,62.0234375
4304896,62.0234375
4308992,62.0234375
4313088,62.0234375
4317184,62.0234375
4321280,62.0234375
4325376,62.0234375
4329472,62.0234375
4333568,62.0234375
4337664,62.0234375
4341760,62.0234375
4345856,62.0234375
4349952,62.0234375
4354048,62.0234375
4358144,62.0234375
4362240,62.0234375
4366336,62.0234375
4370432,62.0234375
4374528,62.0234375
4378624,62.0234375
4382720,62.0234375
4386816,62.0234375
4390912,62.0234375
4395008,62.0234375
4399104,62.0234375
4403200,62.0234375
4407296,62.0234375
4411392,62.0234375
4415488,62.0234375
4419584,62.0234375
4423680,62.0234375
4427776,62.0234375
4431872,62.0234375
4435968,62.0234375
4440064,62.0234375
4444160,62.0234375
4448256,62.0234375
4452352,62.0234375
4456448,62.0234375
4460544,62.0234375
4464640,62.0234375
4468736,62.0234375
4472832,62.0234375
4476928,62.0234375
4481024,62.0234375
4485120,62.0234375
4489216,62.0234375
4493312,62.0234375
4497408,62.0234375
4501504,62.0234375
4505600,62.0234375
4509696,62.0234375
4513792,62.0234375
4517888,62.0234375
4521984,62.0234375
4526080,62.0234375
4530176,62.0234375
4534272,62.0234375
4538368,62.0234375
4542464,62.0234375
4546560,62.0234375
4550656,62.0234375
4554752,62.0234375
4558848,62.0234375
4562944,62.0234375
4567040,62.0234375
4571136,62.0234375
4575232,62.0234375
4579328,62.0234375
4583424,62.0234375
4587520,62.0234375
4591616,62.0234375
4595712,62.0234375
4599808,62.0234375
4603904,62.0234375
4608000,62.0234375
4612096,62.0234375
4616192,62.0234375
4620288,62.0234375
4624384,62.0234375
4628480,62.0234375
4632576,62.0234375
4636672,62.0234375
4640768,62.0234375
4644864,62.0234375
4648960,62.0234375
4653056,62.0234375
4657152,62.0234375
4661248,62.0234375
4665344,62.0234375
4669440,62.0234375
4673536,62.0234375
4677632,62.0234375
4681728,62.0234375
4685824,62.0234375
4689920,62.0234375
4694016,62.0234375
4698112,62.0234375
4702208,62.0234375
4706304,62.0234375
4710400,62.0234375
4714496,62.0234375
4718592,62.0234375
4722688,62.0234375
4726784,62.0234375
4730880,62.0234375
4734976,62.0234375
4739072,62.0234375
4743168,62.0234375
4747264,62.0234375
4751360,62.0234375
4755456,62.0234375
4759552,62.0234375
4763648,62.0234375
4767744,62.0234375
4771840,62.0234375
4775936,62.0234375
4780032,62.0234375
4784128,62.0234375
4788224,62.0234375
4792320,62.0234375
4796416,62.0234375
4800512,62.0234375
4804608,62.0234375
4808704,62.0234375
4812800,62.0234375
4816896,62.0234375
4820992,62.0234375
4825088,62.0234375
4829184,62.0234375
4833280,62.0234375
4837376,62.0234375
4841472,62.0234375
4845568,62.0234375
4849664,62.0234375
4853760,62.0234375
4857856,62.0234375
4861952,62.0234375
4866048,62.0234375
4870144,62.0234375
4874240,62.0234375
4878336,62.0234375
4882432,62.0234375
4886528,62.0234375
4890624,62.0234375
4894720,62.0234375
4898816,62.0234375
4902912,62.0234375
4907008,62.0234375
4911104,62.0234375
4915200,62.0234375
4919296,62.0234375
4923392,62.0234375
4927488,62.0234375
4931584,62.0234375
4935680,62.0234375
4939776,62.0234375
4943872,62.0234375
4947968,62.0234375
4952064,62.0234375
4956160,62.0234375
4960256,62.0234375
4964352,62.0234375
4968448,62.0234375
4972544,62.0234375
4976640,62.0234375
4980736,62.0234375
4984832,62.0234375
4988928,62.0234375
4993024,62.0234375
4997120,50.2265625
5001216,50.2265625
5005312,50.2265625
5009408,50.2265625
5013504,50.2265625
5017600,50.2265625
5021696,50.2265625
5025792,50.2265625
5029888,50.2265625
5033984,50.2265625
5038080,50.2265625
5042176,50.2265625
5046272,50.2265625
5050368,50.2265625
5054464,50.2265625
5058560,50.2265625
5062656,50.2265625
5066752,50.2265625
5070848,50.2265625
5074944,50.2265625
5079040,50.2265625
5083136,50.2265625
5087232,50.2265625
5091328,50.2265625
5095424,50.2265625
5099520,50.2265625
5103616,50.2265625
5107712,50.2265625
5111808,50.2265625
5115904,50.2265625
5120000,50.2265625
5124096,50.2265625
5128192,50.2265625
5132288,50.2265625
5136384,50.2265625
5140480,50.2265625
5144576,50.2265625
5148672,50.2265625
5152768,50.2265625
5156864,50.2265625
5160960,50.2265625
5165056,50.2265625
5169152,50.2265625
5173248,50.2265625
5177344,50.2265625
5181440,50.2265625
5185536,50.2265625
5189632,50.2265625
5193728,50.2265625
5197824,50.2265625
5201920,50.2265625
5206016,50.2265625
5210112,50.2265625
5214208,50.2265625
5218304,50.2265625
5222400,50.2265625
5226496,50.2265625
5230592,50.2265625
5234688,50.2265625
5238784,50.2265625
5242880,50.2265625
5246976,50.2265625
5251072,50.2265625
5255168,50.2265625
5259264,50.2265625
5263360,50.2265625
5267456,50.2265625
5271552,50.2265625
5275648,50.2265625
5279744,50.2265625
5283840,50.2265625
5287936,50.2265625
5292032,50.2265625
5296128,50.2265625
5300224,50.2265625
5304320,50.2265625
5308416,50.2265625
5312512,50.2265625
5316608,50.2265625
5320704,50.2265625
5324800,50.2265625
5328896,50.2265625
5332992,50.2265625
5337088,50.2265625
5341184,50.2265625
5345280,50.2265625
5349376,50.2265625
5353472,50.2265625
5357568,50.2265625
5361664,50.2265625
5365760,50.2265625
5369856,50.2265625
5373952,50.2265625
5378048,50.2265625
5382144,50.2265625
5386240,50.2265625
5390336,50.2265625
5394432,50.2265625
5398528,50.2265625
5402624,50.2265625
5406720,50.2265625
5410816,50.2265625
5414912,50.2265625
5419008,50.2265625
5423104,50.2265625
5427200,50.2265625
5431296,50.2265625
5435392,50.2265625
5439488,50.2265625
5443584,50.2265625
5447680,50.2265625
5451776,50.2265625
5455872,50.2265625
5459968,50.2265625
5464064,50.2265625
5468160,50.2265625
5472256,50.2265625
5476352,50.2265625
5480448,50.2265625
5484544,50.2265625
5488640,50.2265625
5492736,50.2265625
5496832,50.2265625
5500928,50.2265625
5505024,50.2265625
5509120,50.2265625
5513216,50.2265625
5517312,50.2265625
5521408,50.2265625
5525504,50.2265625
5529600,50.2265625
5533696,50.2265625
5537792,50.2265625
5541888,50.2265625
5545984,50.2265625
5550080,50.2265625
5554176,50.2265625
5558272,50.2265625
5562368,50.2265625
5566464,50.2265625
5570560,50.2265625
5574656,50.2265625
5578752,50.2265625
5582848,50.2265625
5586944,50.2265625
5591040,50.2265625
5595136,50.2265625
5599232,50.2265625
5603328,50.2265625
5607424,50.2265625
5611520,50.2265625
5615616,50.2265625
5619712,50.2265625
5623808,50.2265625
5627904,50.2265625
5632000,50.2265625
5636096,50.2265625
5640192,50.2265625
5644288,50.2265625
5648384,50.2265625
5652480,50.2265625
5656576,50.2265625
5660672,50.2265625
5664768,50.2265625
5668864,50.2265625
5672960,50.2265625
5677056,50.2265625
5681152,50.2265625
5685248,50.2265625
5689344,50.2265625
5693440,50.2265625
5697536,50.2265625
5701632,50.2265625
5705728,50.2265625
5709824,50.2265625
5713920,50.2265625
5718016,50.2265625
5722112,50.2265625
5726208,50.2265625
5730304,50.2265625
5734400,50.2265625
5738496,50.2265625
5742592,50.2265625
5746688,50.2265625
5750784,50.2265625
5754880,50.2265625
5758976,50.2265625
5763072,50.2265625
5767168,50.2265625
5771264,50.2265625
5775360,50.2265625
5779456,50.2265625
5783552,50.2265625
5787648,50.2265625
5791744,50.2265625
5795840,50.2265625
5799936,50.2265625
5804032,50.2265625
5808128,50.2265625
5812224,50.2265625
5816320,50.2265625
5820416,50.2265625
5824512,50.2265625
5828608,50.2265625
5832704,50.2265625
5836800,50.2265625
5840896,50.2265625
5844992,50.2265625
5849088,50.2265625
5853184,50.2265625
5857280,50.2265625
5861376,50.2265625
5865472,50.2265625
5869568,50.2265625
5873664,50.2265625
5877760,50.2265625
5881856,50.2265625
5885952,50.2265625
5890048,50.2265625
5894144,50.2265625
5898240,50.2265625
5902336,50.2265625
5906432,50.2265625
5910528,50.2265625
5914624,50.2265625
5918720,50.2265625
5922816,50.2265625
5926912,50.2265625
5931008,50.2265625
5935104,50.2265625
5939200,50.2265625
5943296,50.2265625
5947392,50.2265625
5951488,50.2265625
5955584,50.2265625
5959680,50.2265625
5963776,50.2265625
5967872,50.2265625
5971968,50.2265625
5976064,50.2265625
5980160,50.2265625
5984256,50.2265625
5988352,50.2265625
5992448,50.2265625
5996544,62.9453125
6000640,62.9453125
6004736,62.9453125
6008832,62.9453125
6012928,62.9453125
6017024,62.9453125
6021120,62.9453125
6025216,62.9453125
6029312,62.9453125
6033408,62.9453125
6037504,62.9453125
6041600,62.9453125
6045696,62.9453125
6049792,62.9453125
6053888,62.9453125
6057984,62.9453125
6062080,62.9453125
6066176,62.9453125
6070272,62.9453125
6074368,62.9453125
6078464,62.9453125
6082560,62.9453125
6086656,62.9453125
6090752,62.9453125
6094848,62.9453125
6098944,62.9453125
6103040,62.9453125
6107136,62.9453125
6111232,62.9453125
6115328,62.9453125
6119424,62.9453125
6123520,62.9453125
6127616,62.9453125
6131712,62.9453125
6135808,62.9453125
6139904,62.9453125
6144000,62.9453125
6148096,62.9453125
6152192,62.9453125
6156288,62.9453125
6160384,62.9453125
6164480,62.9453125
6168576,62.9453125
6172672,62.9453125
6176768,62.9453125
6180864,62.9453125
6184960,62.9453125
6189056,62.9453125
6193152,62.9453125
6197248,62.9453125
6201344,62.9453125
6205440,62.9453125
6209536,62.9453125
6213632,62.9453125
6217728,62.9453125
6221824,62.9453125
6225920,62.9453125
6230016,62.9453125
6234112,62.9453125
6238208,62.9453125
6242304,62.9453125
6246400,62.9453125
6250496,62.9453125
6254592,62.9453125
6258688,62.9453125
6262784,62.9453125
6266880,62.9453125
6270976,62.9453125
6275072,62.9453125
6279168,62.9453125
6283264,62.9453125
6287360,62.9453125
6291456,62.9453125
6295552,62.9453125
6299648,62.9453125
6303744,62.9453125
6307840,62.9453125
6311936,62.9453125
6316032,62.9453125
6320128,62.9453125
6324224,62.9453125
6328320,62.9453125
6332416,62.9453125
6336512,62.9453125
6340608,62.9453125
6344704,62.9453125
6348800,62.9453125
6352896,62.9453125
6356992,62.9453125
6361088,62.9453125
6365184,62.9453125
6369280,62.9453125
6373376,62.9453125
6377472,62.9453125
6381568,62.9453125
6385664,62.9453125
6389760,62.9453125
6393856,62.9453125
6397952,62.9453125
6402048,62.9453125
6406144,62.9453125
6410240,62.9453125
6414336,62.9453125
6418432,62.9453125
6422528,62.9453125
6426624,62.9453125
6430720,62.9453125
6434816,62.9453125
6438912,62.9453125
6443008,62.9453125
6447104,62.9453125
6451200,62.9453125
6455296,62.9453125
6459392,62.9453125
6463488,62.9453125
6467584,62.9453125
6471680,62.9453125
6475776,62.9453125
6479872,62.9453125
6483968,62.9453125
6488064,62.9453125
6492160,62.9453125
6496256,62.9453125
6500352,62.9453125
6504448,62.9453125
6508544,62.9453125
6512640,62.9453125
6516736,62.9453125
6520832,62.9453125
6524928,62.9453125
6529024,62.9453125
6533120,62.9453125
6537216,62.9453125
6541312,62.9453125
6545408,62.9453125
6549504,62.9453125
6553600,62.9453125
6557696,62.9453125
6561792,62.9453125
6565888,62.9453125
6569984,62.9453125
6574080,62.9453125
6578176,62.9453125
6582272,62.9453125
6586368,62.9453125
6590464,62.9453125
6594560,62.9453125
6598656,62.9453125
6602752,62.9453125
6606848,62.9453125
6610944,62.9453125
6615040,62.9453125
6619136,62.9453125
6623232,62.9453125
6627328,62.9453125
6631424,62.9453125
6635520,62.9453125
6639616,62.9453125
6643712,62.9453125
6647808,62.9453125
6651904,62.9453125
6656000,62.9453125
6660096,62.9453125
6664192,62.9453125
6668288,62.9453125
6672384,62.9453125
6676480,62.9453125
6680576,62.9453125
6684672,62.9453125
6688768,62.9453125
6692864,62.9453125
6696960,62.9453125
6701056,62.9453125
6705152,62.9453125
6709248,62.9453125
6713344,62.9453125
6717440,62.9453125
6721536,62.9453125
6725632,62.9453125
6729728,62.9453125
6733824,62.9453125
6737920,62.9453125
6742016,62.9453125
6746112,62.9453125
6750208,62.9453125
6754304,62.9453125
6758400,62.9453125
6762496,62.9453125
6766592,62.9453125
6770688,62.9453125
6774784,62.9453125
6778880,62.9453125
6782976,62.9453125
6787072,62.9453125
6791168,62.9453125
6795264,62.9453125
6799360,62.9453125
6803456,62.9453125
6807552,62.9453125
6811648,62.9453125
6815744,62.9453125
6819840,62.9453125
6823936,62.9453125
6828032,62.9453125
6832128,62.9453125
6836224,62.9453125
6840320,62.9453125
6844416,62.9453125
6848512,62.9453125
6852608,62.9453125
6856704,62.9453125
6860800,62.9453125
6864896,62.9453125
6868992,62.9453125
6873088,62.9453125
6877184,62.9453125
6881280,62.9453125
6885376,62.9453125
6889472,62.9453125
6893568,62.9453125
6897664,62.9453125
6901760,62.9453125
6905856,62.9453125
6909952,62.9453125
6914048,62.9453125
6918144,62.9453125
6922240,62.9453125
6926336,62.9453125
6930432,62.9453125
6934528,62.9453125
6938624,62.9453125
6942720,62.9453125
6946816,62.9453125
6950912,62.9453125
6955008,62.9453125
6959104,62.9453125
6963200,62.9453125
6967296,62.9453125
6971392,62.9453125
6975488,62.9453125
6979584,62.9453125
6983680,62.9453125
6987776,62.9453125
6991872,62.9453125
6995968,62.7578125
7000064,62.7578125
7004160,62.7578125
7008256,62.7578125
7012352,62.7578125
7016448,62.7578125
7020544,62.7578125
7024640,62.7578125
7028736,62.7578125
7032832,62.7578125
7036928,62.7578125
7041024,62.7578125
7045120,62.7578125
7049216,62.7578125
7053312,62.7578125
7057408,62.7578125
7061504,62.7578125
7065600,62.7578125
7069696,62.7578125
7073792,62.7578125
7077888,62.7578125
7081984,62.7578125
7086080,62.7578125
7090176,62.7578125
7094272,62.7578125
7098368,62.7578125
7102464,62.7578125
7106560,62.7578125
7110656,62.7578125
7114752,62.7578125
7118848,62.7578125
7122944,62.7578125
7127040,62.7578125
7131136,62.7578125
7135232,62.7578125
7139328,62.7578125
7143424,62.7578125
7147520,62.7578125
7151616,62.7578125
7155712,62.7578125
7159808,62.7578125
7163904,62.7578125
7168000,62.7578125
7172096,62.7578125
7176192,62.7578125
7180288,62.7578125
7184384,62.7578125
7188480,62.7578125
7192576,62.7578125
7196672,62.7578125
7200768,62.7578125
7204864,62.7578125
7208960,62.7578125
7213056,62.7578125
7217152,62.7578125
7221248,62.7578125
7225344,62.7578125
7229440,62.7578125
7233536,62.7578125
7237632,62.7578125
7241728,62.7578125
7245824,62.7578125
7249920,62.7578125
7254016,62.7578125
7258112,62.7578125
7262208,62.7578125
7266304,62.7578125
7270400,62.7578125
7274496,62.7578125
7278592,62.7578125
7282688,62.7578125
7286784,62.7578125
7290880,62.7578125
7294976,62.7578125
7299072,62.7578125
7303168,62.7578125
7307264,62.7578125
7311360,62.7578125
7315456,62.7578125
7319552,62.7578125
7323648,62.7578125
7327744,62.7578125
7331840,62.7578125
7335936,62.7578125
7340032,62.7578125
7344128,62.7578125
7348224,62.7578125
7352320,62.7578125
7356416,62.7578125
7360512,62.7578125
7364608,62.7578125
7368704,62.7578125
7372800,62.7578125
7376896,62.7578125
7380992,62.7578125
7385088,62.7578125
7389184,62.7578125
7393280,62.7578125
7397376,62.7578125
7401472,62.7578125
7405568,62.7578125
7409664,62.7578125
7413760,62.7578125
7417856,62.7578125
7421952,62.7578125
7426048,62.7578125
7430144,62.7578125
7434240,62.7578125
7438336,62.7578125
7442432,62.7578125
7446528,62.7578125
7450624,62.7578125
7454720,62.7578125
7458816,62.7578125
7462912,62.7578125
7467008,62.7578125
7471104,62.7578125
7475200,62.7578125
7479296,62.7578125
7483392,62.7578125
7487488,62.7578125
7491584,62.7578125
7495680,62.7578125
7499776,62.7578125
7503872,62.7578125
7507968,62.7578125
7512064,62.7578125
7516160,62.7578125
7520256,62.7578125
7524352,62.7578125
7528448,62.7578125
7532544,62.7578125
7536640,62.7578125
7540736,62.7578125
7544832,62.7578125
7548928,62.7578125
7553024,62.7578125
7557120,62.7578125
7561216,62.7578125
7565312,62.7578125
7569408,62.7578125
7573504,62.7578125
7577600,62.7578125
7581696,62.7578125
7585792,62.7578125
7589888,62.7578125
7593984,62.7578125
7598080,62.7578125
7602176,62.7578125
7606272,62.7578125
7610368,62.7578125
7614464,62.7578125
7618560,62.7578125
7622656,62.7578125
7626752,62.7578125
7630848,62.7578125
7634944,62.7578125
7639040,62.7578125
7643136,62.7578125
7647232,62.7578125
7651328,62.7578125
7655424,62.7578125
7659520,62.7578125
7663616,62.7578125
7667712,62.7578125
7671808,62.7578125
7675904,62.7578125
7680000,62.7578125
7684096,62.7578125
7688192,62.7578125
7692288,62.7578125
7696384,62.7578125
7700480,62.7578125
7704576,62.7578125
7708672,62.7578125
7712768,62.7578125
7716864,62.7578125
7720960,62.7578125
7725056,62.7578125
7729152,62.7578125
7733248,62.7578125
7737344,62.7578125
7741440,62.7578125
7745536,62.7578125
7749632,62.7578125
7753728,62.7578125
7757824,62.7578125
7761920,62.7578125
7766016,62.7578125
7770112,62.7578125
7774208,62.7578125
7778304,62.7578125
7782400,62.7578125
7786496,62.7578125
7790592,62.7578125
7794688,62.7578125
7798784,62.7578125
7802880,62.7578125
7806976,62.7578125
7811072,62.7578125
7815168,62.7578125
7819264,62.7578125
7823360,62.7578125
7827456,62.7578125
7831552,62.7578125
7835648,62.7578125
7839744,62.7578125
7843840,62.7578125
7847936,62.7578125
7852032,62.7578125
7856128,62.7578125
7860224,62.7578125
7864320,62.7578125
7868416,62.7578125
7872512,62.7578125
7876608,62.7578125
7880704,62.7578125
7884800,62.7578125
7888896,62.7578125
7892992,62.7578125
7897088,62.7578125
7901184,62.7578125
7905280,62.7578125
7909376,62.7578125
7913472,62.7578125
7917568,62.7578125
7921664,62.7578125
7925760,62.7578125
7929856,62.7578125
7933952,62.7578125
7938048,62.7578125
7942144,62.7578125
7946240,62.7578125
7950336,62.7578125
7954432,62.7578125
7958528,62.7578125
7962624,62.7578125
7966720,62.7578125
7970816,62.7578125
7974912,62.7578125
7979008,62.7578125
7983104,62.7578125
7987200,62.7578125
7991296,62.7578125
7995392,64.0859375
7999488,64.0859375
8003584,64.0859375
8007680,64.0859375
8011776,64.0859375
8015872,64.0859375
8019968,64.0859375
8024064,64.0859375
8028160,64.0859375
8032256,64.0859375
8036352,64.0859375
8040448,64.0859375
8044544,64.0859375
8048640,64.0859375
8052736,64.0859375
8056832,64.0859375
8060928,64.0859375
8065024,64.0859375
8069120,64.0859375
8073216,64.0859375
8077312,64.0859375
8081408,64.0859375
8085504,64.0859375
8089600,64.0859375
8093696,64.0859375
8097792,64.0859375
8101888,64.0859375
8105984,64.0859375
8110080,64.0859375
8114176,64.0859375
8118272,64.0859375
8122368,64.0859375
8126464,64.0859375
8130560,64.0859375
8134656,64.0859375
8138752,64.0859375
8142848,64.0859375
8146944,64.0859375
8151040,64.0859375
8155136,64.0859375
8159232,64.0859375
8163328,64.0859375
8167424,64.0859375
8171520,64.0859375
8175616,64.0859375
8179712,64.0859375
8183808,64.0859375
8187904,64.0859375
8192000,64.0859375
8196096,64.0859375
8200192,64.0859375
8204288,64.0859375
8208384,64.0859375
8212480,64.0859375
8216576,64.0859375
8220672,64.0859375
8224768,64.0859375
8228864,64.0859375
8232960,64.0859375
8237056,64.0859375
8241152,64.0859375
8245248,64.0859375
8249344,64.0859375
8253440,64.0859375
8257536,64.0859375
8261632,64.0859375
8265728,64.0859375
8269824,64.0859375
8273920,64.0859375
8278016,64.0859375
8282112,64.0859375
8286208,64.0859375
8290304,64.0859375
8294400,64.0859375
8298496,64.0859375
8302592,64.0859375
8306688,64.0859375
8310784,64.0859375
8314880,64.0859375
8318976,64.0859375
8323072,64.0859375
8327168,64.0859375
8331264,64.0859375
8335360,64.0859375
8339456,64.0859375
8343552,64.0859375
8347648,64.0859375
8351744,64.0859375
8355840,64.0859375
8359936,64.0859375
8364032,64.0859375
8368128,64.0859375
8372224,64.0859375
8376320,64.0859375
8380416,64.0859375
8384512,64.0859375
8388608,64.0859375
8392704,64.0859375
8396800,64.0859375
8400896,64.0859375
8404992,64.0859375
8409088,64.0859375
8413184,64.0859375
8417280,64.0859375
8421376,64.0859375
8425472,64.0859375
8429568,64.0859375
8433664,64.0859375
8437760,64.0859375
8441856,64.0859375
8445952,64.0859375
8450048,64.0859375
8454144,64.0859375
8458240,64.0859375
8462336,64.0859375
8466432,64.0859375
8470528,64.0859375
8474624,64.0859375
8478720,64.0859375
8482816,64.0859375
8486912,64.0859375
8491008,64.0859375
8495104,64.0859375
8499200,64.0859375
8503296,64.0859375
8507392,64.0859375
8511488,64.0859375
8515584,64.0859375
8519680,64.0859375
8523776,64.0859375
8527872,64.0859375
8531968,64.0859375
8536064,64.0859375
8540160,64.0859375
8544256,64.0859375
8548352,64.0859375
8552448,64.0859375
8556544,64.0859375
8560640,64.0859375
8564736,64.0859375
8568832,64.0859375
8572928,64.0859375
8577024,64.0859375
8581120,64.0859375
8585216,64.0859375
8589312,64.0859375
8593408,64.0859375
8597504,64.0859375
8601600,64.0859375
8605696,64.0859375
8609792,64.0859375
8613888,64.0859375
8617984,64.0859375
8622080,64.0859375
8626176,64.0859375
8630272,64.0859375
8634368,64.0859375
8638464,64.0859375
8642560,64.0859375
8646656,64.0859375
8650752,64.0859375
8654848,64.0859375
8658944,64.0859375
8663040,64.0859375
8667136,64.0859375
8671232,64.0859375
8675328,64.0859375
8679424,64.0859375
8683520,64.0859375
8687616,64.0859375
8691712,64.0859375
8695808,64.0859375
8699904,64.0859375
8704000,64.0859375
8708096,64.0859375
8712192,64.0859375
8716288,64.0859375
8720384,64.0859375
8724480,64.0859375
8728576,64.0859375
8732672,64.0859375
8736768,64.0859375
8740864,64.0859375
8744960,64.0859375
8749056,64.0859375
8753152,64.0859375
8757248,64.0859375
8761344,64.0859375
8765440,64.0859375
8769536,64.0859375
8773632,64.0859375
8777728,64.0859375
8781824,64.0859375
8785920,64.0859375
8790016,64.0859375
8794112,64.0859375
8798208,64.0859375
8802304,64.0859375
8806400,64.0859375
8810496,64.0859375
8814592,64.0859375
8818688,64.0859375
8822784,64.0859375
8826880,64.0859375
8830976,64.0859375
8835072,64.0859375
8839168,64.0859375
8843264,64.0859375
8847360,64.0859375
8851456,64.0859375
8855552,64.0859375
8859648,64.0859375
8863744,64.0859375
8867840,64.0859375
8871936,64.0859375
8876032,64.0859375
8880128,64.0859375
8884224,64.0859375
8888320,64.0859375
8892416,64.0859375
8896512,64.0859375
8900608,64.0859375
8904704,64.0859375
8908800,64.0859375
8912896,64.0859375
8916992,64.0859375
8921088,64.0859375
8925184,64.0859375
8929280,64.0859375
8933376,64.0859375
8937472,64.0859375
8941568,64.0859375
8945664,64.0859375
8949760,64.0859375
8953856,64.0859375
8957952,64.0859375
8962048,64.0859375
8966144,64.0859375
8970240,64.0859375
8974336,64.0859375
8978432,64.0859375
8982528,64.0859375
8986624,64.0859375
8990720,64.0859375
8994816,62.6640625
8998912,62.6640625
9003008,62.6640625
9007104,62.6640625
9011200,62.6640625
9015296,62.6640625
9019392,62.6640625
9023488,62.6640625
9027584,62.6640625
9031680,62.6640625
9035776,62.6640625
9039872,62.6640625
9043968,62.6640625
9048064,62.6640625
9052160,62.6640625
9056256,62.6640625
9060352,62.6640625
9064448,62.6640625
9068544,62.6640625
9072640,62.6640625
9076736,62.6640625
9080832,62.6640625
9084928,62.6640625
9089024,62.6640625
9093120,62.6640625
9097216,62.6640625
9101312,62.6640625
9105408,62.6640625
9109504,62.6640625
9113600,62.6640625
9117696,62.6640625
9121792,62.6640625
9125888,62.6640625
9129984,62.6640625
9134080,62.6640625
9138176,62.6640625
9142272,62.6640625
9146368,62.6640625
9150464,62.6640625
9154560,62.6640625
9158656,62.6640625
9162752,62.6640625
9166848,62.6640625
9170944,62.6640625
9175040,62.6640625
9179136,62.6640625
9183232,62.6640625
9187328,62.6640625
9191424,62.6640625
9195520,62.6640625
9199616,62.6640625
9203712,62.6640625
9207808,62.6640625
9211904,62.6640625
9216000,62.6640625
9220096,62.6640625
9224192,62.6640625
9228288,62.6640625
9232384,62.6640625
9236480,62.6640625
9240576,62.6640625
9244672,62.6640625
9248768,62.6640625
9252864,62.6640625
9256960,62.6640625
9261056,62.6640625
9265152,62.6640625
9269248,62.6640625
9273344,62.6640625
9277440,62.6640625
9281536,62.6640625
9285632,62.6640625
9289728,62.6640625
9293824,62.6640625
9297920,62.6640625
9302016,62.6640625
9306112,62.6640625
9310208,62.6640625
9314304,62.6640625
9318400,62.6640625
9322496,62.6640625
9326592,62.6640625
9330688,62.6640625
9334784,62.6640625
9338880,62.6640625
9342976,62.6640625
9347072,62.6640625
9351168,62.6640625
9355264,62.6640625
9359360,62.6640625
9363456,62.6640625
9367552,62.6640625
9371648,62.6640625
9375744,62.6640625
9379840,62.6640625
9383936,62.6640625
9388032,62.6640625
9392128,62.6640625
9396224,62.6640625
9400320,62.6640625
9404416,62.6640625
9408512,62.6640625
9412608,62.6640625
9416704,62.6640625
9420800,62.6640625
9424896,62.6640625
9428992,62.6640625
9433088,62.6640625
9437184,62.6640625
9441280,62.6640625
9445376,62.6640625
9449472,62.6640625
9453568,62.6640625
9457664,62.6640625
9461760,62.6640625
9465856,62.6640625
9469952,62.6640625
9474048,62.6640625
9478144,62.6640625
9482240,62.6640625
9486336,62.6640625
9490432,62.6640625
9494528,62.6640625
9498624,62.6640625
9502720,62.6640625
9506816,62.6640625
9510912,62.6640625
9515008,62.6640625
9519104,62.6640625
9523200,62.6640625
9527296,62.6640625
9531392,62.6640625
9535488,62.6640625
9539584,62.6640625
9543680,62.6640625
9547776,62.6640625
9551872,62.6640625
9555968,62.6640625
9560064,62.6640625
9564160,62.6640625
9568256,62.6640625
9572352,62.6640625
9576448,62.6640625
9580544,62.6640625
9584640,62.6640625
9588736,62.6640625
9592832,62.6640625
9596928,62.6640625
9601024,62.6640625
9605120,62.6640625
9609216,62.6640625
9613312,62.6640625
9617408,62.6640625
9621504,62.6640625
9625600,62.6640625
9629696,62.6640625
9633792,62.6640625
9637888,62.6640625
9641984,62.6640625
9646080,62.6640625
9650176,62.6640625
9654272,62.6640625
9658368,62.6640625
9662464,62.6640625
9666560,62.6640625
9670656,62.6640625
9674752,62.6640625
9678848,62.6640625
9682944,62.6640625
9687040,62.6640625
9691136,62.6640625
9695232,62.6640625
9699328,62.6640625
9703424,62.6640625
9707520,62.6640625
9711616,62.6640625
9715712,62.6640625
9719808,62.6640625
9723904,62.6640625
9728000,62.6640625
9732096,62.6640625
9736192,62.6640625
9740288,62.6640625
9744384,62.6640625
9748480,62.6640625
9752576,62.6640625
9756672,62.6640625
9760768,62.6640625
9764864,62.6640625
9768960,62.6640625
9773056,62.6640625
9777152,62.6640625
9781248,62.6640625
9785344,62.6640625
9789440,62.6640625
9793536,62.6640625
9797632,62.6640625
9801728,62.6640625
9805824,62.6640625
9809920,62.6640625
9814016,62.6640625
9818112,62.6640625
9822208,62.6640625
9826304,62.6640625
9830400,62.6640625
9834496,62.6640625
9838592,62.6640625
9842688,62.6640625
9846784,62.6640625
9850880,62.6640625
9854976,62.6640625
9859072,62.6640625
9863168,62.6640625
9867264,62.6640625
9871360,62.6640625
9875456,62.6640625
9879552,62.6640625
9883648,62.6640625
9887744,62.6640625
9891840,62.6640625
9895936,62.6640625
9900032,62.6640625
9904128,62.6640625
9908224,62.6640625
9912320,62.6640625
9916416,62.6640625
9920512,62.6640625
9924608,62.6640625
9928704,62.6640625
9932800,62.6640625
9936896,62.6640625
9940992,62.6640625
9945088,62.6640625
9949184,62.6640625
9953280,62.6640625
9957376,62.6640625
9961472,62.6640625
9965568,62.6640625
9969664,62.6640625
9973760,62.6640625
9977856,62.6640625
9981952,62.6640625
9986048,62.6640625
9990144,62.6640625
9994240,65.5078125
9998336,65.5078125
10002432,65.5078125
10006528,65.5078125
10010624,65.5078125
10014720,65.5078125
10018816,65.5078125
10022912,65.5078125
10027008,65.5078125
10031104,65.5078125
10035200,65.5078125
10039296,65.5078125
10043392,65.5078125
10047488,65.5078125
10051584,65.5078125
10055680,65.5078125
10059776,65.5078125
10063872,65.5078125
10067968,65.5078125
10072064,65.5078125
10076160,65.5078125
10080256,65.5078125
10084352,65.5078125
10088448,65.5078125
10092544,65.5078125
10096640,65.5078125
10100736,65.5078125
10104832,65.5078125
10108928,65.5078125
10113024,65.5078125
10117120,65.5078125
10121216,65.5078125
10125312,65.5078125
10129408,65.5078125
10133504,65.5078125
10137600,65.5078125
10141696,65.5078125
10145792,65.5078125
10149888,65.5078125
10153984,65.5078125
10158080,65.5078125
10162176,65.5078125
10166272,65.5078125
10170368,65.5078125
10174464,65.5078125
10178560,65.5078125
10182656,65.5078125
10186752,65.5078125
10190848,65.5078125
10194944,65.5078125
10199040,65.5078125
10203136,65.5078125
10207232,65.5078125
10211328,65.5078125
10215424,65.5078125
10219520,65.5078125
10223616,65.5078125
10227712,65.5078125
10231808,65.5078125
10235904,65.5078125
10240000,65.5078125
10244096,65.5078125
10248192,65.5078125
10252288,65.5078125
10256384,65.5078125
10260480,65.5078125
10264576,65.5078125
10268672,65.5078125
10272768,65.5078125
10276864,65.5078125
10280960,65.5078125
10285056,65.5078125
10289152,65.5078125
10293248,65.5078125
10297344,65.5078125
10301440,65.5078125
10305536,65.5078125
10309632,65.5078125
10313728,65.5078125
10317824,65.5078125
10321920,65.5078125
10326016,65.5078125
10330112,65.5078125
10334208,65.5078125
10338304,65.5078125
10342400,65.5078125
10346496,65.5078125
10350592,65.5078125
10354688,65.5078125
10358784,65.5078125
10362880,65.5078125
10366976,65.5078125
10371072,65.5078125
10375168,65.5078125
10379264,65.5078125
10383360,65.5078125
10387456,65.5078125
10391552,65.5078125
10395648,65.5078125
10399744,65.5078125
10403840,65.5078125
10407936,65.5078125
10412032,65.5078125
10416128,65.5078125
10420224,65.5078125
10424320,65.5078125
10428416,65.5078125
10432512,65.5078125
10436608,65.5078125
10440704,65.5078125
10444800,65.5078125
10448896,65.5078125
10452992,65.5078125
10457088,65.5078125
10461184,65.5078125
10465280,65.5078125
10469376,65.5078125
10473472,65.5078125
10477568,65.5078125
10481664,65.5078125
10485760,65.5078125
10489856,65.5078125
10493952,65.5078125
10498048,65.5078125
10502144,65.5078125
10506240,65.5078125
10510336,65.5078125
10514432,65.5078125
10518528,65.5078125
10522624,65.5078125
10526720,65.5078125
10530816,65.5078125
10534912,65.5078125
10539008,65.5078125
10543104,65.5078125
10547200,65.5078125
10551296,65.5078125
10555392,65.5078125
10559488,65.5078125
10563584,65.5078125
10567680,65.5078125
10571776,65.5078125
10575872,65.5078125
10579968,65.5078125
10584064,65.5078125
10588160,65.5078125
10592256,65.5078125
10596352,65.5078125
10600448,65.5078125
10604544,65.5078125
10608640,65.5078125
10612736,65.5078125
10616832,65.5078125
10620928,65.5078125
10625024,65.5078125
10629120,65.5078125
10633216,65.5078125
10637312,65.5078125
10641408,65.5078125
10645504,65.5078125
10649600,65.5078125
10653696,65.5078125
10657792,65.5078125
10661888,65.5078125
10665984,65.5078125
10670080,65.5078125
10674176,65.5078125
10678272,65.5078125
10682368,65.5078125
10686464,65.5078125
10690560,65.5078125
10694656,65.5078125
10698752,65.5078125
10702848,65.5078125
10706944,65.5078125
10711040,65.5078125
10715136,65.5078125
10719232,65.5078125
10723328,65.5078125
10727424,65.5078125
10731520,65.5078125
10735616,65.5078125
10739712,65.5078125
10743808,65.5078125
10747904,65.5078125
10752000,65.5078125
10756096,65.5078125
10760192,65.5078125
10764288,65.5078125
10768384,65.5078125
10772480,65.5078125
10776576,65.5078125
10780672,65.5078125
10784768,65.5078125
10788864,65.5078125
10792960,65.5078125
10797056,65.5078125
10801152,65.5078125
10805248,65.5078125
10809344,65.5078125
10813440,65.5078125
10817536,65.5078125
10821632,65.5078125
10825728,65.5078125
10829824,65.5078125
10833920,65.5078125
10838016,65.5078125
10842112,65.5078125
10846208,65.5078125
10850304,65.5078125
10854400,65.5078125
10858496,65.5078125
10862592,65.5078125
10866688,65.5078125
10870784,65.5078125
10874880,65.5078125
10878976,65.5078125
10883072,65.5078125
10887168,65.5078125
10891264,65.5078125
10895360,65.5078125
10899456,65.5078125
10903552,65.5078125
10907648,65.5078125
10911744,65.5078125
10915840,65.5078125
10919936,65.5078125
10924032,65.5078125
10928128,65.5078125
10932224,65.5078125
10936320,65.5078125
10940416,65.5078125
10944512,65.5078125
10948608,65.5078125
10952704,65.5078125
10956800,65.5078125
10960896,65.5078125
10964992,65.5078125
10969088,65.5078125
10973184,65.5078125
10977280,65.5078125
10981376,65.5078125
10985472,65.5078125
10989568,65.5078125
10993664,65.75
10997760,65.75
11001856,65.75
11005952,65.75
11010048,65.75
11014144,65.75
11018240,65.75
11022336,65.75
11026432,65.75
11030528,65.75
11034624,65.75
11038720,65.75
11042816,65.75
11046912,65.75
11051008,65.75
11055104,65.75
11059200,65.75
11063296,65.75
11067392,65.75
11071488,65.75
11075584,65.75
11079680,65.75
11083776,65.75
11087872,65.75
11091968,65.75
11096064,65.75
11100160,65.75
11104256,65.75
11108352,65.75
11112448,65.75
11116544,65.75
11120640,65.75
11124736,65.75
11128832,65.75
11132928,65.75
11137024,65.75
11141120,65.75
11145216,65.75
11149312,65.75
11153408,65.75
11157504,65.75
11161600,65.75
11165696,65.75
11169792,65.75
11173888,65.75
11177984,65.75
11182080,65.75
11186176,65.75
11190272,65.75
11194368,65.75
11198464,65.75
11202560,65.75
11206656,65.75
11210752,65.75
11214848,65.75
11218944,65.75
11223040,65.75
11227136,65.75
11231232,65.75
11235328,65.75
11239424,65.75
11243520,65.75
11247616,65.75
11251712,65.75
11255808,65.75
11259904,65.75
11264000,65.75
11268096,65.75
11272192,65.75
11276288,65.75
11280384,65.75
11284480,65.75
11288576,65.75
11292672,65.75
11296768,65.75
11300864,65.75
11304960,65.75
11309056,65.75
11313152,65.75
11317248,65.75
11321344,65.75
11325440,65.75
11329536,65.75
11333632,65.75
11337728,65.75
11341824,65.75
11345920,65.75
11350016,65.75
11354112,65.75
11358208,65.75
11362304,65.75
11366400,65.75
11370496,65.75
11374592,65.75
11378688,65.75
11382784,65.75
11386880,65.75
11390976,65.75
11395072,65.75
11399168,65.75
11403264,65.75
11407360,65.75
11411456,65.75
11415552,65.75
11419648,65.75
11423744,65.75
11427840,65.75
11431936,65.75
11436032,65.75
11440128,65.75
11444224,65.75
11448320,65.75
11452416,65.75
11456512,65.75
11460608,65.75
11464704,65.75
11468800,65.75
11472896,65.75
11476992,65.75
11481088,65.75
11485184,65.75
11489280,65.75
11493376,65.75
11497472,65.75
11501568,65.75
11505664,65.75
11509760,65.75
11513856,65.75
11517952,65.75
11522048,65.75
11526144,65.75
11530240,65.75
11534336,65.75
11538432,65.75
11542528,65.75
11546624,65.75
11550720,65.75
11554816,65.75
11558912,65.75
11563008,65.75
11567104,65.75
11571200,65.75
11575296,65.75
11579392,65.75
11583488,65.75
11587584,65.75
11591680,65.75
11595776,65.75
11599872,65.75
11603968,65.75
11608064,65.75
11612160,65.75
11616256,65.75
11620352,65.75
11624448,65.75
11628544,65.75
11632640,65.75
11636736,65.75
11640832,65.75
11644928,65.75
11649024,65.75
11653120,65.75
11657216,65.75
11661312,65.75
11665408,65.75
11669504,65.75
11673600,65.75
11677696,65.75
11681792,65.75
11685888,65.75
11689984,65.75
11694080,65.75
11698176,65.75
11702272,65.75
11706368,65.75
11710464,65.75
11714560,65.75
11718656,65.75
11722752,65.75
11726848,65.75
11730944,65.75
11735040,65.75
11739136,65.75
11743232,65.75
11747328,65.75
11751424,65.75
11755520,65.75
11759616,65.75
11763712,65.75
11767808,65.75
11771904,65.75
11776000,65.75
11780096,65.75
11784192,65.75
11788288,65.75
11792384,65.75
11796480,65.75
11800576,65.75
11804672,65.75
11808768,65.75
11812864,65.75
11816960,65.75
11821056,65.75
11825152,65.75
11829248,65.75
11833344,65.75
11837440,65.75
11841536,65.75
11845632,65.75
11849728,65.75
11853824,65.75
11857920,65.75
11862016,65.75
11866112,65.75
11870208,65.75
11874304,65.75
11878400,65.75
11882496,65.75
11886592,65.75
11890688,65.75
11894784,65.75
11898880,65.75
11902976,65.75
11907072,65.75
11911168,65.75
11915264,65.75
11919360,65.75
11923456,65.75
11927552,65.75
11931648,65.75
11935744,65.75
11939840,65.75
11943936,65.75
11948032,65.75
11952128,65.75
11956224,65.75
11960320,65.75
11964416,65.75
11968512,65.75
11972608,65.75
11976704,65.75
11980800,65.75
11984896,65.75
11988992,65.75
11993088,65.1015625
11997184,65.1015625
12001280,65.1015625
12005376,65.1015625
12009472,65.1015625
12013568,65.1015625
12017664,65.1015625
12021760,65.1015625
12025856,65.1015625
12029952,65.1015625
12034048,65.1015625
12038144,65.1015625
12042240,65.1015625
12046336,65.1015625
12050432,65.1015625
12054528,65.1015625
12058624,65.1015625
12062720,65.1015625
12066816,65.1015625
12070912,65.1015625
12075008,65.1015625
12079104,65.1015625
12083200,65.1015625
12087296,65.1015625
12091392,65.1015625
12095488,65.1015625
12099584,65.1015625
12103680,65.1015625
12107776,65.1015625
12111872,65.1015625
12115968,65.1015625
12120064,65.1015625
12124160,65.1015625
12128256,65.1015625
12132352,65.1015625
12136448,65.1015625
12140544,65.1015625
12144640,65.1015625
12148736,65.1015625
12152832,65.1015625
12156928,65.1015625
12161024,65.1015625
12165120,65.1015625
12169216,65.1015625
12173312,65.1015625
12177408,65.1015625
12181504,65.1015625
12185600,65.1015625
12189696,65.1015625
12193792,65.1015625
12197888,65.1015625
12201984,65.1015625
12206080,65.1015625
12210176,65.1015625
12214272,65.1015625
12218368,65.1015625
12222464,65.1015625
12226560,65.1015625
12230656,65.1015625
12234752,65.1015625
12238848,65.1015625
12242944,65.1015625
12247040,65.1015625
12251136,65.1015625
12255232,65.1015625
12259328,65.1015625
12263424,65.1015625
12267520,65.1015625
12271616,65.1015625
12275712,65.1015625
12279808,65.1015625
12283904,65.1015625
12288000,65.1015625
12292096,65.1015625
12296192,65.1015625
12300288,65.1015625
12304384,65.1015625
12308480,65.1015625
12312576,65.1015625
12316672,65.1015625
12320768,65.1015625
12324864,65.1015625
12328960,65.1015625
12333056,65.1015625
12337152,65.1015625
12341248,65.1015625
12345344,65.1015625
12349440,65.1015625
12353536,65.1015625
12357632,65.1015625
12361728,65.1015625
12365824,65.1015625
12369920,65.1015625
12374016,65.1015625
12378112,65.1015625
12382208,65.1015625
12386304,65.1015625
12390400,65.1015625
12394496,65.1015625
12398592,65.1015625
12402688,65.1015625
12406784,65.1015625
12410880,65.1015625
12414976,65.1015625
12419072,65.1015625
12423168,65.1015625
12427264,65.1015625
12431360,65.1015625
12435456,65.1015625
12439552,65.1015625
12443648,65.1015625
12447744,65.1015625
12451840,65.1015625
12455936,65.1015625
12460032,65.1015625
12464128,65.1015625
12468224,65.1015625
12472320,65.1015625
12476416,65.1015625
12480512,65.1015625
12484608,65.1015625
12488704,65.1015625
12492800,65.1015625
12496896,65.1015625
12500992,65.1015625
12505088,65.1015625
12509184,65.1015625
12513280,65.1015625
12517376,65.1015625
12521472,65.1015625
12525568,65.1015625
12529664,65.1015625
12533760,65.1015625
12537856,65.1015625
12541952,65.1015625
12546048,65.1015625
12550144,65.1015625
12554240,65.1015625
12558336,65.1015625
12562432,65.1015625
12566528,65.1015625
12570624,65.1015625
12574720,65.1015625
12578816,65.1015625
12582912,65.1015625
12587008,65.1015625
12591104,65.1015625
12595200,65.1015625
12599296,65.1015625
12603392,65.1015625
12607488,65.1015625
12611584,65.1015625
12615680,65.1015625
12619776,65.1015625
12623872,65.1015625
12627968,65.1015625
12632064,65.1015625
12636160,65.1015625
12640256,65.1015625
12644352,65.1015625
12648448,65.1015625
12652544,65.1015625
12656640,65.1015625
12660736,65.1015625
12664832,65.1015625
12668928,65.1015625
12673024,65.1015625
12677120,65.1015625
12681216,65.1015625
12685312,65.1015625
12689408,65.1015625
12693504,65.1015625
12697600,65.1015625
12701696,65.1015625
12705792,65.1015625
12709888,65.1015625
12713984,65.1015625
12718080,65.1015625
12722176,65.1015625
12726272,65.1015625
12730368,65.1015625
12734464,65.1015625
12738560,65.1015625
12742656,65.1015625
12746752,65.1015625
12750848,65.1015625
12754944,65.1015625
12759040,65.1015625
12763136,65.1015625
12767232,65.1015625
12771328,65.1015625
12775424,65.1015625
12779520,65.1015625
12783616,65.1015625
12787712,65.1015625
12791808,65.1015625
12795904,65.1015625
12800000,65.1015625
12804096,65.1015625
12808192,65.1015625
12812288,65.1015625
12816384,65.1015625
12820480,65.1015625
12824576,65.1015625
12828672,65.1015625
12832768,65.1015625
12836864,65.1015625
12840960,65.1015625
12845056,65.1015625
12849152,65.1015625
12853248,65.1015625
12857344,65.1015625
12861440,65.1015625
12865536,65.1015625
12869632,65.1015625
12873728,65.1015625
12877824,65.1015625
12881920,65.1015625
12886016,65.1015625
12890112,65.1015625
12894208,65.1015625
12898304,65.1015625
12902400,65.1015625
12906496,65.1015625
12910592,65.1015625
12914688,65.1015625
12918784,65.1015625
12922880,65.1015625
12926976,65.1015625
12931072,65.1015625
12935168,65.1015625
12939264,65.1015625
12943360,65.1015625
12947456,65.1015625
12951552,65.1015625
12955648,65.1015625
12959744,65.1015625
12963840,65.1015625
12967936,65.1015625
12972032,65.1015625
12976128,65.1015625
12980224,65.1015625
12984320,65.1015625
12988416,65.1015625
12992512,66.0859375
12996608,66.0859375
13000704,66.0859375
13004800,66.0859375
13008896,66.0859375
13012992,66.0859375
13017088,66.0859375
13021184,66.0859375
13025280,66.0859375
13029376,66.0859375
13033472,66.0859375
13037568,66.0859375
13041664,66.0859375
13045760,66.0859375
13049856,66.0859375
13053952,66.0859375
13058048,66.0859375
13062144,66.0859375
13066240,66.0859375
13070336,66.0859375
13074432,66.0859375
13078528,66.0859375
13082624,66.0859375
13086720,66.0859375
13090816,66.0859375
13094912,66.0859375
13099008,66.0859375
13103104,66.0859375
13107200,66.0859375
13111296,66.0859375
13115392,66.0859375
13119488,66.0859375
13123584,66.0859375
13127680,66.0859375
13131776,66.0859375
13135872,66.0859375
13139968,66.0859375
13144064,66.0859375
13148160,66.0859375
13152256,66.0859375
13156352,66.0859375
13160448,66.0859375
13164544,66.0859375
13168640,66.0859375
13172736,66.0859375
13176832,66.0859375
13180928,66.0859375
13185024,66.0859375
13189120,66.0859375
13193216,66.0859375
13197312,66.0859375
13201408,66.0859375
13205504,66.0859375
13209600,66.0859375
13213696,66.0859375
13217792,66.0859375
13221888,66.0859375
13225984,66.0859375
13230080,66.0859375
13234176,66.0859375
13238272,66.0859375
13242368,66.0859375
13246464,66.0859375
13250560,66.0859375
13254656,66.0859375
13258752,66.0859375
13262848,66.0859375
13266944,66.0859375
13271040,66.0859375
13275136,66.0859375
13279232,66.0859375
13283328,66.0859375
13287424,66.0859375
13291520,66.0859375
13295616,66.0859375
13299712,66.0859375
13303808,66.0859375
13307904,66.0859375
13312000,66.0859375
13316096,66.0859375
13320192,66.0859375
13324288,66.0859375
13328384,66.0859375
13332480,66.0859375
13336576,66.0859375
13340672,66.0859375
13344768,66.0859375
13348864,66.0859375
13352960,66.0859375
13357056,66.0859375
13361152,66.0859375
13365248,66.0859375
13369344,66.0859375
13373440,66.0859375
13377536,66.0859375
13381632,66.0859375
13385728,66.0859375
13389824,66.0859375
13393920,66.0859375
13398016,66.0859375
13402112,66.0859375
13406208,66.0859375
13410304,66.0859375
13414400,66.0859375
13418496,66.0859375
13422592,66.0859375
13426688,66.0859375
13430784,66.0859375
13434880,66.0859375
13438976,66.0859375
13443072,66.0859375
13447168,66.0859375
13451264,66.0859375
13455360,66.0859375
13459456,66.0859375
13463552,66.0859375
13467648,66.0859375
13471744,66.0859375
13475840,66.0859375
13479936,66.0859375
13484032,66.0859375
13488128,66.0859375
13492224,66.0859375
13496320,66.0859375
13500416,66.0859375
13504512,66.0859375
13508608,66.0859375
13512704,66.0859375
13516800,66.0859375
13520896,66.0859375
13524992,66.0859375
13529088,66.0859375
13533184,66.0859375
13537280,66.0859375
13541376,66.0859375
13545472,66.0859375
13549568,66.0859375
13553664,66.0859375
13557760,66.0859375
13561856,66.0859375
13565952,66.0859375
13570048,66.0859375
13574144,66.0859375
13578240,66.0859375
13582336,66.0859375
13586432,66.0859375
13590528,66.0859375
13594624,66.0859375
13598720,66.0859375
13602816,66.0859375
13606912,66.0859375
13611008,66.0859375
13615104,66.0859375
13619200,66.0859375
13623296,66.0859375
13627392,66.0859375
13631488,66.0859375
13635584,66.0859375
13639680,66.0859375
13643776,66.0859375
13647872,66.0859375
13651968,66.0859375
13656064,66.0859375
13660160,66.0859375
13664256,66.0859375
13668352,66.0859375
13672448,66.0859375
13676544,66.0859375
13680640,66.0859375
13684736,66.0859375
13688832,66.0859375
13692928,66.0859375
13697024,66.0859375
13701120,66.0859375
13705216,66.0859375
13709312,66.0859375
13713408,66.0859375
13717504,66.0859375
13721600,66.0859375
13725696,66.0859375
13729792,66.0859375
13733888,66.0859375
13737984,66.0859375
13742080,66.0859375
13746176,66.0859375
13750272,66.0859375
13754368,66.0859375
13758464,66.0859375
13762560,66.0859375
13766656,66.0859375
13770752,66.0859375
13774848,66.0859375
13778944,66.0859375
13783040,66.0859375
13787136,66.0859375
13791232,66.0859375
13795328,66.0859375
13799424,66.0859375
13803520,66.0859375
13807616,66.0859375
13811712,66.0859375
13815808,66.0859375
13819904,66.0859375
13824000,66.0859375
13828096,66.0859375
13832192,66.0859375
13836288,66.0859375
13840384,66.0859375
13844480,66.0859375
13848576,66.0859375
13852672,66.0859375
13856768,66.0859375
13860864,66.0859375
13864960,66.0859375
13869056,66.0859375
13873152,66.0859375
13877248,66.0859375
13881344,66.0859375
13885440,66.0859375
13889536,66.0859375
13893632,66.0859375
13897728,66.0859375
13901824,66.0859375
13905920,66.0859375
13910016,66.0859375
13914112,66.0859375
13918208,66.0859375
13922304,66.0859375
13926400,66.0859375
13930496,66.0859375
13934592,66.0859375
13938688,66.0859375
13942784,66.0859375
13946880,66.0859375
13950976,66.0859375
13955072,66.0859375
13959168,66.0859375
13963264,66.0859375
13967360,66.0859375
13971456,66.0859375
13975552,66.0859375
13979648,66.0859375
13983744,66.0859375
13987840,66.0859375
13991936,65.296875
13996032,65.296875
14000128,65.296875
14004224,65.296875
14008320,65.296875
14012416,65.296875
14016512,65.296875
14020608,65.296875
14024704,65.296875
14028800,65.296875
14032896,65.296875
14036992,65.296875
14041088,65.296875
14045184,65.296875
14049280,65.296875
14053376,65.296875
14057472,65.296875
14061568,65.296875
14065664,65.296875
14069760,65.296875
14073856,65.296875
14077952,65.296875
14082048,65.296875
14086144,65.296875
14090240,65.296875
14094336,65.296875
14098432,65.296875
14102528,65.296875
14106624,65.296875
14110720,65.296875
14114816,65.296875
14118912,65.296875
14123008,65.296875
14127104,65.296875
14131200,65.296875
14135296,65.296875
14139392,65.296875
14143488,65.296875
14147584,65.296875
14151680,65.296875
14155776,65.296875
14159872,65.296875
14163968,65.296875
14168064,65.296875
14172160,65.296875
14176256,65.296875
14180352,65.296875
14184448,65.296875
14188544,65.296875
14192640,65.296875
14196736,65.296875
14200832,65.296875
14204928,65.296875
14209024,65.296875
14213120,65.296875
14217216,65.296875
14221312,65.296875
14225408,65.296875
14229504,65.296875
14233600,65.296875
14237696,65.296875
14241792,65.296875
14245888,65.296875
14249984,65.296875
14254080,65.296875
14258176,65.296875
14262272,65.296875
14266368,65.296875
14270464,65.296875
14274560,65.296875
14278656,65.296875
14282752,65.296875
14286848,65.296875
14290944,65.296875
14295040,65.296875
14299136,65.296875
14303232,65.296875
14307328,65.296875
14311424,65.296875
14315520,65.296875
14319616,65.296875
14323712,65.296875
14327808,65.296875
14331904,65.296875
14336000,65.296875
14340096,65.296875
14344192,65.296875
14348288,65.296875
14352384,65.296875
14356480,65.296875
14360576,65.296875
14364672,65.296875
14368768,65.296875
14372864,65.296875
14376960,65.296875
14381056,65.296875
14385152,65.296875
14389248,65.296875
14393344,65.296875
14397440,65.296875
14401536,65.296875
14405632,65.296875
14409728,65.296875
14413824,65.296875
14417920,65.296875
14422016,65.296875
14426112,65.296875
14430208,65.296875
14434304,65.296875
14438400,65.296875
14442496,65.296875
14446592,65.296875
14450688,65.296875
14454784,65.296875
14458880,65.296875
14462976,65.296875
14467072,65.296875
14471168,65.296875
14475264,65.296875
14479360,65.296875
14483456,65.296875
14487552,65.296875
14491648,65.296875
14495744,65.296875
14499840,65.296875
14503936,65.296875
14508032,65.296875
14512128,65.296875
14516224,65.296875
14520320,65.296875
14524416,65.296875
14528512,65.296875
14532608,65.296875
14536704,65.296875
14540800,65.296875
14544896,65.296875
14548992,65.296875
14553088,65.296875
14557184,65.296875
14561280,65.296875
14565376,65.296875
14569472,65.296875
14573568,65.296875
14577664,65.296875
14581760,65.296875
14585856,65.296875
14589952,65.296875
14594048,65.296875
14598144,65.296875
14602240,65.296875
14606336,65.296875
14610432,65.296875
14614528,65.296875
14618624,65.296875
14622720,65.296875
14626816,65.296875
14630912,65.296875
14635008,65.296875
14639104,65.296875
14643200,65.296875
14647296,65.296875
14651392,65.296875
14655488,65.296875
14659584,65.296875
14663680,65.296875
14667776,65.296875
14671872,65.296875
14675968,65.296875
14680064,65.296875
14684160,65.296875
14688256,65.296875
14692352,65.296875
14696448,65.296875
14700544,65.296875
14704640,65.296875
14708736,65.296875
14712832,65.296875
14716928,65.296875
14721024,65.296875
14725120,65.296875
14729216,65.296875
14733312,65.296875
14737408,65.296875
14741504,65.296875
14745600,65.296875
14749696,65.296875
14753792,65.296875
14757888,65.296875
14761984,65.296875
14766080,65.296875
14770176,65.296875
14774272,65.296875
14778368,65.296875
14782464,65.296875
14786560,65.296875
14790656,65.296875
14794752,65.296875
14798848,65.296875
14802944,65.296875
14807040,65.296875
14811136,65.296875
14815232,65.296875
14819328,65.296875
14823424,65.296875
14827520,65.296875
14831616,65.296875
14835712,65.296875
14839808,65.296875
14843904,65.296875
14848000,65.296875
14852096,65.296875
14856192,65.296875
14860288,65.296875
14864384,65.296875
14868480,65.296875
14872576,65.296875
14876672,65.296875
14880768,65.296875
14884864,65.296875
14888960,65.296875
14893056,65.296875
14897152,65.296875
14901248,65.296875
14905344,65.296875
14909440,65.296875
14913536,65.296875
14917632,65.296875
14921728,65.296875
14925824,65.296875
14929920,65.296875
14934016,65.296875
14938112,65.296875
14942208,65.296875
14946304,65.296875
14950400,65.296875
14954496,65.296875
14958592,65.296875
14962688,65.296875
14966784,65.296875
14970880,65.296875
14974976,65.296875
14979072,65.296875
14983168,65.296875
14987264,65.296875
14991360,65.859375
14995456,65.859375
14999552,65.859375
15003648,65.859375
15007744,65.859375
15011840,65.859375
15015936,65.859375
15020032,65.859375
15024128,65.859375
15028224,65.859375
15032320,65.859375
15036416,65.859375
15040512,65.859375
15044608,65.859375
15048704,65.859375
15052800,65.859375
15056896,65.859375
15060992,65.859375
15065088,65.859375
15069184,65.859375
15073280,65.859375
15077376,65.859375
15081472,65.859375
15085568,65.859375
15089664,65.859375
15093760,65.859375
15097856,65.859375
15101952,65.859375
15106048,65.859375
15110144,65.859375
15114240,65.859375
15118336,65.859375
15122432,65.859375
15126528,65.859375
15130624,65.859375
15134720,65.859375
15138816,65.859375
15142912,65.859375
15147008,65.859375
15151104,65.859375
15155200,65.859375
15159296,65.859375
15163392,65.859375
15167488,65.859375
15171584,65.859375
15175680,65.859375
15179776,65.859375
15183872,65.859375
15187968,65.859375
15192064,65.859375
15196160,65.859375
15200256,65.859375
15204352,65.859375
15208448,65.859375
15212544,65.859375
15216640,65.859375
15220736,65.859375
15224832,65.859375
15228928,65.859375
15233024,65.859375
15237120,65.859375
15241216,65.859375
15245312,65.859375
15249408,65.859375
15253504,65.859375
15257600,65.859375
15261696,65.859375
15265792,65.859375
15269888,65.859375
15273984,65.859375
15278080,65.859375
15282176,65.859375
15286272,65.859375
15290368,65.859375
15294464,65.859375
15298560,65.859375
15302656,65.859375
15306752,65.859375
15310848,65.859375
15314944,65.859375
15319040,65.859375
15323136,65.859375
15327232,65.859375
15331328,65.859375
15335424,65.859375
15339520,65.859375
15343616,65.859375
15347712,65.859375
15351808,65.859375
15355904,65.859375
15360000,65.859375
15364096,65.859375
15368192,65.859375
15372288,65.859375
15376384,65.859375
15380480,65.859375
15384576,65.859375
15388672,65.859375
15392768,65.859375
15396864,65.859375
15400960,65.859375
15405056,65.859375
15409152,65.859375
15413248,65.859375
15417344,65.859375
15421440,65.859375
15425536,65.859375
15429632,65.859375
15433728,65.859375
15437824,65.859375
15441920,65.859375
15446016,65.859375
15450112,65.859375
15454208,65.859375
15458304,65.859375
15462400,65.859375
15466496,65.859375
15470592,65.859375
15474688,65.859375
15478784,65.859375
15482880,65.859375
15486976,65.859375
15491072,65.859375
15495168,65.859375
15499264,65.859375
15503360,65.859375
15507456,65.859375
15511552,65.859375
15515648,65.859375
15519744,65.859375
15523840,65.859375
15527936,65.859375
15532032,65.859375
15536128,65.859375
15540224,65.859375
15544320,65.859375
15548416,65.859375
15552512,65.859375
15556608,65.859375
15560704,65.859375
15564800,65.859375
15568896,65.859375
15572992,65.859375
15577088,65.859375
15581184,65.859375
15585280,65.859375
15589376,65.859375
15593472,65.859375
15597568,65.859375
15601664,65.859375
15605760,65.859375
15609856,65.859375
15613952,65.859375
15618048,65.859375
15622144,65.859375
15626240,65.859375
15630336,65.859375
15634432,65.859375
15638528,65.859375
15642624,65.859375
15646720,65.859375
15650816,65.859375
15654912,65.859375
15659008,65.859375
15663104,65.859375
15667200,65.859375
15671296,65.859375
15675392,65.859375
15679488,65.859375
15683584,65.859375
15687680,65.859375
15691776,65.859375
15695872,65.859375
15699968,65.859375
15704064,65.859375
15708160,65.859375
15712256,65.859375
15716352,65.859375
15720448,65.859375
15724544,65.859375
15728640,65.859375
15732736,65.859375
15736832,65.859375
15740928,65.859375
15745024,65.859375
15749120,65.859375
15753216,65.859375
15757312,65.859375
15761408,65.859375
15765504,65.859375
15769600,65.859375
15773696,65.859375
15777792,65.859375
15781888,65.859375
15785984,65.859375
15790080,65.859375
15794176,65.859375
15798272,65.859375
15802368,65.859375
15806464,65.859375
15810560,65.859375
15814656,65.859375
15818752,65.859375
15822848,65.859375
15826944,65.859375
15831040,65.859375
15835136,65.859375
15839232,65.859375
15843328,65.859375
15847424,65.859375
15851520,65.859375
15855616,65.859375
15859712,65.859375
15863808,65.859375
15867904,65.859375
15872000,65.859375
15876096,65.859375
15880192,65.859375
15884288,65.859375
15888384,65.859375
15892480,65.859375
15896576,65.859375
15900672,65.859375
15904768,65.859375
15908864,65.859375
15912960,65.859375
15917056,65.859375
15921152,65.859375
15925248,65.859375
15929344,65.859375
15933440,65.859375
15937536,65.859375
15941632,65.859375
15945728,65.859375
15949824,65.859375
15953920,65.859375
15958016,65.859375
15962112,65.859375
15966208,65.859375
15970304,65.859375
15974400,65.859375
15978496,65.859375
15982592,65.859375
15986688,65.859375
15990784,65.6484375
15994880,65.6484375
15998976,65.6484375
16003072,65.6484375
16007168,65.6484375
16011264,65.6484375
16015360,65.6484375
16019456,65.6484375
16023552,65.6484375
16027648,65.6484375
16031744,65.6484375
16035840,65.6484375
16039936,65.6484375
16044032,65.6484375
16048128,65.6484375
16052224,65.6484375
16056320,65.6484375
16060416,65.6484375
16064512,65.6484375
16068608,65.6484375
16072704,65.6484375
16076800,65.6484375
16080896,65.6484375
16084992,65.6484375
16089088,65.6484375
16093184,65.6484375
16097280,65.6484375
16101376,65.6484375
16105472,65.6484375
16109568,65.6484375
16113664,65.6484375
16117760,65.6484375
16121856,65.6484375
16125952,65.6484375
16130048,65.6484375
16134144,65.6484375
16138240,65.6484375
16142336,65.6484375
16146432,65.6484375
16150528,65.6484375
16154624,65.6484375
16158720,65.6484375
16162816,65.6484375
16166912,65.6484375
16171008,65.6484375
16175104,65.6484375
16179200,65.6484375
16183296,65.6484375
16187392,65.6484375
16191488,65.6484375
16195584,65.6484375
16199680,65.6484375
16203776,65.6484375
16207872,65.6484375
16211968,65.6484375
16216064,65.6484375
16220160,65.6484375
16224256,65.6484375
16228352,65.6484375
16232448,65.6484375
16236544,65.6484375
16240640,65.6484375
16244736,65.6484375
16248832,65.6484375
16252928,65.6484375
16257024,65.6484375
16261120,65.6484375
16265216,65.6484375
16269312,65.6484375
16273408,65.6484375
16277504,65.6484375
16281600,65.6484375
16285696,65.6484375
16289792,65.6484375
16293888,65.6484375
16297984,65.6484375
16302080,65.6484375
16306176,65.6484375
16310272,65.6484375
16314368,65.6484375
16318464,65.6484375
16322560,65.6484375
16326656,65.6484375
16330752,65.6484375
16334848,65.6484375
16338944,65.6484375
16343040,65.6484375
16347136,65.6484375
16351232,65.6484375
16355328,65.6484375
16359424,65.6484375
16363520,65.6484375
16367616,65.6484375
16371712,65.6484375
16375808,65.6484375
16379904,65.6484375
16384000,65.6484375
16388096,65.6484375
16392192,65.6484375
16396288,65.6484375
16400384,65.6484375
16404480,65.6484375
16408576,65.6484375
16412672,65.6484375
16416768,65.6484375
16420864,65.6484375
16424960,65.6484375
16429056,65.6484375
16433152,65.6484375
16437248,65.6484375
16441344,65.6484375
16445440,65.6484375
16449536,65.6484375
16453632,65.6484375
16457728,65.6484375
16461824,65.6484375
16465920,65.6484375
16470016,65.6484375
16474112,65.6484375
16478208,65.6484375
16482304,65.6484375
16486400,65.6484375
16490496,65.6484375
16494592,65.6484375
16498688,65.6484375
16502784,65.6484375
16506880,65.6484375
16510976,65.6484375
16515072,65.6484375
16519168,65.6484375
16523264,65.6484375
16527360,65.6484375
16531456,65.6484375
16535552,65.6484375
16539648,65.6484375
16543744,65.6484375
16547840,65.6484375
16551936,65.6484375
16556032,65.6484375
16560128,65.6484375
16564224,65.6484375
16568320,65.6484375
16572416,65.6484375
16576512,65.6484375
16580608,65.6484375
16584704,65.6484375
16588800,65.6484375
16592896,65.6484375
16596992,65.6484375
16601088,65.6484375
16605184,65.6484375
16609280,65.6484375
16613376,65.6484375
16617472,65.6484375
16621568,65.6484375
16625664,65.6484375
16629760,65.6484375
16633856,65.6484375
16637952,65.6484375
16642048,65.6484375
16646144,65.6484375
16650240,65.6484375
16654336,65.6484375
16658432,65.6484375
16662528,65.6484375
16666624,65.6484375
16670720,65.6484375
16674816,65.6484375
16678912,65.6484375
16683008,65.6484375
16687104,65.6484375
16691200,65.6484375
16695296,65.6484375
16699392,65.6484375
16703488,65.6484375
16707584,65.6484375
16711680,65.6484375
16715776,65.6484375
16719872,65.6484375
16723968,65.6484375
16728064,65.6484375
16732160,65.6484375
16736256,65.6484375
16740352,65.6484375
16744448,65.6484375
16748544,65.6484375
16752640,65.6484375
16756736,65.6484375
16760832,65.6484375
16764928,65.6484375
16769024,65.6484375
16773120,65.6484375
16777216,65.6484375
16781312,65.6484375
16785408,65.6484375
16789504,65.6484375
16793600,65.6484375
16797696,65.6484375
16801792,65.6484375
16805888,65.6484375
16809984,65.6484375
16814080,65.6484375
16818176,65.6484375
16822272,65.6484375
16826368,65.6484375
16830464,65.6484375
16834560,65.6484375
16838656,65.6484375
16842752,65.6484375
16846848,65.6484375
16850944,65.6484375
16855040,65.6484375
16859136,65.6484375
16863232,65.6484375
16867328,65.6484375
16871424,65.6484375
16875520,65.6484375
16879616,65.6484375
16883712,65.6484375
16887808,65.6484375
16891904,65.6484375
16896000,65.6484375
16900096,65.6484375
16904192,65.6484375
16908288,65.6484375
16912384,65.6484375
16916480,65.6484375
16920576,65.6484375
16924672,65.6484375
16928768,65.6484375
16932864,65.6484375
16936960,65.6484375
16941056,65.6484375
16945152,65.6484375
16949248,65.6484375
16953344,65.6484375
16957440,65.6484375
16961536,65.6484375
16965632,65.6484375
16969728,65.6484375
16973824,65.6484375
16977920,65.6484375
16982016,65.6484375
16986112,65.6484375
16990208,66.09375
16994304,66.09375
16998400,66.09375
17002496,66.09375
17006592,66.09375
17010688,66.09375
17014784,66.09375
17018880,66.09375
17022976,66.09375
17027072,66.09375
17031168,66.09375
17035264,66.09375
17039360,66.09375
17043456,66.09375
17047552,66.09375
17051648,66.09375
17055744,66.09375
17059840,66.09375
17063936,66.09375
17068032,66.09375
17072128,66.09375
17076224,66.09375
17080320,66.09375
17084416,66.09375
17088512,66.09375
17092608,66.09375
17096704,66.09375
17100800,66.09375
17104896,66.09375
17108992,66.09375
17113088,66.09375
17117184,66.09375
17121280,66.09375
17125376,66.09375
17129472,66.09375
17133568,66.09375
17137664,66.09375
17141760,66.09375
17145856,66.09375
17149952,66.09375
17154048,66.09375
17158144,66.09375
17162240,66.09375
17166336,66.09375
17170432,66.09375
17174528,66.09375
17178624,66.09375
17182720,66.09375
17186816,66.09375
17190912,66.09375
17195008,66.09375
17199104,66.09375
17203200,66.09375
17207296,66.09375
17211392,66.09375
17215488,66.09375
17219584,66.09375
17223680,66.09375
17227776,66.09375
17231872,66.09375
17235968,66.09375
17240064,66.09375
17244160,66.09375
17248256,66.09375
17252352,66.09375
17256448,66.09375
17260544,66.09375
17264640,66.09375
17268736,66.09375
17272832,66.09375
17276928,66.09375
17281024,66.09375
17285120,66.09375
17289216,66.09375
17293312,66.09375
17297408,66.09375
17301504,66.09375
17305600,66.09375
17309696,66.09375
17313792,66.09375
17317888,66.09375
17321984,66.09375
17326080,66.09375
17330176,66.09375
17334272,66.09375
17338368,66.09375
17342464,66.09375
17346560,66.09375
17350656,66.09375
17354752,66.09375
17358848,66.09375
17362944,66.09375
17367040,66.09375
17371136,66.09375
17375232,66.09375
17379328,66.09375
17383424,66.09375
17387520,66.09375
17391616,66.09375
17395712,66.09375
17399808,66.09375
17403904,66.09375
17408000,66.09375
17412096,66.09375
17416192,66.09375
17420288,66.09375
17424384,66.09375
17428480,66.09375
17432576,66.09375
17436672,66.09375
17440768,66.09375
17444864,66.09375
17448960,66.09375
17453056,66.09375
17457152,66.09375
17461248,66.09375
17465344,66.09375
17469440,66.09375
17473536,66.09375
17477632,66.09375
17481728,66.09375
17485824,66.09375
17489920,66.09375
17494016,66.09375
17498112,66.09375
17502208,66.09375
17506304,66.09375
17510400,66.09375
17514496,66.09375
17518592,66.09375
17522688,66.09375
17526784,66.09375
17530880,66.09375
17534976,66.09375
17539072,66.09375
17543168,66.09375
17547264,66.09375
17551360,66.09375
17555456,66.09375
17559552,66.09375
17563648,66.09375
17567744,66.09375
17571840,66.09375
17575936,66.09375
17580032,66.09375
17584128,66.09375
17588224,66.09375
17592320,66.09375
17596416,66.09375
17600512,66.09375
17604608,66.09375
17608704,66.09375
17612800,66.09375
17616896,66.09375
17620992,66.09375
17625088,66.09375
17629184,66.09375
17633280,66.09375
17637376,66.09375
17641472,66.09375
17645568,66.09375
17649664,66.09375
17653760,66.09375
17657856,66.09375
17661952,66.09375
17666048,66.09375
17670144,66.09375
17674240,66.09375
17678336,66.09375
17682432,66.09375
17686528,66.09375
17690624,66.09375
17694720,66.09375
17698816,66.09375
17702912,66.09375
17707008,66.09375
17711104,66.09375
17715200,66.09375
17719296,66.09375
17723392,66.09375
17727488,66.09375
17731584,66.09375
17735680,66.09375
17739776,66.09375
17743872,66.09375
17747968,66.09375
17752064,66.09375
17756160,66.09375
17760256,66.09375
17764352,66.09375
17768448,66.09375
17772544,66.09375
17776640,66.09375
17780736,66.09375
17784832,66.09375
17788928,66.09375
17793024,66.09375
17797120,66.09375
17801216,66.09375
17805312,66.09375
17809408,66.09375
17813504,66.09375
17817600,66.09375
17821696,66.09375
17825792,66.09375
17829888,66.09375
17833984,66.09375
17838080,66.09375
17842176,66.09375
17846272,66.09375
17850368,66.09375
17854464,66.09375
17858560,66.09375
17862656,66.09375
17866752,66.09375
17870848,66.09375
17874944,66.09375
17879040,66.09375
17883136,66.09375
17887232,66.09375
17891328,66.09375
17895424,66.09375
17899520,66.09375
17903616,66.09375
17907712,66.09375
17911808,66.09375
17915904,66.09375
17920000,66.09375
17924096,66.09375
17928192,66.09375
17932288,66.09375
17936384,66.09375
17940480,66.09375
17944576,66.09375
17948672,66.09375
17952768,66.09375
17956864,66.09375
17960960,66.09375
17965056,66.09375
17969152,66.09375
17973248,66.09375
17977344,66.09375
17981440,66.09375
17985536,66.09375
17989632,67.25
17993728,67.25
17997824,67.25
18001920,67.25
18006016,67.25
18010112,67.25
18014208,67.25
18018304,67.25
18022400,67.25
18026496,67.25
18030592,67.25
18034688,67.25
18038784,67.25
18042880,67.25
18046976,67.25
18051072,67.25
18055168,67.25
18059264,67.25
18063360,67.25
18067456,67.25
18071552,67.25
18075648,67.25
18079744,67.25
18083840,67.25
18087936,67.25
18092032,67.25
18096128,67.25
18100224,67.25
18104320,67.25
18108416,67.25
18112512,67.25
18116608,67.25
18120704,67.25
18124800,67.25
18128896,67.25
18132992,67.25
18137088,67.25
18141184,67.25
18145280,67.25
18149376,67.25
18153472,67.25
18157568,67.25
18161664,67.25
18165760,67.25
18169856,67.25
18173952,67.25
18178048,67.25
18182144,67.25
18186240,67.25
18190336,67.25
18194432,67.25
18198528,67.25
18202624,67.25
18206720,67.25
18210816,67.25
18214912,67.25
18219008,67.25
18223104,67.25
18227200,67.25
18231296,67.25
18235392,67.25
18239488,67.25
18243584,67.25
18247680,67.25
18251776,67.25
18255872,67.25
18259968,67.25
18264064,67.25
18268160,67.25
18272256,67.25
18276352,67.25
18280448,67.25
18284544,67.25
18288640,67.25
18292736,67.25
18296832,67.25
18300928,67.25
18305024,67.25
18309120,67.25
18313216,67.25
18317312,67.25
18321408,67.25
18325504,67.25
18329600,67.25
18333696,67.25
18337792,67.25
18341888,67.25
18345984,67.25
18350080,67.25
18354176,67.25
18358272,67.25
18362368,67.25
18366464,67.25
18370560,67.25
18374656,67.25
18378752,67.25
18382848,67.25
18386944,67.25
18391040,67.25
18395136,67.25
18399232,67.25
18403328,67.25
18407424,67.25
18411520,67.25
18415616,67.25
18419712,67.25
18423808,67.25
18427904,67.25
18432000,67.25
18436096,67.25
18440192,67.25
18444288,67.25
18448384,67.25
18452480,67.25
18456576,67.25
18460672,67.25
18464768,67.25
18468864,67.25
18472960,67.25
18477056,67.25
18481152,67.25
18485248,67.25
18489344,67.25
18493440,67.25
18497536,67.25
18501632,67.25
18505728,67.25
18509824,67.25
18513920,67.25
18518016,67.25
18522112,67.25
18526208,67.25
18530304,67.25
18534400,67.25
18538496,67.25
18542592,67.25
18546688,67.25
18550784,67.25
18554880,67.25
18558976,67.25
18563072,67.25
18567168,67.25
18571264,67.25
18575360,67.25
18579456,67.25
18583552,67.25
18587648,67.25
18591744,67.25
18595840,67.25
18599936,67.25
18604032,67.25
18608128,67.25
18612224,67.25
18616320,67.25
18620416,67.25
18624512,67.25
18628608,67.25
18632704,67.25
18636800,67.25
18640896,67.25
18644992,67.25
18649088,67.25
18653184,67.25
18657280,67.25
18661376,67.25
18665472,67.25
18669568,67.25
18673664,67.25
18677760,67.25
18681856,67.25
18685952,67.25
18690048,67.25
18694144,67.25
18698240,67.25
18702336,67.25
18706432,67.25
18710528,67.25
18714624,67.25
18718720,67.25
18722816,67.25
18726912,67.25
18731008,67.25
18735104,67.25
18739200,67.25
18743296,67.25
18747392,67.25
18751488,67.25
18755584,67.25
18759680,67.25
18763776,67.25
18767872,67.25
18771968,67.25
18776064,67.25
18780160,67.25
18784256,67.25
18788352,67.25
18792448,67.25
18796544,67.25
18800640,67.25
18804736,67.25
18808832,67.25
18812928,67.25
18817024,67.25
18821120,67.25
18825216,67.25
18829312,67.25
18833408,67.25
18837504,67.25
18841600,67.25
18845696,67.25
18849792,67.25
18853888,67.25
18857984,67.25
18862080,67.25
18866176,67.25
18870272,67.25
18874368,67.25
18878464,67.25
18882560,67.25
18886656,67.25
18890752,67.25
18894848,67.25
18898944,67.25
18903040,67.25
18907136,67.25
18911232,67.25
18915328,67.25
18919424,67.25
18923520,67.25
18927616,67.25
18931712,67.25
18935808,67.25
18939904,67.25
18944000,67.25
18948096,67.25
18952192,67.25
18956288,67.25
18960384,67.25
18964480,67.25
18968576,67.25
18972672,67.25
18976768,67.25
18980864,67.25
18984960,67.25
18989056,66.71875
18993152,66.71875
18997248,66.71875
19001344,66.71875
19005440,66.71875
19009536,66.71875
19013632,66.71875
19017728,66.71875
19021824,66.71875
19025920,66.71875
19030016,66.71875
19034112,66.71875
19038208,66.71875
19042304,66.71875
19046400,66.71875
19050496,66.71875
19054592,66.71875
19058688,66.71875
19062784,66.71875
19066880,66.71875
19070976,66.71875
19075072,66.71875
19079168,66.71875
19083264,66.71875
19087360,66.71875
19091456,66.71875
19095552,66.71875
19099648,66.71875
19103744,66.71875
19107840,66.71875
19111936,66.71875
19116032,66.71875
19120128,66.71875
19124224,66.71875
19128320,66.71875
19132416,66.71875
19136512,66.71875
19140608,66.71875
19144704,66.71875
19148800,66.71875
19152896,66.71875
19156992,66.71875
19161088,66.71875
19165184,66.71875
19169280,66.71875
19173376,66.71875
19177472,66.71875
19181568,66.71875
19185664,66.71875
19189760,66.71875
19193856,66.71875
19197952,66.71875
19202048,66.71875
19206144,66.71875
19210240,66.71875
19214336,66.71875
19218432,66.71875
19222528,66.71875
19226624,66.71875
19230720,66.71875
19234816,66.71875
19238912,66.71875
19243008,66.71875
19247104,66.71875
19251200,66.71875
19255296,66.71875
19259392,66.71875
19263488,66.71875
19267584,66.71875
19271680,66.71875
19275776,66.71875
19279872,66.71875
19283968,66.71875
19288064,66.71875
19292160,66.71875
19296256,66.71875
19300352,66.71875
19304448,66.71875
19308544,66.71875
19312640,66.71875
19316736,66.71875
19320832,66.71875
19324928,66.71875
19329024,66.71875
19333120,66.71875
19337216,66.71875
19341312,66.71875
19345408,66.71875
19349504,66.71875
19353600,66.71875
19357696,66.71875
19361792,66.71875
19365888,66.71875
19369984,66.71875
19374080,66.71875
19378176,66.71875
19382272,66.71875
19386368,66.71875
19390464,66.71875
19394560,66.71875
19398656,66.71875
19402752,66.71875
19406848,66.71875
19410944,66.71875
19415040,66.71875
19419136,66.71875
19423232,66.71875
19427328,66.71875
19431424,66.71875
19435520,66.71875
19439616,66.71875
19443712,66.71875
19447808,66.71875
19451904,66.71875
19456000,66.71875
19460096,66.71875
19464192,66.71875
19468288,66.71875
19472384,66.71875
19476480,66.71875
19480576,66.71875
19484672,66.71875
19488768,66.71875
19492864,66.71875
19496960,66.71875
19501056,66.71875
19505152,66.71875
19509248,66.71875
19513344,66.71875
19517440,66.71875
19521536,66.71875
19525632,66.71875
19529728,66.71875
19533824,66.71875
19537920,66.71875
19542016,66.71875
19546112,66.71875
19550208,66.71875
19554304,66.71875
19558400,66.71875
19562496,66.71875
19566592,66.71875
19570688,66.71875
19574784,66.71875
19578880,66.71875
19582976,66.71875
19587072,66.71875
19591168,66.71875
19595264,66.71875
19599360,66.71875
19603456,66.71875
19607552,66.71875
19611648,66.71875
19615744,66.71875
19619840,66.71875
19623936,66.71875
19628032,66.71875
19632128,66.71875
19636224,66.71875
19640320,66.71875
19644416,66.71875
19648512,66.71875
19652608,66.71875
19656704,66.71875
19660800,66.71875
19664896,66.71875
19668992,66.71875
19673088,66.71875
19677184,66.71875
19681280,66.71875
19685376,66.71875
19689472,66.71875
19693568,66.71875
19697664,66.71875
19701760,66.71875
19705856,66.71875
19709952,66.71875
19714048,66.71875
19718144,66.71875
19722240,66.71875
19726336,66.71875
19730432,66.71875
19734528,66.71875
19738624,66.71875
19742720,66.71875
19746816,66.71875
19750912,66.71875
19755008,66.71875
19759104,66.71875
19763200,66.71875
19767296,66.71875
19771392,66.71875
19775488,66.71875
19779584,66.71875
19783680,66.71875
19787776,66.71875
19791872,66.71875
19795968,66.71875
19800064,66.71875
19804160,66.71875
19808256,66.71875
19812352,66.71875
19816448,66.71875
19820544,66.71875
19824640,66.71875
19828736,66.71875
19832832,66.71875
19836928,66.71875
19841024,66.71875
19845120,66.71875
19849216,66.71875
19853312,66.71875
19857408,66.71875
19861504,66.71875
19865600,66.71875
19869696,66.71875
19873792,66.71875
19877888,66.71875
19881984,66.71875
19886080,66.71875
19890176,66.71875
19894272,66.71875
19898368,66.71875
19902464,66.71875
19906560,66.71875
19910656,66.71875
19914752,66.71875
19918848,66.71875
19922944,66.71875
19927040,66.71875
19931136,66.71875
19935232,66.71875
19939328,66.71875
19943424,66.71875
19947520,66.71875
19951616,66.71875
19955712,66.71875
19959808,66.71875
19963904,66.71875
19968000,66.71875
19972096,66.71875
19976192,66.71875
19980288,66.71875
19984384,66.71875
19988480,67.046875
19992576,67.046875
19996672,67.046875
