env_step,pqn_SpaceInvaders-MinAtar - test_returned_episode_returns
4096,0
8192,0
12288,0
16384,0
20480,0
24576,0
28672,0
32768,0
36864,0
40960,0
45056,0
49152,0
53248,0
57344,0
61440,0
65536,0
69632,0
73728,0
77824,0
81920,0
86016,0
90112,0
94208,0
98304,0
102400,0
106496,0
110592,0
114688,0
118784,0
122880,0
126976,0
131072,0
135168,0
139264,0
143360,0
147456,0
151552,0
155648,0
159744,0
163840,0
167936,0
172032,0
176128,0
180224,0
184320,0
188416,0
192512,0
196608,0
200704,0
204800,0
208896,0
212992,0
217088,0
221184,0
225280,0
229376,0
233472,0
237568,0
241664,0
245760,0
249856,0
253952,0
258048,0
262144,0
266240,0
270336,0
274432,0
278528,0
282624,0
286720,0
290816,0
294912,0
299008,0
303104,0
307200,0
311296,0
315392,0
319488,0
323584,0
327680,0
331776,0
335872,0
339968,0
344064,0
348160,0
352256,0
356352,0
360448,0
364544,0
368640,0
372736,0
376832,0
380928,0
385024,0
389120,0
393216,0
397312,0
401408,0
405504,0
409600,0
413696,0
417792,0
421888,0
425984,0
430080,0
434176,0
438272,0
442368,0
446464,0
450560,0
454656,0
458752,0
462848,0
466944,0
471040,0
475136,0
479232,0
483328,0
487424,0
491520,0
495616,0
499712,0
503808,0
507904,0
512000,0
516096,0
520192,0
524288,0
528384,0
532480,0
536576,0
540672,0
544768,0
548864,0
552960,0
557056,0
561152,0
565248,0
569344,0
573440,0
577536,0
581632,0
585728,0
589824,0
593920,0
598016,0
602112,0
606208,0
610304,0
614400,0
618496,0
622592,0
626688,0
630784,0
634880,0
638976,0
643072,0
647168,0
651264,0
655360,0
659456,0
663552,0
667648,0
671744,0
675840,0
679936,0
684032,0
688128,0
692224,0
696320,0
700416,0
704512,0
708608,0
712704,0
716800,0
720896,0
724992,0
729088,0
733184,0
737280,0
741376,0
745472,0
749568,0
753664,0
757760,0
761856,0
765952,0
770048,0
774144,0
778240,0
782336,0
786432,0
790528,0
794624,0
798720,0
802816,0
806912,0
811008,0
815104,0
819200,0
823296,0
827392,0
831488,0
835584,0
839680,0
843776,0
847872,0
851968,0
856064,0
860160,0
864256,0
868352,0
872448,0
876544,0
880640,0
884736,0
888832,0
892928,0
897024,0
901120,0
905216,0
909312,0
913408,0
917504,0
921600,0
925696,0
929792,0
933888,0
937984,0
942080,0
946176,0
950272,0
954368,0
958464,0
962560,0
966656,0
970752,0
974848,0
978944,0
983040,0
987136,0
991232,0
995328,0
999424,27
1003520,27
1007616,27
1011712,27
1015808,27
1019904,27
1024000,27
1028096,27
1032192,27
1036288,27
1040384,27
1044480,27
1048576,27
1052672,27
1056768,27
1060864,27
1064960,27
1069056,27
1073152,27
1077248,27
1081344,27
1085440,27
1089536,27
1093632,27
1097728,27
1101824,27
1105920,27
1110016,27
1114112,27
1118208,27
1122304,27
1126400,27
1130496,27
1134592,27
1138688,27
1142784,27
1146880,27
1150976,27
1155072,27
1159168,27
1163264,27
1167360,27
1171456,27
1175552,27
1179648,27
1183744,27
1187840,27
1191936,27
1196032,27
1200128,27
1204224,27
1208320,27
1212416,27
1216512,27
1220608,27
1224704,27
1228800,27
1232896,27
1236992,27
1241088,27
1245184,27
1249280,27
1253376,27
1257472,27
1261568,27
1265664,27
1269760,27
1273856,27
1277952,27
1282048,27
1286144,27
1290240,27
1294336,27
1298432,27
1302528,27
1306624,27
1310720,27
1314816,27
1318912,27
1323008,27
1327104,27
1331200,27
1335296,27
1339392,27
1343488,27
1347584,27
1351680,27
1355776,27
1359872,27
1363968,27
1368064,27
1372160,27
1376256,27
1380352,27
1384448,27
1388544,27
1392640,27
1396736,27
1400832,27
1404928,27
1409024,27
1413120,27
1417216,27
1421312,27
1425408,27
1429504,27
1433600,27
1437696,27
1441792,27
1445888,27
1449984,27
1454080,27
1458176,27
1462272,27
1466368,27
1470464,27
1474560,27
1478656,27
1482752,27
1486848,27
1490944,27
1495040,27
1499136,27
1503232,27
1507328,27
1511424,27
1515520,27
1519616,27
1523712,27
1527808,27
1531904,27
1536000,27
1540096,27
1544192,27
1548288,27
1552384,27
1556480,27
1560576,27
1564672,27
1568768,27
1572864,27
1576960,27
1581056,27
1585152,27
1589248,27
1593344,27
1597440,27
1601536,27
1605632,27
1609728,27
1613824,27
1617920,27
1622016,27
1626112,27
1630208,27
1634304,27
1638400,27
1642496,27
1646592,27
1650688,27
1654784,27
1658880,27
1662976,27
1667072,27
1671168,27
1675264,27
1679360,27
1683456,27
1687552,27
1691648,27
1695744,27
1699840,27
1703936,27
1708032,27
1712128,27
1716224,27
1720320,27
1724416,27
1728512,27
1732608,27
1736704,27
1740800,27
1744896,27
1748992,27
1753088,27
1757184,27
1761280,27
1765376,27
1769472,27
1773568,27
1777664,27
1781760,27
1785856,27
1789952,27
1794048,27
1798144,27
1802240,27
1806336,27
1810432,27
1814528,27
1818624,27
1822720,27
1826816,27
1830912,27
1835008,27
1839104,27
1843200,27
1847296,27
1851392,27
1855488,27
1859584,27
1863680,27
1867776,27
1871872,27
1875968,27
1880064,27
1884160,27
1888256,27
1892352,27
1896448,27
1900544,27
1904640,27
1908736,27
1912832,27
1916928,27
1921024,27
1925120,27
1929216,27
1933312,27
1937408,27
1941504,27
1945600,27
1949696,27
1953792,27
1957888,27
1961984,27
1966080,27
1970176,27
1974272,27
1978368,27
1982464,27
1986560,27
1990656,27
1994752,27
1998848,51
2002944,51
2007040,51
2011136,51
2015232,51
2019328,51
2023424,51
2027520,51
2031616,51
2035712,51
2039808,51
2043904,51
2048000,51
2052096,51
2056192,51
2060288,51
2064384,51
2068480,51
2072576,51
2076672,51
2080768,51
2084864,51
2088960,51
2093056,51
2097152,51
2101248,51
2105344,51
2109440,51
2113536,51
2117632,51
2121728,51
2125824,51
2129920,51
2134016,51
2138112,51
2142208,51
2146304,51
2150400,51
2154496,51
2158592,51
2162688,51
2166784,51
2170880,51
2174976,51
2179072,51
2183168,51
2187264,51
2191360,51
2195456,51
2199552,51
2203648,51
2207744,51
2211840,51
2215936,51
2220032,51
2224128,51
2228224,51
2232320,51
2236416,51
2240512,51
2244608,51
2248704,51
2252800,51
2256896,51
2260992,51
2265088,51
2269184,51
2273280,51
2277376,51
2281472,51
2285568,51
2289664,51
2293760,51
2297856,51
2301952,51
2306048,51
2310144,51
2314240,51
2318336,51
2322432,51
2326528,51
2330624,51
2334720,51
2338816,51
2342912,51
2347008,51
2351104,51
2355200,51
2359296,51
2363392,51
2367488,51
2371584,51
2375680,51
2379776,51
2383872,51
2387968,51
2392064,51
2396160,51
2400256,51
2404352,51
2408448,51
2412544,51
2416640,51
2420736,51
2424832,51
2428928,51
2433024,51
2437120,51
2441216,51
2445312,51
2449408,51
2453504,51
2457600,51
2461696,51
2465792,51
2469888,51
2473984,51
2478080,51
2482176,51
2486272,51
2490368,51
2494464,51
2498560,51
2502656,51
2506752,51
2510848,51
2514944,51
2519040,51
2523136,51
2527232,51
2531328,51
2535424,51
2539520,51
2543616,51
2547712,51
2551808,51
2555904,51
2560000,51
2564096,51
2568192,51
2572288,51
2576384,51
2580480,51
2584576,51
2588672,51
2592768,51
2596864,51
2600960,51
2605056,51
2609152,51
2613248,51
2617344,51
2621440,51
2625536,51
2629632,51
2633728,51
2637824,51
2641920,51
2646016,51
2650112,51
2654208,51
2658304,51
2662400,51
2666496,51
2670592,51
2674688,51
2678784,51
2682880,51
2686976,51
2691072,51
2695168,51
2699264,51
2703360,51
2707456,51
2711552,51
2715648,51
2719744,51
2723840,51
2727936,51
2732032,51
2736128,51
2740224,51
2744320,51
2748416,51
2752512,51
2756608,51
2760704,51
2764800,51
2768896,51
2772992,51
2777088,51
2781184,51
2785280,51
2789376,51
2793472,51
2797568,51
2801664,51
2805760,51
2809856,51
2813952,51
2818048,51
2822144,51
2826240,51
2830336,51
2834432,51
2838528,51
2842624,51
2846720,51
2850816,51
2854912,51
2859008,51
2863104,51
2867200,51
2871296,51
2875392,51
2879488,51
2883584,51
2887680,51
2891776,51
2895872,51
2899968,51
2904064,51
2908160,51
2912256,51
2916352,51
2920448,51
2924544,51
2928640,51
2932736,51
2936832,51
2940928,51
2945024,51
2949120,51
2953216,51
2957312,51
2961408,51
2965504,51
2969600,51
2973696,51
2977792,51
2981888,51
2985984,51
2990080,51
2994176,51
2998272,141
3002368,141
3006464,141
3010560,141
3014656,141
3018752,141
3022848,141
3026944,141
3031040,141
3035136,141
3039232,141
3043328,141
3047424,141
3051520,141
3055616,141
3059712,141
3063808,141
3067904,141
3072000,141
3076096,141
3080192,141
3084288,141
3088384,141
3092480,141
3096576,141
3100672,141
3104768,141
3108864,141
3112960,141
3117056,141
3121152,141
3125248,141
3129344,141
3133440,141
3137536,141
3141632,141
3145728,141
3149824,141
3153920,141
3158016,141
3162112,141
3166208,141
3170304,141
3174400,141
3178496,141
3182592,141
3186688,141
3190784,141
3194880,141
3198976,141
3203072,141
3207168,141
3211264,141
3215360,141
3219456,141
3223552,141
3227648,141
3231744,141
3235840,141
3239936,141
3244032,141
3248128,141
3252224,141
3256320,141
3260416,141
3264512,141
3268608,141
3272704,141
3276800,141
3280896,141
3284992,141
3289088,141
3293184,141
3297280,141
3301376,141
3305472,141
3309568,141
3313664,141
3317760,141
3321856,141
3325952,141
3330048,141
3334144,141
3338240,141
3342336,141
3346432,141
3350528,141
3354624,141
3358720,141
3362816,141
3366912,141
3371008,141
3375104,141
3379200,141
3383296,141
3387392,141
3391488,141
3395584,141
3399680,141
3403776,141
3407872,141
3411968,141
3416064,141
3420160,141
3424256,141
3428352,141
3432448,141
3436544,141
3440640,141
3444736,141
3448832,141
3452928,141
3457024,141
3461120,141
3465216,141
3469312,141
3473408,141
3477504,141
3481600,141
3485696,141
3489792,141
3493888,141
3497984,141
3502080,141
3506176,141
3510272,141
3514368,141
3518464,141
3522560,141
3526656,141
3530752,141
3534848,141
3538944,141
3543040,141
3547136,141
3551232,141
3555328,141
3559424,141
3563520,141
3567616,141
3571712,141
3575808,141
3579904,141
3584000,141
3588096,141
3592192,141
3596288,141
3600384,141
3604480,141
3608576,141
3612672,141
3616768,141
3620864,141
3624960,141
3629056,141
3633152,141
3637248,141
3641344,141
3645440,141
3649536,141
3653632,141
3657728,141
3661824,141
3665920,141
3670016,141
3674112,141
3678208,141
3682304,141
3686400,141
3690496,141
3694592,141
3698688,141
3702784,141
3706880,141
3710976,141
3715072,141
3719168,141
3723264,141
3727360,141
3731456,141
3735552,141
3739648,141
3743744,141
3747840,141
3751936,141
3756032,141
3760128,141
3764224,141
3768320,141
3772416,141
3776512,141
3780608,141
3784704,141
3788800,141
3792896,141
3796992,141
3801088,141
3805184,141
3809280,141
3813376,141
3817472,141
3821568,141
3825664,141
3829760,141
3833856,141
3837952,141
3842048,141
3846144,141
3850240,141
3854336,141
3858432,141
3862528,141
3866624,141
3870720,141
3874816,141
3878912,141
3883008,141
3887104,141
3891200,141
3895296,141
3899392,141
3903488,141
3907584,141
3911680,141
3915776,141
3919872,141
3923968,141
3928064,141
3932160,141
3936256,141
3940352,141
3944448,141
3948544,141
3952640,141
3956736,141
3960832,141
3964928,141
3969024,141
3973120,141
3977216,141
3981312,141
3985408,141
3989504,141
3993600,141
3997696,143
4001792,143
4005888,143
4009984,143
4014080,143
4018176,143
4022272,143
4026368,143
4030464,143
4034560,143
4038656,143
4042752,143
4046848,143
4050944,143
4055040,143
4059136,143
4063232,143
4067328,143
4071424,143
4075520,143
4079616,143
4083712,143
4087808,143
4091904,143
4096000,143
4100096,143
4104192,143
4108288,143
4112384,143
4116480,143
4120576,143
4124672,143
4128768,143
4132864,143
4136960,143
4141056,143
4145152,143
4149248,143
4153344,143
4157440,143
4161536,143
4165632,143
4169728,143
4173824,143
4177920,143
4182016,143
4186112,143
4190208,143
4194304,143
4198400,143
4202496,143
4206592,143
4210688,143
4214784,143
4218880,143
4222976,143
4227072,143
4231168,143
4235264,143
4239360,143
4243456,143
4247552,143
4251648,143
4255744,143
4259840,143
4263936,143
4268032,143
4272128,143
4276224,143
4280320,143
4284416,143
4288512,143
4292608,143
4296704,143
4300800,143
4304896,143
4308992,143
4313088,143
4317184,143
4321280,143
4325376,143
4329472,143
4333568,143
4337664,143
4341760,143
4345856,143
4349952,143
4354048,143
4358144,143
4362240,143
4366336,143
4370432,143
4374528,143
4378624,143
4382720,143
4386816,143
4390912,143
4395008,143
4399104,143
4403200,143
4407296,143
4411392,143
4415488,143
4419584,143
4423680,143
4427776,143
4431872,143
4435968,143
4440064,143
4444160,143
4448256,143
4452352,143
4456448,143
4460544,143
4464640,143
4468736,143
4472832,143
4476928,143
4481024,143
4485120,143
4489216,143
4493312,143
4497408,143
4501504,143
4505600,143
4509696,143
4513792,143
4517888,143
4521984,143
4526080,143
4530176,143
4534272,143
4538368,143
4542464,143
4546560,143
4550656,143
4554752,143
4558848,143
4562944,143
4567040,143
4571136,143
4575232,143
4579328,143
4583424,143
4587520,143
4591616,143
4595712,143
4599808,143
4603904,143
4608000,143
4612096,143
4616192,143
4620288,143
4624384,143
4628480,143
4632576,143
4636672,143
4640768,143
4644864,143
4648960,143
4653056,143
4657152,143
4661248,143
4665344,143
4669440,143
4673536,143
4677632,143
4681728,143
4685824,143
4689920,143
4694016,143
4698112,143
4702208,143
4706304,143
4710400,143
4714496,143
4718592,143
4722688,143
4726784,143
4730880,143
4734976,143
4739072,143
4743168,143
4747264,143
4751360,143
4755456,143
4759552,143
4763648,143
4767744,143
4771840,143
4775936,143
4780032,143
4784128,143
4788224,143
4792320,143
4796416,143
4800512,143
4804608,143
4808704,143
4812800,143
4816896,143
4820992,143
4825088,143
4829184,143
4833280,143
4837376,143
4841472,143
4845568,143
4849664,143
4853760,143
4857856,143
4861952,143
4866048,143
4870144,143
4874240,143
4878336,143
4882432,143
4886528,143
4890624,143
4894720,143
4898816,143
4902912,143
4907008,143
4911104,143
4915200,143
4919296,143
4923392,143
4927488,143
4931584,143
4935680,143
4939776,143
4943872,143
4947968,143
4952064,143
4956160,143
4960256,143
4964352,143
4968448,143
4972544,143
4976640,143
4980736,143
4984832,143
4988928,143
4993024,143
4997120,149
5001216,149
5005312,149
5009408,149
5013504,149
5017600,149
5021696,149
5025792,149
5029888,149
5033984,149
5038080,149
5042176,149
5046272,149
5050368,149
5054464,149
5058560,149
5062656,149
5066752,149
5070848,149
5074944,149
5079040,149
5083136,149
5087232,149
5091328,149
5095424,149
5099520,149
5103616,149
5107712,149
5111808,149
5115904,149
5120000,149
5124096,149
5128192,149
5132288,149
5136384,149
5140480,149
5144576,149
5148672,149
5152768,149
5156864,149
5160960,149
5165056,149
5169152,149
5173248,149
5177344,149
5181440,149
5185536,149
5189632,149
5193728,149
5197824,149
5201920,149
5206016,149
5210112,149
5214208,149
5218304,149
5222400,149
5226496,149
5230592,149
5234688,149
5238784,149
5242880,149
5246976,149
5251072,149
5255168,149
5259264,149
5263360,149
5267456,149
5271552,149
5275648,149
5279744,149
5283840,149
5287936,149
5292032,149
5296128,149
5300224,149
5304320,149
5308416,149
5312512,149
5316608,149
5320704,149
5324800,149
5328896,149
5332992,149
5337088,149
5341184,149
5345280,149
5349376,149
5353472,149
5357568,149
5361664,149
5365760,149
5369856,149
5373952,149
5378048,149
5382144,149
5386240,149
5390336,149
5394432,149
5398528,149
5402624,149
5406720,149
5410816,149
5414912,149
5419008,149
5423104,149
5427200,149
5431296,149
5435392,149
5439488,149
5443584,149
5447680,149
5451776,149
5455872,149
5459968,149
5464064,149
5468160,149
5472256,149
5476352,149
5480448,149
5484544,149
5488640,149
5492736,149
5496832,149
5500928,149
5505024,149
5509120,149
5513216,149
5517312,149
5521408,149
5525504,149
5529600,149
5533696,149
5537792,149
5541888,149
5545984,149
5550080,149
5554176,149
5558272,149
5562368,149
5566464,149
5570560,149
5574656,149
5578752,149
5582848,149
5586944,149
5591040,149
5595136,149
5599232,149
5603328,149
5607424,149
5611520,149
5615616,149
5619712,149
5623808,149
5627904,149
5632000,149
5636096,149
5640192,149
5644288,149
5648384,149
5652480,149
5656576,149
5660672,149
5664768,149
5668864,149
5672960,149
5677056,149
5681152,149
5685248,149
5689344,149
5693440,149
5697536,149
5701632,149
5705728,149
5709824,149
5713920,149
5718016,149
5722112,149
5726208,149
5730304,149
5734400,149
5738496,149
5742592,149
5746688,149
5750784,149
5754880,149
5758976,149
5763072,149
5767168,149
5771264,149
5775360,149
5779456,149
5783552,149
5787648,149
5791744,149
5795840,149
5799936,149
5804032,149
5808128,149
5812224,149
5816320,149
5820416,149
5824512,149
5828608,149
5832704,149
5836800,149
5840896,149
5844992,149
5849088,149
5853184,149
5857280,149
5861376,149
5865472,149
5869568,149
5873664,149
5877760,149
5881856,149
5885952,149
5890048,149
5894144,149
5898240,149
5902336,149
5906432,149
5910528,149
5914624,149
5918720,149
5922816,149
5926912,149
5931008,149
5935104,149
5939200,149
5943296,149
5947392,149
5951488,149
5955584,149
5959680,149
5963776,149
5967872,149
5971968,149
5976064,149
5980160,149
5984256,149
5988352,149
5992448,149
5996544,146
6000640,146
6004736,146
6008832,146
6012928,146
6017024,146
6021120,146
6025216,146
6029312,146
6033408,146
6037504,146
6041600,146
6045696,146
6049792,146
6053888,146
6057984,146
6062080,146
6066176,146
6070272,146
6074368,146
6078464,146
6082560,146
6086656,146
6090752,146
6094848,146
6098944,146
6103040,146
6107136,146
6111232,146
6115328,146
6119424,146
6123520,146
6127616,146
6131712,146
6135808,146
6139904,146
6144000,146
6148096,146
6152192,146
6156288,146
6160384,146
6164480,146
6168576,146
6172672,146
6176768,146
6180864,146
6184960,146
6189056,146
6193152,146
6197248,146
6201344,146
6205440,146
6209536,146
6213632,146
6217728,146
6221824,146
6225920,146
6230016,146
6234112,146
6238208,146
6242304,146
6246400,146
6250496,146
6254592,146
6258688,146
6262784,146
6266880,146
6270976,146
6275072,146
6279168,146
6283264,146
6287360,146
6291456,146
6295552,146
6299648,146
6303744,146
6307840,146
6311936,146
6316032,146
6320128,146
6324224,146
6328320,146
6332416,146
6336512,146
6340608,146
6344704,146
6348800,146
6352896,146
6356992,146
6361088,146
6365184,146
6369280,146
6373376,146
6377472,146
6381568,146
6385664,146
6389760,146
6393856,146
6397952,146
6402048,146
6406144,146
6410240,146
6414336,146
6418432,146
6422528,146
6426624,146
6430720,146
6434816,146
6438912,146
6443008,146
6447104,146
6451200,146
6455296,146
6459392,146
6463488,146
6467584,146
6471680,146
6475776,146
6479872,146
6483968,146
6488064,146
6492160,146
6496256,146
6500352,146
6504448,146
6508544,146
6512640,146
6516736,146
6520832,146
6524928,146
6529024,146
6533120,146
6537216,146
6541312,146
6545408,146
6549504,146
6553600,146
6557696,146
6561792,146
6565888,146
6569984,146
6574080,146
6578176,146
6582272,146
6586368,146
6590464,146
6594560,146
6598656,146
6602752,146
6606848,146
6610944,146
6615040,146
6619136,146
6623232,146
6627328,146
6631424,146
6635520,146
6639616,146
6643712,146
6647808,146
6651904,146
6656000,146
6660096,146
6664192,146
6668288,146
6672384,146
6676480,146
6680576,146
6684672,146
6688768,146
6692864,146
6696960,146
6701056,146
6705152,146
6709248,146
6713344,146
6717440,146
6721536,146
6725632,146
6729728,146
6733824,146
6737920,146
6742016,146
6746112,146
6750208,146
6754304,146
6758400,146
6762496,146
6766592,146
6770688,146
6774784,146
6778880,146
6782976,146
6787072,146
6791168,146
6795264,146
6799360,146
6803456,146
6807552,146
6811648,146
6815744,146
6819840,146
6823936,146
6828032,146
6832128,146
6836224,146
6840320,146
6844416,146
6848512,146
6852608,146
6856704,146
6860800,146
6864896,146
6868992,146
6873088,146
6877184,146
6881280,146
6885376,146
6889472,146
6893568,146
6897664,146
6901760,146
6905856,146
6909952,146
6914048,146
6918144,146
6922240,146
6926336,146
6930432,146
6934528,146
6938624,146
6942720,146
6946816,146
6950912,146
6955008,146
6959104,146
6963200,146
6967296,146
6971392,146
6975488,146
6979584,146
6983680,146
6987776,146
6991872,146
6995968,151
7000064,151
7004160,151
7008256,151
7012352,151
7016448,151
7020544,151
7024640,151
7028736,151
7032832,151
7036928,151
7041024,151
7045120,151
7049216,151
7053312,151
7057408,151
7061504,151
7065600,151
7069696,151
7073792,151
7077888,151
7081984,151
7086080,151
7090176,151
7094272,151
7098368,151
7102464,151
7106560,151
7110656,151
7114752,151
7118848,151
7122944,151
7127040,151
7131136,151
7135232,151
7139328,151
7143424,151
7147520,151
7151616,151
7155712,151
7159808,151
7163904,151
7168000,151
7172096,151
7176192,151
7180288,151
7184384,151
7188480,151
7192576,151
7196672,151
7200768,151
7204864,151
7208960,151
7213056,151
7217152,151
7221248,151
7225344,151
7229440,151
7233536,151
7237632,151
7241728,151
7245824,151
7249920,151
7254016,151
7258112,151
7262208,151
7266304,151
7270400,151
7274496,151
7278592,151
7282688,151
7286784,151
7290880,151
7294976,151
7299072,151
7303168,151
7307264,151
7311360,151
7315456,151
7319552,151
7323648,151
7327744,151
7331840,151
7335936,151
7340032,151
7344128,151
7348224,151
7352320,151
7356416,151
7360512,151
7364608,151
7368704,151
7372800,151
7376896,151
7380992,151
7385088,151
7389184,151
7393280,151
7397376,151
7401472,151
7405568,151
7409664,151
7413760,151
7417856,151
7421952,151
7426048,151
7430144,151
7434240,151
7438336,151
7442432,151
7446528,151
7450624,151
7454720,151
7458816,151
7462912,151
7467008,151
7471104,151
7475200,151
7479296,151
7483392,151
7487488,151
7491584,151
7495680,151
7499776,151
7503872,151
7507968,151
7512064,151
7516160,151
7520256,151
7524352,151
7528448,151
7532544,151
7536640,151
7540736,151
7544832,151
7548928,151
7553024,151
7557120,151
7561216,151
7565312,151
7569408,151
7573504,151
7577600,151
7581696,151
7585792,151
7589888,151
7593984,151
7598080,151
7602176,151
7606272,151
7610368,151
7614464,151
7618560,151
7622656,151
7626752,151
7630848,151
7634944,151
7639040,151
7643136,151
7647232,151
7651328,151
7655424,151
7659520,151
7663616,151
7667712,151
7671808,151
7675904,151
7680000,151
7684096,151
7688192,151
7692288,151
7696384,151
7700480,151
7704576,151
7708672,151
7712768,151
7716864,151
7720960,151
7725056,151
7729152,151
7733248,151
7737344,151
7741440,151
7745536,151
7749632,151
7753728,151
7757824,151
7761920,151
7766016,151
7770112,151
7774208,151
7778304,151
7782400,151
7786496,151
7790592,151
7794688,151
7798784,151
7802880,151
7806976,151
7811072,151
7815168,151
7819264,151
7823360,151
7827456,151
7831552,151
7835648,151
7839744,151
7843840,151
7847936,151
7852032,151
7856128,151
7860224,151
7864320,151
7868416,151
7872512,151
7876608,151
7880704,151
7884800,151
7888896,151
7892992,151
7897088,151
7901184,151
7905280,151
7909376,151
7913472,151
7917568,151
7921664,151
7925760,151
7929856,151
7933952,151
7938048,151
7942144,151
7946240,151
7950336,151
7954432,151
7958528,151
7962624,151
7966720,151
7970816,151
7974912,151
7979008,151
7983104,151
7987200,151
7991296,151
7995392,142
7999488,142
8003584,142
8007680,142
8011776,142
8015872,142
8019968,142
8024064,142
8028160,142
8032256,142
8036352,142
8040448,142
8044544,142
8048640,142
8052736,142
8056832,142
8060928,142
8065024,142
8069120,142
8073216,142
8077312,142
8081408,142
8085504,142
8089600,142
8093696,142
8097792,142
8101888,142
8105984,142
8110080,142
8114176,142
8118272,142
8122368,142
8126464,142
8130560,142
8134656,142
8138752,142
8142848,142
8146944,142
8151040,142
8155136,142
8159232,142
8163328,142
8167424,142
8171520,142
8175616,142
8179712,142
8183808,142
8187904,142
8192000,142
8196096,142
8200192,142
8204288,142
8208384,142
8212480,142
8216576,142
8220672,142
8224768,142
8228864,142
8232960,142
8237056,142
8241152,142
8245248,142
8249344,142
8253440,142
8257536,142
8261632,142
8265728,142
8269824,142
8273920,142
8278016,142
8282112,142
8286208,142
8290304,142
8294400,142
8298496,142
8302592,142
8306688,142
8310784,142
8314880,142
8318976,142
8323072,142
8327168,142
8331264,142
8335360,142
8339456,142
8343552,142
8347648,142
8351744,142
8355840,142
8359936,142
8364032,142
8368128,142
8372224,142
8376320,142
8380416,142
8384512,142
8388608,142
8392704,142
8396800,142
8400896,142
8404992,142
8409088,142
8413184,142
8417280,142
8421376,142
8425472,142
8429568,142
8433664,142
8437760,142
8441856,142
8445952,142
8450048,142
8454144,142
8458240,142
8462336,142
8466432,142
8470528,142
8474624,142
8478720,142
8482816,142
8486912,142
8491008,142
8495104,142
8499200,142
8503296,142
8507392,142
8511488,142
8515584,142
8519680,142
8523776,142
8527872,142
8531968,142
8536064,142
8540160,142
8544256,142
8548352,142
8552448,142
8556544,142
8560640,142
8564736,142
8568832,142
8572928,142
8577024,142
8581120,142
8585216,142
8589312,142
8593408,142
8597504,142
8601600,142
8605696,142
8609792,142
8613888,142
8617984,142
8622080,142
8626176,142
8630272,142
8634368,142
8638464,142
8642560,142
8646656,142
8650752,142
8654848,142
8658944,142
8663040,142
8667136,142
8671232,142
8675328,142
8679424,142
8683520,142
8687616,142
8691712,142
8695808,142
8699904,142
8704000,142
8708096,142
8712192,142
8716288,142
8720384,142
8724480,142
8728576,142
8732672,142
8736768,142
8740864,142
8744960,142
8749056,142
8753152,142
8757248,142
8761344,142
8765440,142
8769536,142
8773632,142
8777728,142
8781824,142
8785920,142
8790016,142
8794112,142
8798208,142
8802304,142
8806400,142
8810496,142
8814592,142
8818688,142
8822784,142
8826880,142
8830976,142
8835072,142
8839168,142
8843264,142
8847360,142
8851456,142
8855552,142
8859648,142
8863744,142
8867840,142
8871936,142
8876032,142
8880128,142
8884224,142
8888320,142
8892416,142
8896512,142
8900608,142
8904704,142
8908800,142
8912896,142
8916992,142
8921088,142
8925184,142
8929280,142
8933376,142
8937472,142
8941568,142
8945664,142
8949760,142
8953856,142
8957952,142
8962048,142
8966144,142
8970240,142
8974336,142
8978432,142
8982528,142
8986624,142
8990720,142
8994816,145
8998912,145
9003008,145
9007104,145
9011200,145
9015296,145
9019392,145
9023488,145
9027584,145
9031680,145
9035776,145
9039872,145
9043968,145
9048064,145
9052160,145
9056256,145
9060352,145
9064448,145
9068544,145
9072640,145
9076736,145
9080832,145
9084928,145
9089024,145
9093120,145
9097216,145
9101312,145
9105408,145
9109504,145
9113600,145
9117696,145
9121792,145
9125888,145
9129984,145
9134080,145
9138176,145
9142272,145
9146368,145
9150464,145
9154560,145
9158656,145
9162752,145
9166848,145
9170944,145
9175040,145
9179136,145
9183232,145
9187328,145
9191424,145
9195520,145
9199616,145
9203712,145
9207808,145
9211904,145
9216000,145
9220096,145
9224192,145
9228288,145
9232384,145
9236480,145
9240576,145
9244672,145
9248768,145
9252864,145
9256960,145
9261056,145
9265152,145
9269248,145
9273344,145
9277440,145
9281536,145
9285632,145
9289728,145
9293824,145
9297920,145
9302016,145
9306112,145
9310208,145
9314304,145
9318400,145
9322496,145
9326592,145
9330688,145
9334784,145
9338880,145
9342976,145
9347072,145
9351168,145
9355264,145
9359360,145
9363456,145
9367552,145
9371648,145
9375744,145
9379840,145
9383936,145
9388032,145
9392128,145
9396224,145
9400320,145
9404416,145
9408512,145
9412608,145
9416704,145
9420800,145
9424896,145
9428992,145
9433088,145
9437184,145
9441280,145
9445376,145
9449472,145
9453568,145
9457664,145
9461760,145
9465856,145
9469952,145
9474048,145
9478144,145
9482240,145
9486336,145
9490432,145
9494528,145
9498624,145
9502720,145
9506816,145
9510912,145
9515008,145
9519104,145
9523200,145
9527296,145
9531392,145
9535488,145
9539584,145
9543680,145
9547776,145
9551872,145
9555968,145
9560064,145
9564160,145
9568256,145
9572352,145
9576448,145
9580544,145
9584640,145
9588736,145
9592832,145
9596928,145
9601024,145
9605120,145
9609216,145
9613312,145
9617408,145
9621504,145
9625600,145
9629696,145
9633792,145
9637888,145
9641984,145
9646080,145
9650176,145
9654272,145
9658368,145
9662464,145
9666560,145
9670656,145
9674752,145
9678848,145
9682944,145
9687040,145
9691136,145
9695232,145
9699328,145
9703424,145
9707520,145
9711616,145
9715712,145
9719808,145
9723904,145
9728000,145
9732096,145
9736192,145
9740288,145
9744384,145
9748480,145
9752576,145
9756672,145
9760768,145
9764864,145
9768960,145
9773056,145
9777152,145
9781248,145
9785344,145
9789440,145
9793536,145
9797632,145
9801728,145
9805824,145
9809920,145
9814016,145
9818112,145
9822208,145
9826304,145
9830400,145
9834496,145
9838592,145
9842688,145
9846784,145
9850880,145
9854976,145
9859072,145
9863168,145
9867264,145
9871360,145
9875456,145
9879552,145
9883648,145
9887744,145
9891840,145
9895936,145
9900032,145
9904128,145
9908224,145
9912320,145
9916416,145
9920512,145
9924608,145
9928704,145
9932800,145
9936896,145
9940992,145
9945088,145
9949184,145
9953280,145
9957376,145
9961472,145
9965568,145
9969664,145
9973760,145
9977856,145
9981952,145
9986048,145
9990144,145
9994240,155
9998336,155
10002432,155
10006528,155
10010624,155
10014720,155
10018816,155
10022912,155
10027008,155
10031104,155
10035200,155
10039296,155
10043392,155
10047488,155
10051584,155
10055680,155
10059776,155
10063872,155
10067968,155
10072064,155
10076160,155
10080256,155
10084352,155
10088448,155
10092544,155
10096640,155
10100736,155
10104832,155
10108928,155
10113024,155
10117120,155
10121216,155
10125312,155
10129408,155
10133504,155
10137600,155
10141696,155
10145792,155
10149888,155
10153984,155
10158080,155
10162176,155
10166272,155
10170368,155
10174464,155
10178560,155
10182656,155
10186752,155
10190848,155
10194944,155
10199040,155
10203136,155
10207232,155
10211328,155
10215424,155
10219520,155
10223616,155
10227712,155
10231808,155
10235904,155
10240000,155
10244096,155
10248192,155
10252288,155
10256384,155
10260480,155
10264576,155
10268672,155
10272768,155
10276864,155
10280960,155
10285056,155
10289152,155
10293248,155
10297344,155
10301440,155
10305536,155
10309632,155
10313728,155
10317824,155
10321920,155
10326016,155
10330112,155
10334208,155
10338304,155
10342400,155
10346496,155
10350592,155
10354688,155
10358784,155
10362880,155
10366976,155
10371072,155
10375168,155
10379264,155
10383360,155
10387456,155
10391552,155
10395648,155
10399744,155
10403840,155
10407936,155
10412032,155
10416128,155
10420224,155
10424320,155
10428416,155
10432512,155
10436608,155
10440704,155
10444800,155
10448896,155
10452992,155
10457088,155
10461184,155
10465280,155
10469376,155
10473472,155
10477568,155
10481664,155
10485760,155
10489856,155
10493952,155
10498048,155
10502144,155
10506240,155
10510336,155
10514432,155
10518528,155
10522624,155
10526720,155
10530816,155
10534912,155
10539008,155
10543104,155
10547200,155
10551296,155
10555392,155
10559488,155
10563584,155
10567680,155
10571776,155
10575872,155
10579968,155
10584064,155
10588160,155
10592256,155
10596352,155
10600448,155
10604544,155
10608640,155
10612736,155
10616832,155
10620928,155
10625024,155
10629120,155
10633216,155
10637312,155
10641408,155
10645504,155
10649600,155
10653696,155
10657792,155
10661888,155
10665984,155
10670080,155
10674176,155
10678272,155
10682368,155
10686464,155
10690560,155
10694656,155
10698752,155
10702848,155
10706944,155
10711040,155
10715136,155
10719232,155
10723328,155
10727424,155
10731520,155
10735616,155
10739712,155
10743808,155
10747904,155
10752000,155
10756096,155
10760192,155
10764288,155
10768384,155
10772480,155
10776576,155
10780672,155
10784768,155
10788864,155
10792960,155
10797056,155
10801152,155
10805248,155
10809344,155
10813440,155
10817536,155
10821632,155
10825728,155
10829824,155
10833920,155
10838016,155
10842112,155
10846208,155
10850304,155
10854400,155
10858496,155
10862592,155
10866688,155
10870784,155
10874880,155
10878976,155
10883072,155
10887168,155
10891264,155
10895360,155
10899456,155
10903552,155
10907648,155
10911744,155
10915840,155
10919936,155
10924032,155
10928128,155
10932224,155
10936320,155
10940416,155
10944512,155
10948608,155
10952704,155
10956800,155
10960896,155
10964992,155
10969088,155
10973184,155
10977280,155
10981376,155
10985472,155
10989568,155
10993664,153
10997760,153
11001856,153
11005952,153
11010048,153
11014144,153
11018240,153
11022336,153
11026432,153
11030528,153
11034624,153
11038720,153
11042816,153
11046912,153
11051008,153
11055104,153
11059200,153
11063296,153
11067392,153
11071488,153
11075584,153
11079680,153
11083776,153
11087872,153
11091968,153
11096064,153
11100160,153
11104256,153
11108352,153
11112448,153
11116544,153
11120640,153
11124736,153
11128832,153
11132928,153
11137024,153
11141120,153
11145216,153
11149312,153
11153408,153
11157504,153
11161600,153
11165696,153
11169792,153
11173888,153
11177984,153
11182080,153
11186176,153
11190272,153
11194368,153
11198464,153
11202560,153
11206656,153
11210752,153
11214848,153
11218944,153
11223040,153
11227136,153
11231232,153
11235328,153
11239424,153
11243520,153
11247616,153
11251712,153
11255808,153
11259904,153
11264000,153
11268096,153
11272192,153
11276288,153
11280384,153
11284480,153
11288576,153
11292672,153
11296768,153
11300864,153
11304960,153
11309056,153
11313152,153
11317248,153
11321344,153
11325440,153
11329536,153
11333632,153
11337728,153
11341824,153
11345920,153
11350016,153
11354112,153
11358208,153
11362304,153
11366400,153
11370496,153
11374592,153
11378688,153
11382784,153
11386880,153
11390976,153
11395072,153
11399168,153
11403264,153
11407360,153
11411456,153
11415552,153
11419648,153
11423744,153
11427840,153
11431936,153
11436032,153
11440128,153
11444224,153
11448320,153
11452416,153
11456512,153
11460608,153
11464704,153
11468800,153
11472896,153
11476992,153
11481088,153
11485184,153
11489280,153
11493376,153
11497472,153
11501568,153
11505664,153
11509760,153
11513856,153
11517952,153
11522048,153
11526144,153
11530240,153
11534336,153
11538432,153
11542528,153
11546624,153
11550720,153
11554816,153
11558912,153
11563008,153
11567104,153
11571200,153
11575296,153
11579392,153
11583488,153
11587584,153
11591680,153
11595776,153
11599872,153
11603968,153
11608064,153
11612160,153
11616256,153
11620352,153
11624448,153
11628544,153
11632640,153
11636736,153
11640832,153
11644928,153
11649024,153
11653120,153
11657216,153
11661312,153
11665408,153
11669504,153
11673600,153
11677696,153
11681792,153
11685888,153
11689984,153
11694080,153
11698176,153
11702272,153
11706368,153
11710464,153
11714560,153
11718656,153
11722752,153
11726848,153
11730944,153
11735040,153
11739136,153
11743232,153
11747328,153
11751424,153
11755520,153
11759616,153
11763712,153
11767808,153
11771904,153
11776000,153
11780096,153
11784192,153
11788288,153
11792384,153
11796480,153
11800576,153
11804672,153
11808768,153
11812864,153
11816960,153
11821056,153
11825152,153
11829248,153
11833344,153
11837440,153
11841536,153
11845632,153
11849728,153
11853824,153
11857920,153
11862016,153
11866112,153
11870208,153
11874304,153
11878400,153
11882496,153
11886592,153
11890688,153
11894784,153
11898880,153
11902976,153
11907072,153
11911168,153
11915264,153
11919360,153
11923456,153
11927552,153
11931648,153
11935744,153
11939840,153
11943936,153
11948032,153
11952128,153
11956224,153
11960320,153
11964416,153
11968512,153
11972608,153
11976704,153
11980800,153
11984896,153
11988992,153
11993088,97
11997184,97
12001280,97
12005376,97
12009472,97
12013568,97
12017664,97
12021760,97
12025856,97
12029952,97
12034048,97
12038144,97
12042240,97
12046336,97
12050432,97
12054528,97
12058624,97
12062720,97
12066816,97
12070912,97
12075008,97
12079104,97
12083200,97
12087296,97
12091392,97
12095488,97
12099584,97
12103680,97
12107776,97
12111872,97
12115968,97
12120064,97
12124160,97
12128256,97
12132352,97
12136448,97
12140544,97
12144640,97
12148736,97
12152832,97
12156928,97
12161024,97
12165120,97
12169216,97
12173312,97
12177408,97
12181504,97
12185600,97
12189696,97
12193792,97
12197888,97
12201984,97
12206080,97
12210176,97
12214272,97
12218368,97
12222464,97
12226560,97
12230656,97
12234752,97
12238848,97
12242944,97
12247040,97
12251136,97
12255232,97
12259328,97
12263424,97
12267520,97
12271616,97
12275712,97
12279808,97
12283904,97
12288000,97
12292096,97
12296192,97
12300288,97
12304384,97
12308480,97
12312576,97
12316672,97
12320768,97
12324864,97
12328960,97
12333056,97
12337152,97
12341248,97
12345344,97
12349440,97
12353536,97
12357632,97
12361728,97
12365824,97
12369920,97
12374016,97
12378112,97
12382208,97
12386304,97
12390400,97
12394496,97
12398592,97
12402688,97
12406784,97
12410880,97
12414976,97
12419072,97
12423168,97
12427264,97
12431360,97
12435456,97
12439552,97
12443648,97
12447744,97
12451840,97
12455936,97
12460032,97
12464128,97
12468224,97
12472320,97
12476416,97
12480512,97
12484608,97
12488704,97
12492800,97
12496896,97
12500992,97
12505088,97
12509184,97
12513280,97
12517376,97
12521472,97
12525568,97
12529664,97
12533760,97
12537856,97
12541952,97
12546048,97
12550144,97
12554240,97
12558336,97
12562432,97
12566528,97
12570624,97
12574720,97
12578816,97
12582912,97
12587008,97
12591104,97
12595200,97
12599296,97
12603392,97
12607488,97
12611584,97
12615680,97
12619776,97
12623872,97
12627968,97
12632064,97
12636160,97
12640256,97
12644352,97
12648448,97
12652544,97
12656640,97
12660736,97
12664832,97
12668928,97
12673024,97
12677120,97
12681216,97
12685312,97
12689408,97
12693504,97
12697600,97
12701696,97
12705792,97
12709888,97
12713984,97
12718080,97
12722176,97
12726272,97
12730368,97
12734464,97
12738560,97
12742656,97
12746752,97
12750848,97
12754944,97
12759040,97
12763136,97
12767232,97
12771328,97
12775424,97
12779520,97
12783616,97
12787712,97
12791808,97
12795904,97
12800000,97
12804096,97
12808192,97
12812288,97
12816384,97
12820480,97
12824576,97
12828672,97
12832768,97
12836864,97
12840960,97
12845056,97
12849152,97
12853248,97
12857344,97
12861440,97
12865536,97
12869632,97
12873728,97
12877824,97
12881920,97
12886016,97
12890112,97
12894208,97
12898304,97
12902400,97
12906496,97
12910592,97
12914688,97
12918784,97
12922880,97
12926976,97
12931072,97
12935168,97
12939264,97
12943360,97
12947456,97
12951552,97
12955648,97
12959744,97
12963840,97
12967936,97
12972032,97
12976128,97
12980224,97
12984320,97
12988416,97
12992512,157
12996608,157
13000704,157
13004800,157
13008896,157
13012992,157
13017088,157
13021184,157
13025280,157
13029376,157
13033472,157
13037568,157
13041664,157
13045760,157
13049856,157
13053952,157
13058048,157
13062144,157
13066240,157
13070336,157
13074432,157
13078528,157
13082624,157
13086720,157
13090816,157
13094912,157
13099008,157
13103104,157
13107200,157
13111296,157
13115392,157
13119488,157
13123584,157
13127680,157
13131776,157
13135872,157
13139968,157
13144064,157
13148160,157
13152256,157
13156352,157
13160448,157
13164544,157
13168640,157
13172736,157
13176832,157
13180928,157
13185024,157
13189120,157
13193216,157
13197312,157
13201408,157
13205504,157
13209600,157
13213696,157
13217792,157
13221888,157
13225984,157
13230080,157
13234176,157
13238272,157
13242368,157
13246464,157
13250560,157
13254656,157
13258752,157
13262848,157
13266944,157
13271040,157
13275136,157
13279232,157
13283328,157
13287424,157
13291520,157
13295616,157
13299712,157
13303808,157
13307904,157
13312000,157
13316096,157
13320192,157
13324288,157
13328384,157
13332480,157
13336576,157
13340672,157
13344768,157
13348864,157
13352960,157
13357056,157
13361152,157
13365248,157
13369344,157
13373440,157
13377536,157
13381632,157
13385728,157
13389824,157
13393920,157
13398016,157
13402112,157
13406208,157
13410304,157
13414400,157
13418496,157
13422592,157
13426688,157
13430784,157
13434880,157
13438976,157
13443072,157
13447168,157
13451264,157
13455360,157
13459456,157
13463552,157
13467648,157
13471744,157
13475840,157
13479936,157
13484032,157
13488128,157
13492224,157
13496320,157
13500416,157
13504512,157
13508608,157
13512704,157
13516800,157
13520896,157
13524992,157
13529088,157
13533184,157
13537280,157
13541376,157
13545472,157
13549568,157
13553664,157
13557760,157
13561856,157
13565952,157
13570048,157
13574144,157
13578240,157
13582336,157
13586432,157
13590528,157
13594624,157
13598720,157
13602816,157
13606912,157
13611008,157
13615104,157
13619200,157
13623296,157
13627392,157
13631488,157
13635584,157
13639680,157
13643776,157
13647872,157
13651968,157
13656064,157
13660160,157
13664256,157
13668352,157
13672448,157
13676544,157
13680640,157
13684736,157
13688832,157
13692928,157
13697024,157
13701120,157
13705216,157
13709312,157
13713408,157
13717504,157
13721600,157
13725696,157
13729792,157
13733888,157
13737984,157
13742080,157
13746176,157
13750272,157
13754368,157
13758464,157
13762560,157
13766656,157
13770752,157
13774848,157
13778944,157
13783040,157
13787136,157
13791232,157
13795328,157
13799424,157
13803520,157
13807616,157
13811712,157
13815808,157
13819904,157
13824000,157
13828096,157
13832192,157
13836288,157
13840384,157
13844480,157
13848576,157
13852672,157
13856768,157
13860864,157
13864960,157
13869056,157
13873152,157
13877248,157
13881344,157
13885440,157
13889536,157
13893632,157
13897728,157
13901824,157
13905920,157
13910016,157
13914112,157
13918208,157
13922304,157
13926400,157
13930496,157
13934592,157
13938688,157
13942784,157
13946880,157
13950976,157
13955072,157
13959168,157
13963264,157
13967360,157
13971456,157
13975552,157
13979648,157
13983744,157
13987840,157
13991936,166
13996032,166
14000128,166
14004224,166
14008320,166
14012416,166
14016512,166
14020608,166
14024704,166
14028800,166
14032896,166
14036992,166
14041088,166
14045184,166
14049280,166
14053376,166
14057472,166
14061568,166
14065664,166
14069760,166
14073856,166
14077952,166
14082048,166
14086144,166
14090240,166
14094336,166
14098432,166
14102528,166
14106624,166
14110720,166
14114816,166
14118912,166
14123008,166
14127104,166
14131200,166
14135296,166
14139392,166
14143488,166
14147584,166
14151680,166
14155776,166
14159872,166
14163968,166
14168064,166
14172160,166
14176256,166
14180352,166
14184448,166
14188544,166
14192640,166
14196736,166
14200832,166
14204928,166
14209024,166
14213120,166
14217216,166
14221312,166
14225408,166
14229504,166
14233600,166
14237696,166
14241792,166
14245888,166
14249984,166
14254080,166
14258176,166
14262272,166
14266368,166
14270464,166
14274560,166
14278656,166
14282752,166
14286848,166
14290944,166
14295040,166
14299136,166
14303232,166
14307328,166
14311424,166
14315520,166
14319616,166
14323712,166
14327808,166
14331904,166
14336000,166
14340096,166
14344192,166
14348288,166
14352384,166
14356480,166
14360576,166
14364672,166
14368768,166
14372864,166
14376960,166
14381056,166
14385152,166
14389248,166
14393344,166
14397440,166
14401536,166
14405632,166
14409728,166
14413824,166
14417920,166
14422016,166
14426112,166
14430208,166
14434304,166
14438400,166
14442496,166
14446592,166
14450688,166
14454784,166
14458880,166
14462976,166
14467072,166
14471168,166
14475264,166
14479360,166
14483456,166
14487552,166
14491648,166
14495744,166
14499840,166
14503936,166
14508032,166
14512128,166
14516224,166
14520320,166
14524416,166
14528512,166
14532608,166
14536704,166
14540800,166
14544896,166
14548992,166
14553088,166
14557184,166
14561280,166
14565376,166
14569472,166
14573568,166
14577664,166
14581760,166
14585856,166
14589952,166
14594048,166
14598144,166
14602240,166
14606336,166
14610432,166
14614528,166
14618624,166
14622720,166
14626816,166
14630912,166
14635008,166
14639104,166
14643200,166
14647296,166
14651392,166
14655488,166
14659584,166
14663680,166
14667776,166
14671872,166
14675968,166
14680064,166
14684160,166
14688256,166
14692352,166
14696448,166
14700544,166
14704640,166
14708736,166
14712832,166
14716928,166
14721024,166
14725120,166
14729216,166
14733312,166
14737408,166
14741504,166
14745600,166
14749696,166
14753792,166
14757888,166
14761984,166
14766080,166
14770176,166
14774272,166
14778368,166
14782464,166
14786560,166
14790656,166
14794752,166
14798848,166
14802944,166
14807040,166
14811136,166
14815232,166
14819328,166
14823424,166
14827520,166
14831616,166
14835712,166
14839808,166
14843904,166
14848000,166
14852096,166
14856192,166
14860288,166
14864384,166
14868480,166
14872576,166
14876672,166
14880768,166
14884864,166
14888960,166
14893056,166
14897152,166
14901248,166
14905344,166
14909440,166
14913536,166
14917632,166
14921728,166
14925824,166
14929920,166
14934016,166
14938112,166
14942208,166
14946304,166
14950400,166
14954496,166
14958592,166
14962688,166
14966784,166
14970880,166
14974976,166
14979072,166
14983168,166
14987264,166
14991360,146
14995456,146
14999552,146
15003648,146
15007744,146
15011840,146
15015936,146
15020032,146
15024128,146
15028224,146
15032320,146
15036416,146
15040512,146
15044608,146
15048704,146
15052800,146
15056896,146
15060992,146
15065088,146
15069184,146
15073280,146
15077376,146
15081472,146
15085568,146
15089664,146
15093760,146
15097856,146
15101952,146
15106048,146
15110144,146
15114240,146
15118336,146
15122432,146
15126528,146
15130624,146
15134720,146
15138816,146
15142912,146
15147008,146
15151104,146
15155200,146
15159296,146
15163392,146
15167488,146
15171584,146
15175680,146
15179776,146
15183872,146
15187968,146
15192064,146
15196160,146
15200256,146
15204352,146
15208448,146
15212544,146
15216640,146
15220736,146
15224832,146
15228928,146
15233024,146
15237120,146
15241216,146
15245312,146
15249408,146
15253504,146
15257600,146
15261696,146
15265792,146
15269888,146
15273984,146
15278080,146
15282176,146
15286272,146
15290368,146
15294464,146
15298560,146
15302656,146
15306752,146
15310848,146
15314944,146
15319040,146
15323136,146
15327232,146
15331328,146
15335424,146
15339520,146
15343616,146
15347712,146
15351808,146
15355904,146
15360000,146
15364096,146
15368192,146
15372288,146
15376384,146
15380480,146
15384576,146
15388672,146
15392768,146
15396864,146
15400960,146
15405056,146
15409152,146
15413248,146
15417344,146
15421440,146
15425536,146
15429632,146
15433728,146
15437824,146
15441920,146
15446016,146
15450112,146
15454208,146
15458304,146
15462400,146
15466496,146
15470592,146
15474688,146
15478784,146
15482880,146
15486976,146
15491072,146
15495168,146
15499264,146
15503360,146
15507456,146
15511552,146
15515648,146
15519744,146
15523840,146
15527936,146
15532032,146
15536128,146
15540224,146
15544320,146
15548416,146
15552512,146
15556608,146
15560704,146
15564800,146
15568896,146
15572992,146
15577088,146
15581184,146
15585280,146
15589376,146
15593472,146
15597568,146
15601664,146
15605760,146
15609856,146
15613952,146
15618048,146
15622144,146
15626240,146
15630336,146
15634432,146
15638528,146
15642624,146
15646720,146
15650816,146
15654912,146
15659008,146
15663104,146
15667200,146
15671296,146
15675392,146
15679488,146
15683584,146
15687680,146
15691776,146
15695872,146
15699968,146
15704064,146
15708160,146
15712256,146
15716352,146
15720448,146
15724544,146
15728640,146
15732736,146
15736832,146
15740928,146
15745024,146
15749120,146
15753216,146
15757312,146
15761408,146
15765504,146
15769600,146
15773696,146
15777792,146
15781888,146
15785984,146
15790080,146
15794176,146
15798272,146
15802368,146
15806464,146
15810560,146
15814656,146
15818752,146
15822848,146
15826944,146
15831040,146
15835136,146
15839232,146
15843328,146
15847424,146
15851520,146
15855616,146
15859712,146
15863808,146
15867904,146
15872000,146
15876096,146
15880192,146
15884288,146
15888384,146
15892480,146
15896576,146
15900672,146
15904768,146
15908864,146
15912960,146
15917056,146
15921152,146
15925248,146
15929344,146
15933440,146
15937536,146
15941632,146
15945728,146
15949824,146
15953920,146
15958016,146
15962112,146
15966208,146
15970304,146
15974400,146
15978496,146
15982592,146
15986688,146
15990784,160
15994880,160
15998976,160
16003072,160
16007168,160
16011264,160
16015360,160
16019456,160
16023552,160
16027648,160
16031744,160
16035840,160
16039936,160
16044032,160
16048128,160
16052224,160
16056320,160
16060416,160
16064512,160
16068608,160
16072704,160
16076800,160
16080896,160
16084992,160
16089088,160
16093184,160
16097280,160
16101376,160
16105472,160
16109568,160
16113664,160
16117760,160
16121856,160
16125952,160
16130048,160
16134144,160
16138240,160
16142336,160
16146432,160
16150528,160
16154624,160
16158720,160
16162816,160
16166912,160
16171008,160
16175104,160
16179200,160
16183296,160
16187392,160
16191488,160
16195584,160
16199680,160
16203776,160
16207872,160
16211968,160
16216064,160
16220160,160
16224256,160
16228352,160
16232448,160
16236544,160
16240640,160
16244736,160
16248832,160
16252928,160
16257024,160
16261120,160
16265216,160
16269312,160
16273408,160
16277504,160
16281600,160
16285696,160
16289792,160
16293888,160
16297984,160
16302080,160
16306176,160
16310272,160
16314368,160
16318464,160
16322560,160
16326656,160
16330752,160
16334848,160
16338944,160
16343040,160
16347136,160
16351232,160
16355328,160
16359424,160
16363520,160
16367616,160
16371712,160
16375808,160
16379904,160
16384000,160
16388096,160
16392192,160
16396288,160
16400384,160
16404480,160
16408576,160
16412672,160
16416768,160
16420864,160
16424960,160
16429056,160
16433152,160
16437248,160
16441344,160
16445440,160
16449536,160
16453632,160
16457728,160
16461824,160
16465920,160
16470016,160
16474112,160
16478208,160
16482304,160
16486400,160
16490496,160
16494592,160
16498688,160
16502784,160
16506880,160
16510976,160
16515072,160
16519168,160
16523264,160
16527360,160
16531456,160
16535552,160
16539648,160
16543744,160
16547840,160
16551936,160
16556032,160
16560128,160
16564224,160
16568320,160
16572416,160
16576512,160
16580608,160
16584704,160
16588800,160
16592896,160
16596992,160
16601088,160
16605184,160
16609280,160
16613376,160
16617472,160
16621568,160
16625664,160
16629760,160
16633856,160
16637952,160
16642048,160
16646144,160
16650240,160
16654336,160
16658432,160
16662528,160
16666624,160
16670720,160
16674816,160
16678912,160
16683008,160
16687104,160
16691200,160
16695296,160
16699392,160
16703488,160
16707584,160
16711680,160
16715776,160
16719872,160
16723968,160
16728064,160
16732160,160
16736256,160
16740352,160
16744448,160
16748544,160
16752640,160
16756736,160
16760832,160
16764928,160
16769024,160
16773120,160
16777216,160
16781312,160
16785408,160
16789504,160
16793600,160
16797696,160
16801792,160
16805888,160
16809984,160
16814080,160
16818176,160
16822272,160
16826368,160
16830464,160
16834560,160
16838656,160
16842752,160
16846848,160
16850944,160
16855040,160
16859136,160
16863232,160
16867328,160
16871424,160
16875520,160
16879616,160
16883712,160
16887808,160
16891904,160
16896000,160
16900096,160
16904192,160
16908288,160
16912384,160
16916480,160
16920576,160
16924672,160
16928768,160
16932864,160
16936960,160
16941056,160
16945152,160
16949248,160
16953344,160
16957440,160
16961536,160
16965632,160
16969728,160
16973824,160
16977920,160
16982016,160
16986112,160
16990208,157
16994304,157
16998400,157
17002496,157
17006592,157
17010688,157
17014784,157
17018880,157
17022976,157
17027072,157
17031168,157
17035264,157
17039360,157
17043456,157
17047552,157
17051648,157
17055744,157
17059840,157
17063936,157
17068032,157
17072128,157
17076224,157
17080320,157
17084416,157
17088512,157
17092608,157
17096704,157
17100800,157
17104896,157
17108992,157
17113088,157
17117184,157
17121280,157
17125376,157
17129472,157
17133568,157
17137664,157
17141760,157
17145856,157
17149952,157
17154048,157
17158144,157
17162240,157
17166336,157
17170432,157
17174528,157
17178624,157
17182720,157
17186816,157
17190912,157
17195008,157
17199104,157
17203200,157
17207296,157
17211392,157
17215488,157
17219584,157
17223680,157
17227776,157
17231872,157
17235968,157
17240064,157
17244160,157
17248256,157
17252352,157
17256448,157
17260544,157
17264640,157
17268736,157
17272832,157
17276928,157
17281024,157
17285120,157
17289216,157
17293312,157
17297408,157
17301504,157
17305600,157
17309696,157
17313792,157
17317888,157
17321984,157
17326080,157
17330176,157
17334272,157
17338368,157
17342464,157
17346560,157
17350656,157
17354752,157
17358848,157
17362944,157
17367040,157
17371136,157
17375232,157
17379328,157
17383424,157
17387520,157
17391616,157
17395712,157
17399808,157
17403904,157
17408000,157
17412096,157
17416192,157
17420288,157
17424384,157
17428480,157
17432576,157
17436672,157
17440768,157
17444864,157
17448960,157
17453056,157
17457152,157
17461248,157
17465344,157
17469440,157
17473536,157
17477632,157
17481728,157
17485824,157
17489920,157
17494016,157
17498112,157
17502208,157
17506304,157
17510400,157
17514496,157
17518592,157
17522688,157
17526784,157
17530880,157
17534976,157
17539072,157
17543168,157
17547264,157
17551360,157
17555456,157
17559552,157
17563648,157
17567744,157
17571840,157
17575936,157
17580032,157
17584128,157
17588224,157
17592320,157
17596416,157
17600512,157
17604608,157
17608704,157
17612800,157
17616896,157
17620992,157
17625088,157
17629184,157
17633280,157
17637376,157
17641472,157
17645568,157
17649664,157
17653760,157
17657856,157
17661952,157
17666048,157
17670144,157
17674240,157
17678336,157
17682432,157
17686528,157
17690624,157
17694720,157
17698816,157
17702912,157
17707008,157
17711104,157
17715200,157
17719296,157
17723392,157
17727488,157
17731584,157
17735680,157
17739776,157
17743872,157
17747968,157
17752064,157
17756160,157
17760256,157
17764352,157
17768448,157
17772544,157
17776640,157
17780736,157
17784832,157
17788928,157
17793024,157
17797120,157
17801216,157
17805312,157
17809408,157
17813504,157
17817600,157
17821696,157
17825792,157
17829888,157
17833984,157
17838080,157
17842176,157
17846272,157
17850368,157
17854464,157
17858560,157
17862656,157
17866752,157
17870848,157
17874944,157
17879040,157
17883136,157
17887232,157
17891328,157
17895424,157
17899520,157
17903616,157
17907712,157
17911808,157
17915904,157
17920000,157
17924096,157
17928192,157
17932288,157
17936384,157
17940480,157
17944576,157
17948672,157
17952768,157
17956864,157
17960960,157
17965056,157
17969152,157
17973248,157
17977344,157
17981440,157
17985536,157
17989632,157
17993728,157
17997824,157
18001920,157
18006016,157
18010112,157
18014208,157
18018304,157
18022400,157
18026496,157
18030592,157
18034688,157
18038784,157
18042880,157
18046976,157
18051072,157
18055168,157
18059264,157
18063360,157
18067456,157
18071552,157
18075648,157
18079744,157
18083840,157
18087936,157
18092032,157
18096128,157
18100224,157
18104320,157
18108416,157
18112512,157
18116608,157
18120704,157
18124800,157
18128896,157
18132992,157
18137088,157
18141184,157
18145280,157
18149376,157
18153472,157
18157568,157
18161664,157
18165760,157
18169856,157
18173952,157
18178048,157
18182144,157
18186240,157
18190336,157
18194432,157
18198528,157
18202624,157
18206720,157
18210816,157
18214912,157
18219008,157
18223104,157
18227200,157
18231296,157
18235392,157
18239488,157
18243584,157
18247680,157
18251776,157
18255872,157
18259968,157
18264064,157
18268160,157
18272256,157
18276352,157
18280448,157
18284544,157
18288640,157
18292736,157
18296832,157
18300928,157
18305024,157
18309120,157
18313216,157
18317312,157
18321408,157
18325504,157
18329600,157
18333696,157
18337792,157
18341888,157
18345984,157
18350080,157
18354176,157
18358272,157
18362368,157
18366464,157
18370560,157
18374656,157
18378752,157
18382848,157
18386944,157
18391040,157
18395136,157
18399232,157
18403328,157
18407424,157
18411520,157
18415616,157
18419712,157
18423808,157
18427904,157
18432000,157
18436096,157
18440192,157
18444288,157
18448384,157
18452480,157
18456576,157
18460672,157
18464768,157
18468864,157
18472960,157
18477056,157
18481152,157
18485248,157
18489344,157
18493440,157
18497536,157
18501632,157
18505728,157
18509824,157
18513920,157
18518016,157
18522112,157
18526208,157
18530304,157
18534400,157
18538496,157
18542592,157
18546688,157
18550784,157
18554880,157
18558976,157
18563072,157
18567168,157
18571264,157
18575360,157
18579456,157
18583552,157
18587648,157
18591744,157
18595840,157
18599936,157
18604032,157
18608128,157
18612224,157
18616320,157
18620416,157
18624512,157
18628608,157
18632704,157
18636800,157
18640896,157
18644992,157
18649088,157
18653184,157
18657280,157
18661376,157
18665472,157
18669568,157
18673664,157
18677760,157
18681856,157
18685952,157
18690048,157
18694144,157
18698240,157
18702336,157
18706432,157
18710528,157
18714624,157
18718720,157
18722816,157
18726912,157
18731008,157
18735104,157
18739200,157
18743296,157
18747392,157
18751488,157
18755584,157
18759680,157
18763776,157
18767872,157
18771968,157
18776064,157
18780160,157
18784256,157
18788352,157
18792448,157
18796544,157
18800640,157
18804736,157
18808832,157
18812928,157
18817024,157
18821120,157
18825216,157
18829312,157
18833408,157
18837504,157
18841600,157
18845696,157
18849792,157
18853888,157
18857984,157
18862080,157
18866176,157
18870272,157
18874368,157
18878464,157
18882560,157
18886656,157
18890752,157
18894848,157
18898944,157
18903040,157
18907136,157
18911232,157
18915328,157
18919424,157
18923520,157
18927616,157
18931712,157
18935808,157
18939904,157
18944000,157
18948096,157
18952192,157
18956288,157
18960384,157
18964480,157
18968576,157
18972672,157
18976768,157
18980864,157
18984960,157
18989056,148
18993152,148
18997248,148
19001344,148
19005440,148
19009536,148
19013632,148
19017728,148
19021824,148
19025920,148
19030016,148
19034112,148
19038208,148
19042304,148
19046400,148
19050496,148
19054592,148
19058688,148
19062784,148
19066880,148
19070976,148
19075072,148
19079168,148
19083264,148
19087360,148
19091456,148
19095552,148
19099648,148
19103744,148
19107840,148
19111936,148
19116032,148
19120128,148
19124224,148
19128320,148
19132416,148
19136512,148
19140608,148
19144704,148
19148800,148
19152896,148
19156992,148
19161088,148
19165184,148
19169280,148
19173376,148
19177472,148
19181568,148
19185664,148
19189760,148
19193856,148
19197952,148
19202048,148
19206144,148
19210240,148
19214336,148
19218432,148
19222528,148
19226624,148
19230720,148
19234816,148
19238912,148
19243008,148
19247104,148
19251200,148
19255296,148
19259392,148
19263488,148
19267584,148
19271680,148
19275776,148
19279872,148
19283968,148
19288064,148
19292160,148
19296256,148
19300352,148
19304448,148
19308544,148
19312640,148
19316736,148
19320832,148
19324928,148
19329024,148
19333120,148
19337216,148
19341312,148
19345408,148
19349504,148
19353600,148
19357696,148
19361792,148
19365888,148
19369984,148
19374080,148
19378176,148
19382272,148
19386368,148
19390464,148
19394560,148
19398656,148
19402752,148
19406848,148
19410944,148
19415040,148
19419136,148
19423232,148
19427328,148
19431424,148
19435520,148
19439616,148
19443712,148
19447808,148
19451904,148
19456000,148
19460096,148
19464192,148
19468288,148
19472384,148
19476480,148
19480576,148
19484672,148
19488768,148
19492864,148
19496960,148
19501056,148
19505152,148
19509248,148
19513344,148
19517440,148
19521536,148
19525632,148
19529728,148
19533824,148
19537920,148
19542016,148
19546112,148
19550208,148
19554304,148
19558400,148
19562496,148
19566592,148
19570688,148
19574784,148
19578880,148
19582976,148
19587072,148
19591168,148
19595264,148
19599360,148
19603456,148
19607552,148
19611648,148
19615744,148
19619840,148
19623936,148
19628032,148
19632128,148
19636224,148
19640320,148
19644416,148
19648512,148
19652608,148
19656704,148
19660800,148
19664896,148
19668992,148
19673088,148
19677184,148
19681280,148
19685376,148
19689472,148
19693568,148
19697664,148
19701760,148
19705856,148
19709952,148
19714048,148
19718144,148
19722240,148
19726336,148
19730432,148
19734528,148
19738624,148
19742720,148
19746816,148
19750912,148
19755008,148
19759104,148
19763200,148
19767296,148
19771392,148
19775488,148
19779584,148
19783680,148
19787776,148
19791872,148
19795968,148
19800064,148
19804160,148
19808256,148
19812352,148
19816448,148
19820544,148
19824640,148
19828736,148
19832832,148
19836928,148
19841024,148
19845120,148
19849216,148
19853312,148
19857408,148
19861504,148
19865600,148
19869696,148
19873792,148
19877888,148
19881984,148
19886080,148
19890176,148
19894272,148
19898368,148
19902464,148
19906560,148
19910656,148
19914752,148
19918848,148
19922944,148
19927040,148
19931136,148
19935232,148
19939328,148
19943424,148
19947520,148
19951616,148
19955712,148
19959808,148
19963904,148
19968000,148
19972096,148
19976192,148
19980288,148
19984384,148
19988480,160
19992576,160
19996672,160
