env_step,test_returned_episode_returns
4096,0
8192,0
12288,0
16384,0
20480,0
24576,0
28672,0
32768,0
36864,0
40960,0
45056,0
49152,0
53248,0
57344,0
61440,0
65536,0
69632,0
73728,0
77824,0
81920,0
86016,0
90112,0
94208,0
98304,0
102400,0
106496,0
110592,0
114688,0
118784,0
122880,0
126976,0
131072,0
135168,0
139264,0
143360,0
147456,0
151552,0
155648,0
159744,0
163840,0
167936,0
172032,0
176128,0
180224,0
184320,0
188416,0
192512,0
196608,0
200704,0
204800,0
208896,0
212992,0
217088,0
221184,0
225280,0
229376,0
233472,0
237568,0
241664,0
245760,0
249856,0
253952,0
258048,0
262144,0
266240,0
270336,0
274432,0
278528,0
282624,0
286720,0
290816,0
294912,0
299008,0
303104,0
307200,0
311296,0
315392,0
319488,0
323584,0
327680,0
331776,0
335872,0
339968,0
344064,0
348160,0
352256,0
356352,0
360448,0
364544,0
368640,0
372736,0
376832,0
380928,0
385024,0
389120,0
393216,0
397312,0
401408,0
405504,0
409600,0
413696,0
417792,0
421888,0
425984,0
430080,0
434176,0
438272,0
442368,0
446464,0
450560,0
454656,0
458752,0
462848,0
466944,0
471040,0
475136,0
479232,0
483328,0
487424,0
491520,0
495616,0
499712,0
503808,0
507904,0
512000,0
516096,0
520192,0
524288,0
528384,0
532480,0
536576,0
540672,0
544768,0
548864,0
552960,0
557056,0
561152,0
565248,0
569344,0
573440,0
577536,0
581632,0
585728,0
589824,0
593920,0
598016,0
602112,0
606208,0
610304,0
614400,0
618496,0
622592,0
626688,0
630784,0
634880,0
638976,0
643072,0
647168,0
651264,0
655360,0
659456,0
663552,0
667648,0
671744,0
675840,0
679936,0
684032,0
688128,0
692224,0
696320,0
700416,0
704512,0
708608,0
712704,0
716800,0
720896,0
724992,0
729088,0
733184,0
737280,0
741376,0
745472,0
749568,0
753664,0
757760,0
761856,0
765952,0
770048,0
774144,0
778240,0
782336,0
786432,0
790528,0
794624,0
798720,0
802816,0
806912,0
811008,0
815104,0
819200,0
823296,0
827392,0
831488,0
835584,0
839680,0
843776,0
847872,0
851968,0
856064,0
860160,0
864256,0
868352,0
872448,0
876544,0
880640,0
884736,0
888832,0
892928,0
897024,0
901120,0
905216,0
909312,0
913408,0
917504,0
921600,0
925696,0
929792,0
933888,0
937984,0
942080,0
946176,0
950272,0
954368,0
958464,0
962560,0
966656,0
970752,0
974848,0
978944,0
983040,0
987136,0
991232,0
995328,0
999424,8
1003520,8
1007616,8
1011712,8
1015808,8
1019904,8
1024000,8
1028096,8
1032192,8
1036288,8
1040384,8
1044480,8
1048576,8
1052672,8
1056768,8
1060864,8
1064960,8
1069056,8
1073152,8
1077248,8
1081344,8
1085440,8
1089536,8
1093632,8
1097728,8
1101824,8
1105920,8
1110016,8
1114112,8
1118208,8
1122304,8
1126400,8
1130496,8
1134592,8
1138688,8
1142784,8
1146880,8
1150976,8
1155072,8
1159168,8
1163264,8
1167360,8
1171456,8
1175552,8
1179648,8
1183744,8
1187840,8
1191936,8
1196032,8
1200128,8
1204224,8
1208320,8
1212416,8
1216512,8
1220608,8
1224704,8
1228800,8
1232896,8
1236992,8
1241088,8
1245184,8
1249280,8
1253376,8
1257472,8
1261568,8
1265664,8
1269760,8
1273856,8
1277952,8
1282048,8
1286144,8
1290240,8
1294336,8
1298432,8
1302528,8
1306624,8
1310720,8
1314816,8
1318912,8
1323008,8
1327104,8
1331200,8
1335296,8
1339392,8
1343488,8
1347584,8
1351680,8
1355776,8
1359872,8
1363968,8
1368064,8
1372160,8
1376256,8
1380352,8
1384448,8
1388544,8
1392640,8
1396736,8
1400832,8
1404928,8
1409024,8
1413120,8
1417216,8
1421312,8
1425408,8
1429504,8
1433600,8
1437696,8
1441792,8
1445888,8
1449984,8
1454080,8
1458176,8
1462272,8
1466368,8
1470464,8
1474560,8
1478656,8
1482752,8
1486848,8
1490944,8
1495040,8
1499136,8
1503232,8
1507328,8
1511424,8
1515520,8
1519616,8
1523712,8
1527808,8
1531904,8
1536000,8
1540096,8
1544192,8
1548288,8
1552384,8
1556480,8
1560576,8
1564672,8
1568768,8
1572864,8
1576960,8
1581056,8
1585152,8
1589248,8
1593344,8
1597440,8
1601536,8
1605632,8
1609728,8
1613824,8
1617920,8
1622016,8
1626112,8
1630208,8
1634304,8
1638400,8
1642496,8
1646592,8
1650688,8
1654784,8
1658880,8
1662976,8
1667072,8
1671168,8
1675264,8
1679360,8
1683456,8
1687552,8
1691648,8
1695744,8
1699840,8
1703936,8
1708032,8
1712128,8
1716224,8
1720320,8
1724416,8
1728512,8
1732608,8
1736704,8
1740800,8
1744896,8
1748992,8
1753088,8
1757184,8
1761280,8
1765376,8
1769472,8
1773568,8
1777664,8
1781760,8
1785856,8
1789952,8
1794048,8
1798144,8
1802240,8
1806336,8
1810432,8
1814528,8
1818624,8
1822720,8
1826816,8
1830912,8
1835008,8
1839104,8
1843200,8
1847296,8
1851392,8
1855488,8
1859584,8
1863680,8
1867776,8
1871872,8
1875968,8
1880064,8
1884160,8
1888256,8
1892352,8
1896448,8
1900544,8
1904640,8
1908736,8
1912832,8
1916928,8
1921024,8
1925120,8
1929216,8
1933312,8
1937408,8
1941504,8
1945600,8
1949696,8
1953792,8
1957888,8
1961984,8
1966080,8
1970176,8
1974272,8
1978368,8
1982464,8
1986560,8
1990656,8
1994752,8
1998848,12.950819969177246
2002944,12.950819969177246
2007040,12.950819969177246
2011136,12.950819969177246
2015232,12.950819969177246
2019328,12.950819969177246
2023424,12.950819969177246
2027520,12.950819969177246
2031616,12.950819969177246
2035712,12.950819969177246
2039808,12.950819969177246
2043904,12.950819969177246
2048000,12.950819969177246
2052096,12.950819969177246
2056192,12.950819969177246
2060288,12.950819969177246
2064384,12.950819969177246
2068480,12.950819969177246
2072576,12.950819969177246
2076672,12.950819969177246
2080768,12.950819969177246
2084864,12.950819969177246
2088960,12.950819969177246
2093056,12.950819969177246
2097152,12.950819969177246
2101248,12.950819969177246
2105344,12.950819969177246
2109440,12.950819969177246
2113536,12.950819969177246
2117632,12.950819969177246
2121728,12.950819969177246
2125824,12.950819969177246
2129920,12.950819969177246
2134016,12.950819969177246
2138112,12.950819969177246
2142208,12.950819969177246
2146304,12.950819969177246
2150400,12.950819969177246
2154496,12.950819969177246
2158592,12.950819969177246
2162688,12.950819969177246
2166784,12.950819969177246
2170880,12.950819969177246
2174976,12.950819969177246
2179072,12.950819969177246
2183168,12.950819969177246
2187264,12.950819969177246
2191360,12.950819969177246
2195456,12.950819969177246
2199552,12.950819969177246
2203648,12.950819969177246
2207744,12.950819969177246
2211840,12.950819969177246
2215936,12.950819969177246
2220032,12.950819969177246
2224128,12.950819969177246
2228224,12.950819969177246
2232320,12.950819969177246
2236416,12.950819969177246
2240512,12.950819969177246
2244608,12.950819969177246
2248704,12.950819969177246
2252800,12.950819969177246
2256896,12.950819969177246
2260992,12.950819969177246
2265088,12.950819969177246
2269184,12.950819969177246
2273280,12.950819969177246
2277376,12.950819969177246
2281472,12.950819969177246
2285568,12.950819969177246
2289664,12.950819969177246
2293760,12.950819969177246
2297856,12.950819969177246
2301952,12.950819969177246
2306048,12.950819969177246
2310144,12.950819969177246
2314240,12.950819969177246
2318336,12.950819969177246
2322432,12.950819969177246
2326528,12.950819969177246
2330624,12.950819969177246
2334720,12.950819969177246
2338816,12.950819969177246
2342912,12.950819969177246
2347008,12.950819969177246
2351104,12.950819969177246
2355200,12.950819969177246
2359296,12.950819969177246
2363392,12.950819969177246
2367488,12.950819969177246
2371584,12.950819969177246
2375680,12.950819969177246
2379776,12.950819969177246
2383872,12.950819969177246
2387968,12.950819969177246
2392064,12.950819969177246
2396160,12.950819969177246
2400256,12.950819969177246
2404352,12.950819969177246
2408448,12.950819969177246
2412544,12.950819969177246
2416640,12.950819969177246
2420736,12.950819969177246
2424832,12.950819969177246
2428928,12.950819969177246
2433024,12.950819969177246
2437120,12.950819969177246
2441216,12.950819969177246
2445312,12.950819969177246
2449408,12.950819969177246
2453504,12.950819969177246
2457600,12.950819969177246
2461696,12.950819969177246
2465792,12.950819969177246
2469888,12.950819969177246
2473984,12.950819969177246
2478080,12.950819969177246
2482176,12.950819969177246
2486272,12.950819969177246
2490368,12.950819969177246
2494464,12.950819969177246
2498560,12.950819969177246
2502656,12.950819969177246
2506752,12.950819969177246
2510848,12.950819969177246
2514944,12.950819969177246
2519040,12.950819969177246
2523136,12.950819969177246
2527232,12.950819969177246
2531328,12.950819969177246
2535424,12.950819969177246
2539520,12.950819969177246
2543616,12.950819969177246
2547712,12.950819969177246
2551808,12.950819969177246
2555904,12.950819969177246
2560000,12.950819969177246
2564096,12.950819969177246
2568192,12.950819969177246
2572288,12.950819969177246
2576384,12.950819969177246
2580480,12.950819969177246
2584576,12.950819969177246
2588672,12.950819969177246
2592768,12.950819969177246
2596864,12.950819969177246
2600960,12.950819969177246
2605056,12.950819969177246
2609152,12.950819969177246
2613248,12.950819969177246
2617344,12.950819969177246
2621440,12.950819969177246
2625536,12.950819969177246
2629632,12.950819969177246
2633728,12.950819969177246
2637824,12.950819969177246
2641920,12.950819969177246
2646016,12.950819969177246
2650112,12.950819969177246
2654208,12.950819969177246
2658304,12.950819969177246
2662400,12.950819969177246
2666496,12.950819969177246
2670592,12.950819969177246
2674688,12.950819969177246
2678784,12.950819969177246
2682880,12.950819969177246
2686976,12.950819969177246
2691072,12.950819969177246
2695168,12.950819969177246
2699264,12.950819969177246
2703360,12.950819969177246
2707456,12.950819969177246
2711552,12.950819969177246
2715648,12.950819969177246
2719744,12.950819969177246
2723840,12.950819969177246
2727936,12.950819969177246
2732032,12.950819969177246
2736128,12.950819969177246
2740224,12.950819969177246
2744320,12.950819969177246
2748416,12.950819969177246
2752512,12.950819969177246
2756608,12.950819969177246
2760704,12.950819969177246
2764800,12.950819969177246
2768896,12.950819969177246
2772992,12.950819969177246
2777088,12.950819969177246
2781184,12.950819969177246
2785280,12.950819969177246
2789376,12.950819969177246
2793472,12.950819969177246
2797568,12.950819969177246
2801664,12.950819969177246
2805760,12.950819969177246
2809856,12.950819969177246
2813952,12.950819969177246
2818048,12.950819969177246
2822144,12.950819969177246
2826240,12.950819969177246
2830336,12.950819969177246
2834432,12.950819969177246
2838528,12.950819969177246
2842624,12.950819969177246
2846720,12.950819969177246
2850816,12.950819969177246
2854912,12.950819969177246
2859008,12.950819969177246
2863104,12.950819969177246
2867200,12.950819969177246
2871296,12.950819969177246
2875392,12.950819969177246
2879488,12.950819969177246
2883584,12.950819969177246
2887680,12.950819969177246
2891776,12.950819969177246
2895872,12.950819969177246
2899968,12.950819969177246
2904064,12.950819969177246
2908160,12.950819969177246
2912256,12.950819969177246
2916352,12.950819969177246
2920448,12.950819969177246
2924544,12.950819969177246
2928640,12.950819969177246
2932736,12.950819969177246
2936832,12.950819969177246
2940928,12.950819969177246
2945024,12.950819969177246
2949120,12.950819969177246
2953216,12.950819969177246
2957312,12.950819969177246
2961408,12.950819969177246
2965504,12.950819969177246
2969600,12.950819969177246
2973696,12.950819969177246
2977792,12.950819969177246
2981888,12.950819969177246
2985984,12.950819969177246
2990080,12.950819969177246
2994176,12.950819969177246
2998272,34.60000228881836
3002368,34.60000228881836
3006464,34.60000228881836
3010560,34.60000228881836
3014656,34.60000228881836
3018752,34.60000228881836
3022848,34.60000228881836
3026944,34.60000228881836
3031040,34.60000228881836
3035136,34.60000228881836
3039232,34.60000228881836
3043328,34.60000228881836
3047424,34.60000228881836
3051520,34.60000228881836
3055616,34.60000228881836
3059712,34.60000228881836
3063808,34.60000228881836
3067904,34.60000228881836
3072000,34.60000228881836
3076096,34.60000228881836
3080192,34.60000228881836
3084288,34.60000228881836
3088384,34.60000228881836
3092480,34.60000228881836
3096576,34.60000228881836
3100672,34.60000228881836
3104768,34.60000228881836
3108864,34.60000228881836
3112960,34.60000228881836
3117056,34.60000228881836
3121152,34.60000228881836
3125248,34.60000228881836
3129344,34.60000228881836
3133440,34.60000228881836
3137536,34.60000228881836
3141632,34.60000228881836
3145728,34.60000228881836
3149824,34.60000228881836
3153920,34.60000228881836
3158016,34.60000228881836
3162112,34.60000228881836
3166208,34.60000228881836
3170304,34.60000228881836
3174400,34.60000228881836
3178496,34.60000228881836
3182592,34.60000228881836
3186688,34.60000228881836
3190784,34.60000228881836
3194880,34.60000228881836
3198976,34.60000228881836
3203072,34.60000228881836
3207168,34.60000228881836
3211264,34.60000228881836
3215360,34.60000228881836
3219456,34.60000228881836
3223552,34.60000228881836
3227648,34.60000228881836
3231744,34.60000228881836
3235840,34.60000228881836
3239936,34.60000228881836
3244032,34.60000228881836
3248128,34.60000228881836
3252224,34.60000228881836
3256320,34.60000228881836
3260416,34.60000228881836
3264512,34.60000228881836
3268608,34.60000228881836
3272704,34.60000228881836
3276800,34.60000228881836
3280896,34.60000228881836
3284992,34.60000228881836
3289088,34.60000228881836
3293184,34.60000228881836
3297280,34.60000228881836
3301376,34.60000228881836
3305472,34.60000228881836
3309568,34.60000228881836
3313664,34.60000228881836
3317760,34.60000228881836
3321856,34.60000228881836
3325952,34.60000228881836
3330048,34.60000228881836
3334144,34.60000228881836
3338240,34.60000228881836
3342336,34.60000228881836
3346432,34.60000228881836
3350528,34.60000228881836
3354624,34.60000228881836
3358720,34.60000228881836
3362816,34.60000228881836
3366912,34.60000228881836
3371008,34.60000228881836
3375104,34.60000228881836
3379200,34.60000228881836
3383296,34.60000228881836
3387392,34.60000228881836
3391488,34.60000228881836
3395584,34.60000228881836
3399680,34.60000228881836
3403776,34.60000228881836
3407872,34.60000228881836
3411968,34.60000228881836
3416064,34.60000228881836
3420160,34.60000228881836
3424256,34.60000228881836
3428352,34.60000228881836
3432448,34.60000228881836
3436544,34.60000228881836
3440640,34.60000228881836
3444736,34.60000228881836
3448832,34.60000228881836
3452928,34.60000228881836
3457024,34.60000228881836
3461120,34.60000228881836
3465216,34.60000228881836
3469312,34.60000228881836
3473408,34.60000228881836
3477504,34.60000228881836
3481600,34.60000228881836
3485696,34.60000228881836
3489792,34.60000228881836
3493888,34.60000228881836
3497984,34.60000228881836
3502080,34.60000228881836
3506176,34.60000228881836
3510272,34.60000228881836
3514368,34.60000228881836
3518464,34.60000228881836
3522560,34.60000228881836
3526656,34.60000228881836
3530752,34.60000228881836
3534848,34.60000228881836
3538944,34.60000228881836
3543040,34.60000228881836
3547136,34.60000228881836
3551232,34.60000228881836
3555328,34.60000228881836
3559424,34.60000228881836
3563520,34.60000228881836
3567616,34.60000228881836
3571712,34.60000228881836
3575808,34.60000228881836
3579904,34.60000228881836
3584000,34.60000228881836
3588096,34.60000228881836
3592192,34.60000228881836
3596288,34.60000228881836
3600384,34.60000228881836
3604480,34.60000228881836
3608576,34.60000228881836
3612672,34.60000228881836
3616768,34.60000228881836
3620864,34.60000228881836
3624960,34.60000228881836
3629056,34.60000228881836
3633152,34.60000228881836
3637248,34.60000228881836
3641344,34.60000228881836
3645440,34.60000228881836
3649536,34.60000228881836
3653632,34.60000228881836
3657728,34.60000228881836
3661824,34.60000228881836
3665920,34.60000228881836
3670016,34.60000228881836
3674112,34.60000228881836
3678208,34.60000228881836
3682304,34.60000228881836
3686400,34.60000228881836
3690496,34.60000228881836
3694592,34.60000228881836
3698688,34.60000228881836
3702784,34.60000228881836
3706880,34.60000228881836
3710976,34.60000228881836
3715072,34.60000228881836
3719168,34.60000228881836
3723264,34.60000228881836
3727360,34.60000228881836
3731456,34.60000228881836
3735552,34.60000228881836
3739648,34.60000228881836
3743744,34.60000228881836
3747840,34.60000228881836
3751936,34.60000228881836
3756032,34.60000228881836
3760128,34.60000228881836
3764224,34.60000228881836
3768320,34.60000228881836
3772416,34.60000228881836
3776512,34.60000228881836
3780608,34.60000228881836
3784704,34.60000228881836
3788800,34.60000228881836
3792896,34.60000228881836
3796992,34.60000228881836
3801088,34.60000228881836
3805184,34.60000228881836
3809280,34.60000228881836
3813376,34.60000228881836
3817472,34.60000228881836
3821568,34.60000228881836
3825664,34.60000228881836
3829760,34.60000228881836
3833856,34.60000228881836
3837952,34.60000228881836
3842048,34.60000228881836
3846144,34.60000228881836
3850240,34.60000228881836
3854336,34.60000228881836
3858432,34.60000228881836
3862528,34.60000228881836
3866624,34.60000228881836
3870720,34.60000228881836
3874816,34.60000228881836
3878912,34.60000228881836
3883008,34.60000228881836
3887104,34.60000228881836
3891200,34.60000228881836
3895296,34.60000228881836
3899392,34.60000228881836
3903488,34.60000228881836
3907584,34.60000228881836
3911680,34.60000228881836
3915776,34.60000228881836
3919872,34.60000228881836
3923968,34.60000228881836
3928064,34.60000228881836
3932160,34.60000228881836
3936256,34.60000228881836
3940352,34.60000228881836
3944448,34.60000228881836
3948544,34.60000228881836
3952640,34.60000228881836
3956736,34.60000228881836
3960832,34.60000228881836
3964928,34.60000228881836
3969024,34.60000228881836
3973120,34.60000228881836
3977216,34.60000228881836
3981312,34.60000228881836
3985408,34.60000228881836
3989504,34.60000228881836
3993600,34.60000228881836
3997696,57
4001792,57
4005888,57
4009984,57
4014080,57
4018176,57
4022272,57
4026368,57
4030464,57
4034560,57
4038656,57
4042752,57
4046848,57
4050944,57
4055040,57
4059136,57
4063232,57
4067328,57
4071424,57
4075520,57
4079616,57
4083712,57
4087808,57
4091904,57
4096000,57
4100096,57
4104192,57
4108288,57
4112384,57
4116480,57
4120576,57
4124672,57
4128768,57
4132864,57
4136960,57
4141056,57
4145152,57
4149248,57
4153344,57
4157440,57
4161536,57
4165632,57
4169728,57
4173824,57
4177920,57
4182016,57
4186112,57
4190208,57
4194304,57
4198400,57
4202496,57
4206592,57
4210688,57
4214784,57
4218880,57
4222976,57
4227072,57
4231168,57
4235264,57
4239360,57
4243456,57
4247552,57
4251648,57
4255744,57
4259840,57
4263936,57
4268032,57
4272128,57
4276224,57
4280320,57
4284416,57
4288512,57
4292608,57
4296704,57
4300800,57
4304896,57
4308992,57
4313088,57
4317184,57
4321280,57
4325376,57
4329472,57
4333568,57
4337664,57
4341760,57
4345856,57
4349952,57
4354048,57
4358144,57
4362240,57
4366336,57
4370432,57
4374528,57
4378624,57
4382720,57
4386816,57
4390912,57
4395008,57
4399104,57
4403200,57
4407296,57
4411392,57
4415488,57
4419584,57
4423680,57
4427776,57
4431872,57
4435968,57
4440064,57
4444160,57
4448256,57
4452352,57
4456448,57
4460544,57
4464640,57
4468736,57
4472832,57
4476928,57
4481024,57
4485120,57
4489216,57
4493312,57
4497408,57
4501504,57
4505600,57
4509696,57
4513792,57
4517888,57
4521984,57
4526080,57
4530176,57
4534272,57
4538368,57
4542464,57
4546560,57
4550656,57
4554752,57
4558848,57
4562944,57
4567040,57
4571136,57
4575232,57
4579328,57
4583424,57
4587520,57
4591616,57
4595712,57
4599808,57
4603904,57
4608000,57
4612096,57
4616192,57
4620288,57
4624384,57
4628480,57
4632576,57
4636672,57
4640768,57
4644864,57
4648960,57
4653056,57
4657152,57
4661248,57
4665344,57
4669440,57
4673536,57
4677632,57
4681728,57
4685824,57
4689920,57
4694016,57
4698112,57
4702208,57
4706304,57
4710400,57
4714496,57
4718592,57
4722688,57
4726784,57
4730880,57
4734976,57
4739072,57
4743168,57
4747264,57
4751360,57
4755456,57
4759552,57
4763648,57
4767744,57
4771840,57
4775936,57
4780032,57
4784128,57
4788224,57
4792320,57
4796416,57
4800512,57
4804608,57
4808704,57
4812800,57
4816896,57
4820992,57
4825088,57
4829184,57
4833280,57
4837376,57
4841472,57
4845568,57
4849664,57
4853760,57
4857856,57
4861952,57
4866048,57
4870144,57
4874240,57
4878336,57
4882432,57
4886528,57
4890624,57
4894720,57
4898816,57
4902912,57
4907008,57
4911104,57
4915200,57
4919296,57
4923392,57
4927488,57
4931584,57
4935680,57
4939776,57
4943872,57
4947968,57
4952064,57
4956160,57
4960256,57
4964352,57
4968448,57
4972544,57
4976640,57
4980736,57
4984832,57
4988928,57
4993024,57
4997120,51
5001216,51
5005312,51
5009408,51
5013504,51
5017600,51
5021696,51
5025792,51
5029888,51
5033984,51
5038080,51
5042176,51
5046272,51
5050368,51
5054464,51
5058560,51
5062656,51
5066752,51
5070848,51
5074944,51
5079040,51
5083136,51
5087232,51
5091328,51
5095424,51
5099520,51
5103616,51
5107712,51
5111808,51
5115904,51
5120000,51
5124096,51
5128192,51
5132288,51
5136384,51
5140480,51
5144576,51
5148672,51
5152768,51
5156864,51
5160960,51
5165056,51
5169152,51
5173248,51
5177344,51
5181440,51
5185536,51
5189632,51
5193728,51
5197824,51
5201920,51
5206016,51
5210112,51
5214208,51
5218304,51
5222400,51
5226496,51
5230592,51
5234688,51
5238784,51
5242880,51
5246976,51
5251072,51
5255168,51
5259264,51
5263360,51
5267456,51
5271552,51
5275648,51
5279744,51
5283840,51
5287936,51
5292032,51
5296128,51
5300224,51
5304320,51
5308416,51
5312512,51
5316608,51
5320704,51
5324800,51
5328896,51
5332992,51
5337088,51
5341184,51
5345280,51
5349376,51
5353472,51
5357568,51
5361664,51
5365760,51
5369856,51
5373952,51
5378048,51
5382144,51
5386240,51
5390336,51
5394432,51
5398528,51
5402624,51
5406720,51
5410816,51
5414912,51
5419008,51
5423104,51
5427200,51
5431296,51
5435392,51
5439488,51
5443584,51
5447680,51
5451776,51
5455872,51
5459968,51
5464064,51
5468160,51
5472256,51
5476352,51
5480448,51
5484544,51
5488640,51
5492736,51
5496832,51
5500928,51
5505024,51
5509120,51
5513216,51
5517312,51
5521408,51
5525504,51
5529600,51
5533696,51
5537792,51
5541888,51
5545984,51
5550080,51
5554176,51
5558272,51
5562368,51
5566464,51
5570560,51
5574656,51
5578752,51
5582848,51
5586944,51
5591040,51
5595136,51
5599232,51
5603328,51
5607424,51
5611520,51
5615616,51
5619712,51
5623808,51
5627904,51
5632000,51
5636096,51
5640192,51
5644288,51
5648384,51
5652480,51
5656576,51
5660672,51
5664768,51
5668864,51
5672960,51
5677056,51
5681152,51
5685248,51
5689344,51
5693440,51
5697536,51
5701632,51
5705728,51
5709824,51
5713920,51
5718016,51
5722112,51
5726208,51
5730304,51
5734400,51
5738496,51
5742592,51
5746688,51
5750784,51
5754880,51
5758976,51
5763072,51
5767168,51
5771264,51
5775360,51
5779456,51
5783552,51
5787648,51
5791744,51
5795840,51
5799936,51
5804032,51
5808128,51
5812224,51
5816320,51
5820416,51
5824512,51
5828608,51
5832704,51
5836800,51
5840896,51
5844992,51
5849088,51
5853184,51
5857280,51
5861376,51
5865472,51
5869568,51
5873664,51
5877760,51
5881856,51
5885952,51
5890048,51
5894144,51
5898240,51
5902336,51
5906432,51
5910528,51
5914624,51
5918720,51
5922816,51
5926912,51
5931008,51
5935104,51
5939200,51
5943296,51
5947392,51
5951488,51
5955584,51
5959680,51
5963776,51
5967872,51
5971968,51
5976064,51
5980160,51
5984256,51
5988352,51
5992448,51
5996544,51
6000640,51
6004736,51
6008832,51
6012928,51
6017024,51
6021120,51
6025216,51
6029312,51
6033408,51
6037504,51
6041600,51
6045696,51
6049792,51
6053888,51
6057984,51
6062080,51
6066176,51
6070272,51
6074368,51
6078464,51
6082560,51
6086656,51
6090752,51
6094848,51
6098944,51
6103040,51
6107136,51
6111232,51
6115328,51
6119424,51
6123520,51
6127616,51
6131712,51
6135808,51
6139904,51
6144000,51
6148096,51
6152192,51
6156288,51
6160384,51
6164480,51
6168576,51
6172672,51
6176768,51
6180864,51
6184960,51
6189056,51
6193152,51
6197248,51
6201344,51
6205440,51
6209536,51
6213632,51
6217728,51
6221824,51
6225920,51
6230016,51
6234112,51
6238208,51
6242304,51
6246400,51
6250496,51
6254592,51
6258688,51
6262784,51
6266880,51
6270976,51
6275072,51
6279168,51
6283264,51
6287360,51
6291456,51
6295552,51
6299648,51
6303744,51
6307840,51
6311936,51
6316032,51
6320128,51
6324224,51
6328320,51
6332416,51
6336512,51
6340608,51
6344704,51
6348800,51
6352896,51
6356992,51
6361088,51
6365184,51
6369280,51
6373376,51
6377472,51
6381568,51
6385664,51
6389760,51
6393856,51
6397952,51
6402048,51
6406144,51
6410240,51
6414336,51
6418432,51
6422528,51
6426624,51
6430720,51
6434816,51
6438912,51
6443008,51
6447104,51
6451200,51
6455296,51
6459392,51
6463488,51
6467584,51
6471680,51
6475776,51
6479872,51
6483968,51
6488064,51
6492160,51
6496256,51
6500352,51
6504448,51
6508544,51
6512640,51
6516736,51
6520832,51
6524928,51
6529024,51
6533120,51
6537216,51
6541312,51
6545408,51
6549504,51
6553600,51
6557696,51
6561792,51
6565888,51
6569984,51
6574080,51
6578176,51
6582272,51
6586368,51
6590464,51
6594560,51
6598656,51
6602752,51
6606848,51
6610944,51
6615040,51
6619136,51
6623232,51
6627328,51
6631424,51
6635520,51
6639616,51
6643712,51
6647808,51
6651904,51
6656000,51
6660096,51
6664192,51
6668288,51
6672384,51
6676480,51
6680576,51
6684672,51
6688768,51
6692864,51
6696960,51
6701056,51
6705152,51
6709248,51
6713344,51
6717440,51
6721536,51
6725632,51
6729728,51
6733824,51
6737920,51
6742016,51
6746112,51
6750208,51
6754304,51
6758400,51
6762496,51
6766592,51
6770688,51
6774784,51
6778880,51
6782976,51
6787072,51
6791168,51
6795264,51
6799360,51
6803456,51
6807552,51
6811648,51
6815744,51
6819840,51
6823936,51
6828032,51
6832128,51
6836224,51
6840320,51
6844416,51
6848512,51
6852608,51
6856704,51
6860800,51
6864896,51
6868992,51
6873088,51
6877184,51
6881280,51
6885376,51
6889472,51
6893568,51
6897664,51
6901760,51
6905856,51
6909952,51
6914048,51
6918144,51
6922240,51
6926336,51
6930432,51
6934528,51
6938624,51
6942720,51
6946816,51
6950912,51
6955008,51
6959104,51
6963200,51
6967296,51
6971392,51
6975488,51
6979584,51
6983680,51
6987776,51
6991872,51
6995968,51
7000064,51
7004160,51
7008256,51
7012352,51
7016448,51
7020544,51
7024640,51
7028736,51
7032832,51
7036928,51
7041024,51
7045120,51
7049216,51
7053312,51
7057408,51
7061504,51
7065600,51
7069696,51
7073792,51
7077888,51
7081984,51
7086080,51
7090176,51
7094272,51
7098368,51
7102464,51
7106560,51
7110656,51
7114752,51
7118848,51
7122944,51
7127040,51
7131136,51
7135232,51
7139328,51
7143424,51
7147520,51
7151616,51
7155712,51
7159808,51
7163904,51
7168000,51
7172096,51
7176192,51
7180288,51
7184384,51
7188480,51
7192576,51
7196672,51
7200768,51
7204864,51
7208960,51
7213056,51
7217152,51
7221248,51
7225344,51
7229440,51
7233536,51
7237632,51
7241728,51
7245824,51
7249920,51
7254016,51
7258112,51
7262208,51
7266304,51
7270400,51
7274496,51
7278592,51
7282688,51
7286784,51
7290880,51
7294976,51
7299072,51
7303168,51
7307264,51
7311360,51
7315456,51
7319552,51
7323648,51
7327744,51
7331840,51
7335936,51
7340032,51
7344128,51
7348224,51
7352320,51
7356416,51
7360512,51
7364608,51
7368704,51
7372800,51
7376896,51
7380992,51
7385088,51
7389184,51
7393280,51
7397376,51
7401472,51
7405568,51
7409664,51
7413760,51
7417856,51
7421952,51
7426048,51
7430144,51
7434240,51
7438336,51
7442432,51
7446528,51
7450624,51
7454720,51
7458816,51
7462912,51
7467008,51
7471104,51
7475200,51
7479296,51
7483392,51
7487488,51
7491584,51
7495680,51
7499776,51
7503872,51
7507968,51
7512064,51
7516160,51
7520256,51
7524352,51
7528448,51
7532544,51
7536640,51
7540736,51
7544832,51
7548928,51
7553024,51
7557120,51
7561216,51
7565312,51
7569408,51
7573504,51
7577600,51
7581696,51
7585792,51
7589888,51
7593984,51
7598080,51
7602176,51
7606272,51
7610368,51
7614464,51
7618560,51
7622656,51
7626752,51
7630848,51
7634944,51
7639040,51
7643136,51
7647232,51
7651328,51
7655424,51
7659520,51
7663616,51
7667712,51
7671808,51
7675904,51
7680000,51
7684096,51
7688192,51
7692288,51
7696384,51
7700480,51
7704576,51
7708672,51
7712768,51
7716864,51
7720960,51
7725056,51
7729152,51
7733248,51
7737344,51
7741440,51
7745536,51
7749632,51
7753728,51
7757824,51
7761920,51
7766016,51
7770112,51
7774208,51
7778304,51
7782400,51
7786496,51
7790592,51
7794688,51
7798784,51
7802880,51
7806976,51
7811072,51
7815168,51
7819264,51
7823360,51
7827456,51
7831552,51
7835648,51
7839744,51
7843840,51
7847936,51
7852032,51
7856128,51
7860224,51
7864320,51
7868416,51
7872512,51
7876608,51
7880704,51
7884800,51
7888896,51
7892992,51
7897088,51
7901184,51
7905280,51
7909376,51
7913472,51
7917568,51
7921664,51
7925760,51
7929856,51
7933952,51
7938048,51
7942144,51
7946240,51
7950336,51
7954432,51
7958528,51
7962624,51
7966720,51
7970816,51
7974912,51
7979008,51
7983104,51
7987200,51
7991296,51
7995392,49
7999488,49
8003584,49
8007680,49
8011776,49
8015872,49
8019968,49
8024064,49
8028160,49
8032256,49
8036352,49
8040448,49
8044544,49
8048640,49
8052736,49
8056832,49
8060928,49
8065024,49
8069120,49
8073216,49
8077312,49
8081408,49
8085504,49
8089600,49
8093696,49
8097792,49
8101888,49
8105984,49
8110080,49
8114176,49
8118272,49
8122368,49
8126464,49
8130560,49
8134656,49
8138752,49
8142848,49
8146944,49
8151040,49
8155136,49
8159232,49
8163328,49
8167424,49
8171520,49
8175616,49
8179712,49
8183808,49
8187904,49
8192000,49
8196096,49
8200192,49
8204288,49
8208384,49
8212480,49
8216576,49
8220672,49
8224768,49
8228864,49
8232960,49
8237056,49
8241152,49
8245248,49
8249344,49
8253440,49
8257536,49
8261632,49
8265728,49
8269824,49
8273920,49
8278016,49
8282112,49
8286208,49
8290304,49
8294400,49
8298496,49
8302592,49
8306688,49
8310784,49
8314880,49
8318976,49
8323072,49
8327168,49
8331264,49
8335360,49
8339456,49
8343552,49
8347648,49
8351744,49
8355840,49
8359936,49
8364032,49
8368128,49
8372224,49
8376320,49
8380416,49
8384512,49
8388608,49
8392704,49
8396800,49
8400896,49
8404992,49
8409088,49
8413184,49
8417280,49
8421376,49
8425472,49
8429568,49
8433664,49
8437760,49
8441856,49
8445952,49
8450048,49
8454144,49
8458240,49
8462336,49
8466432,49
8470528,49
8474624,49
8478720,49
8482816,49
8486912,49
8491008,49
8495104,49
8499200,49
8503296,49
8507392,49
8511488,49
8515584,49
8519680,49
8523776,49
8527872,49
8531968,49
8536064,49
8540160,49
8544256,49
8548352,49
8552448,49
8556544,49
8560640,49
8564736,49
8568832,49
8572928,49
8577024,49
8581120,49
8585216,49
8589312,49
8593408,49
8597504,49
8601600,49
8605696,49
8609792,49
8613888,49
8617984,49
8622080,49
8626176,49
8630272,49
8634368,49
8638464,49
8642560,49
8646656,49
8650752,49
8654848,49
8658944,49
8663040,49
8667136,49
8671232,49
8675328,49
8679424,49
8683520,49
8687616,49
8691712,49
8695808,49
8699904,49
8704000,49
8708096,49
8712192,49
8716288,49
8720384,49
8724480,49
8728576,49
8732672,49
8736768,49
8740864,49
8744960,49
8749056,49
8753152,49
8757248,49
8761344,49
8765440,49
8769536,49
8773632,49
8777728,49
8781824,49
8785920,49
8790016,49
8794112,49
8798208,49
8802304,49
8806400,49
8810496,49
8814592,49
8818688,49
8822784,49
8826880,49
8830976,49
8835072,49
8839168,49
8843264,49
8847360,49
8851456,49
8855552,49
8859648,49
8863744,49
8867840,49
8871936,49
8876032,49
8880128,49
8884224,49
8888320,49
8892416,49
8896512,49
8900608,49
8904704,49
8908800,49
8912896,49
8916992,49
8921088,49
8925184,49
8929280,49
8933376,49
8937472,49
8941568,49
8945664,49
8949760,49
8953856,49
8957952,49
8962048,49
8966144,49
8970240,49
8974336,49
8978432,49
8982528,49
8986624,49
8990720,49
8994816,51
8998912,51
9003008,51
9007104,51
9011200,51
9015296,51
9019392,51
9023488,51
9027584,51
9031680,51
9035776,51
9039872,51
9043968,51
9048064,51
9052160,51
9056256,51
9060352,51
9064448,51
9068544,51
9072640,51
9076736,51
9080832,51
9084928,51
9089024,51
9093120,51
9097216,51
9101312,51
9105408,51
9109504,51
9113600,51
9117696,51
9121792,51
9125888,51
9129984,51
9134080,51
9138176,51
9142272,51
9146368,51
9150464,51
9154560,51
9158656,51
9162752,51
9166848,51
9170944,51
9175040,51
9179136,51
9183232,51
9187328,51
9191424,51
9195520,51
9199616,51
9203712,51
9207808,51
9211904,51
9216000,51
9220096,51
9224192,51
9228288,51
9232384,51
9236480,51
9240576,51
9244672,51
9248768,51
9252864,51
9256960,51
9261056,51
9265152,51
9269248,51
9273344,51
9277440,51
9281536,51
9285632,51
9289728,51
9293824,51
9297920,51
9302016,51
9306112,51
9310208,51
9314304,51
9318400,51
9322496,51
9326592,51
9330688,51
9334784,51
9338880,51
9342976,51
9347072,51
9351168,51
9355264,51
9359360,51
9363456,51
9367552,51
9371648,51
9375744,51
9379840,51
9383936,51
9388032,51
9392128,51
9396224,51
9400320,51
9404416,51
9408512,51
9412608,51
9416704,51
9420800,51
9424896,51
9428992,51
9433088,51
9437184,51
9441280,51
9445376,51
9449472,51
9453568,51
9457664,51
9461760,51
9465856,51
9469952,51
9474048,51
9478144,51
9482240,51
9486336,51
9490432,51
9494528,51
9498624,51
9502720,51
9506816,51
9510912,51
9515008,51
9519104,51
9523200,51
9527296,51
9531392,51
9535488,51
9539584,51
9543680,51
9547776,51
9551872,51
9555968,51
9560064,51
9564160,51
9568256,51
9572352,51
9576448,51
9580544,51
9584640,51
9588736,51
9592832,51
9596928,51
9601024,51
9605120,51
9609216,51
9613312,51
9617408,51
9621504,51
9625600,51
9629696,51
9633792,51
9637888,51
9641984,51
9646080,51
9650176,51
9654272,51
9658368,51
9662464,51
9666560,51
9670656,51
9674752,51
9678848,51
9682944,51
9687040,51
9691136,51
9695232,51
9699328,51
9703424,51
9707520,51
9711616,51
9715712,51
9719808,51
9723904,51
9728000,51
9732096,51
9736192,51
9740288,51
9744384,51
9748480,51
9752576,51
9756672,51
9760768,51
9764864,51
9768960,51
9773056,51
9777152,51
9781248,51
9785344,51
9789440,51
9793536,51
9797632,51
9801728,51
9805824,51
9809920,51
9814016,51
9818112,51
9822208,51
9826304,51
9830400,51
9834496,51
9838592,51
9842688,51
9846784,51
9850880,51
9854976,51
9859072,51
9863168,51
9867264,51
9871360,51
9875456,51
9879552,51
9883648,51
9887744,51
9891840,51
9895936,51
9900032,51
9904128,51
9908224,51
9912320,51
9916416,51
9920512,51
9924608,51
9928704,51
9932800,51
9936896,51
9940992,51
9945088,51
9949184,51
9953280,51
9957376,51
9961472,51
9965568,51
9969664,51
9973760,51
9977856,51
9981952,51
9986048,51
9990144,51
9994240,53
9998336,53
10002432,53
10006528,53
10010624,53
10014720,53
10018816,53
10022912,53
10027008,53
10031104,53
10035200,53
10039296,53
10043392,53
10047488,53
10051584,53
10055680,53
10059776,53
10063872,53
10067968,53
10072064,53
10076160,53
10080256,53
10084352,53
10088448,53
10092544,53
10096640,53
10100736,53
10104832,53
10108928,53
10113024,53
10117120,53
10121216,53
10125312,53
10129408,53
10133504,53
10137600,53
10141696,53
10145792,53
10149888,53
10153984,53
10158080,53
10162176,53
10166272,53
10170368,53
10174464,53
10178560,53
10182656,53
10186752,53
10190848,53
10194944,53
10199040,53
10203136,53
10207232,53
10211328,53
10215424,53
10219520,53
10223616,53
10227712,53
10231808,53
10235904,53
10240000,53
10244096,53
10248192,53
10252288,53
10256384,53
10260480,53
10264576,53
10268672,53
10272768,53
10276864,53
10280960,53
10285056,53
10289152,53
10293248,53
10297344,53
10301440,53
10305536,53
10309632,53
10313728,53
10317824,53
10321920,53
10326016,53
10330112,53
10334208,53
10338304,53
10342400,53
10346496,53
10350592,53
10354688,53
10358784,53
10362880,53
10366976,53
10371072,53
10375168,53
10379264,53
10383360,53
10387456,53
10391552,53
10395648,53
10399744,53
10403840,53
10407936,53
10412032,53
10416128,53
10420224,53
10424320,53
10428416,53
10432512,53
10436608,53
10440704,53
10444800,53
10448896,53
10452992,53
10457088,53
10461184,53
10465280,53
10469376,53
10473472,53
10477568,53
10481664,53
10485760,53
10489856,53
10493952,53
10498048,53
10502144,53
10506240,53
10510336,53
10514432,53
10518528,53
10522624,53
10526720,53
10530816,53
10534912,53
10539008,53
10543104,53
10547200,53
10551296,53
10555392,53
10559488,53
10563584,53
10567680,53
10571776,53
10575872,53
10579968,53
10584064,53
10588160,53
10592256,53
10596352,53
10600448,53
10604544,53
10608640,53
10612736,53
10616832,53
10620928,53
10625024,53
10629120,53
10633216,53
10637312,53
10641408,53
10645504,53
10649600,53
10653696,53
10657792,53
10661888,53
10665984,53
10670080,53
10674176,53
10678272,53
10682368,53
10686464,53
10690560,53
10694656,53
10698752,53
10702848,53
10706944,53
10711040,53
10715136,53
10719232,53
10723328,53
10727424,53
10731520,53
10735616,53
10739712,53
10743808,53
10747904,53
10752000,53
10756096,53
10760192,53
10764288,53
10768384,53
10772480,53
10776576,53
10780672,53
10784768,53
10788864,53
10792960,53
10797056,53
10801152,53
10805248,53
10809344,53
10813440,53
10817536,53
10821632,53
10825728,53
10829824,53
10833920,53
10838016,53
10842112,53
10846208,53
10850304,53
10854400,53
10858496,53
10862592,53
10866688,53
10870784,53
10874880,53
10878976,53
10883072,53
10887168,53
10891264,53
10895360,53
10899456,53
10903552,53
10907648,53
10911744,53
10915840,53
10919936,53
10924032,53
10928128,53
10932224,53
10936320,53
10940416,53
10944512,53
10948608,53
10952704,53
10956800,53
10960896,53
10964992,53
10969088,53
10973184,53
10977280,53
10981376,53
10985472,53
10989568,53
10993664,83
10997760,83
11001856,83
11005952,83
11010048,83
11014144,83
11018240,83
11022336,83
11026432,83
11030528,83
11034624,83
11038720,83
11042816,83
11046912,83
11051008,83
11055104,83
11059200,83
11063296,83
11067392,83
11071488,83
11075584,83
11079680,83
11083776,83
11087872,83
11091968,83
11096064,83
11100160,83
11104256,83
11108352,83
11112448,83
11116544,83
11120640,83
11124736,83
11128832,83
11132928,83
11137024,83
11141120,83
11145216,83
11149312,83
11153408,83
11157504,83
11161600,83
11165696,83
11169792,83
11173888,83
11177984,83
11182080,83
11186176,83
11190272,83
11194368,83
11198464,83
11202560,83
11206656,83
11210752,83
11214848,83
11218944,83
11223040,83
11227136,83
11231232,83
11235328,83
11239424,83
11243520,83
11247616,83
11251712,83
11255808,83
11259904,83
11264000,83
11268096,83
11272192,83
11276288,83
11280384,83
11284480,83
11288576,83
11292672,83
11296768,83
11300864,83
11304960,83
11309056,83
11313152,83
11317248,83
11321344,83
11325440,83
11329536,83
11333632,83
11337728,83
11341824,83
11345920,83
11350016,83
11354112,83
11358208,83
11362304,83
11366400,83
11370496,83
11374592,83
11378688,83
11382784,83
11386880,83
11390976,83
11395072,83
11399168,83
11403264,83
11407360,83
11411456,83
11415552,83
11419648,83
11423744,83
11427840,83
11431936,83
11436032,83
11440128,83
11444224,83
11448320,83
11452416,83
11456512,83
11460608,83
11464704,83
11468800,83
11472896,83
11476992,83
11481088,83
11485184,83
11489280,83
11493376,83
11497472,83
11501568,83
11505664,83
11509760,83
11513856,83
11517952,83
11522048,83
11526144,83
11530240,83
11534336,83
11538432,83
11542528,83
11546624,83
11550720,83
11554816,83
11558912,83
11563008,83
11567104,83
11571200,83
11575296,83
11579392,83
11583488,83
11587584,83
11591680,83
11595776,83
11599872,83
11603968,83
11608064,83
11612160,83
11616256,83
11620352,83
11624448,83
11628544,83
11632640,83
11636736,83
11640832,83
11644928,83
11649024,83
11653120,83
11657216,83
11661312,83
11665408,83
11669504,83
11673600,83
11677696,83
11681792,83
11685888,83
11689984,83
11694080,83
11698176,83
11702272,83
11706368,83
11710464,83
11714560,83
11718656,83
11722752,83
11726848,83
11730944,83
11735040,83
11739136,83
11743232,83
11747328,83
11751424,83
11755520,83
11759616,83
11763712,83
11767808,83
11771904,83
11776000,83
11780096,83
11784192,83
11788288,83
11792384,83
11796480,83
11800576,83
11804672,83
11808768,83
11812864,83
11816960,83
11821056,83
11825152,83
11829248,83
11833344,83
11837440,83
11841536,83
11845632,83
11849728,83
11853824,83
11857920,83
11862016,83
11866112,83
11870208,83
11874304,83
11878400,83
11882496,83
11886592,83
11890688,83
11894784,83
11898880,83
11902976,83
11907072,83
11911168,83
11915264,83
11919360,83
11923456,83
11927552,83
11931648,83
11935744,83
11939840,83
11943936,83
11948032,83
11952128,83
11956224,83
11960320,83
11964416,83
11968512,83
11972608,83
11976704,83
11980800,83
11984896,83
11988992,83
11993088,43.25
11997184,43.25
12001280,43.25
12005376,43.25
12009472,43.25
12013568,43.25
12017664,43.25
12021760,43.25
12025856,43.25
12029952,43.25
12034048,43.25
12038144,43.25
12042240,43.25
12046336,43.25
12050432,43.25
12054528,43.25
12058624,43.25
12062720,43.25
12066816,43.25
12070912,43.25
12075008,43.25
12079104,43.25
12083200,43.25
12087296,43.25
12091392,43.25
12095488,43.25
12099584,43.25
12103680,43.25
12107776,43.25
12111872,43.25
12115968,43.25
12120064,43.25
12124160,43.25
12128256,43.25
12132352,43.25
12136448,43.25
12140544,43.25
12144640,43.25
12148736,43.25
12152832,43.25
12156928,43.25
12161024,43.25
12165120,43.25
12169216,43.25
12173312,43.25
12177408,43.25
12181504,43.25
12185600,43.25
12189696,43.25
12193792,43.25
12197888,43.25
12201984,43.25
12206080,43.25
12210176,43.25
12214272,43.25
12218368,43.25
12222464,43.25
12226560,43.25
12230656,43.25
12234752,43.25
12238848,43.25
12242944,43.25
12247040,43.25
12251136,43.25
12255232,43.25
12259328,43.25
12263424,43.25
12267520,43.25
12271616,43.25
12275712,43.25
12279808,43.25
12283904,43.25
12288000,43.25
12292096,43.25
12296192,43.25
12300288,43.25
12304384,43.25
12308480,43.25
12312576,43.25
12316672,43.25
12320768,43.25
12324864,43.25
12328960,43.25
12333056,43.25
12337152,43.25
12341248,43.25
12345344,43.25
12349440,43.25
12353536,43.25
12357632,43.25
12361728,43.25
12365824,43.25
12369920,43.25
12374016,43.25
12378112,43.25
12382208,43.25
12386304,43.25
12390400,43.25
12394496,43.25
12398592,43.25
12402688,43.25
12406784,43.25
12410880,43.25
12414976,43.25
12419072,43.25
12423168,43.25
12427264,43.25
12431360,43.25
12435456,43.25
12439552,43.25
12443648,43.25
12447744,43.25
12451840,43.25
12455936,43.25
12460032,43.25
12464128,43.25
12468224,43.25
12472320,43.25
12476416,43.25
12480512,43.25
12484608,43.25
12488704,43.25
12492800,43.25
12496896,43.25
12500992,43.25
12505088,43.25
12509184,43.25
12513280,43.25
12517376,43.25
12521472,43.25
12525568,43.25
12529664,43.25
12533760,43.25
12537856,43.25
12541952,43.25
12546048,43.25
12550144,43.25
12554240,43.25
12558336,43.25
12562432,43.25
12566528,43.25
12570624,43.25
12574720,43.25
12578816,43.25
12582912,43.25
12587008,43.25
12591104,43.25
12595200,43.25
12599296,43.25
12603392,43.25
12607488,43.25
12611584,43.25
12615680,43.25
12619776,43.25
12623872,43.25
12627968,43.25
12632064,43.25
12636160,43.25
12640256,43.25
12644352,43.25
12648448,43.25
12652544,43.25
12656640,43.25
12660736,43.25
12664832,43.25
12668928,43.25
12673024,43.25
12677120,43.25
12681216,43.25
12685312,43.25
12689408,43.25
12693504,43.25
12697600,43.25
12701696,43.25
12705792,43.25
12709888,43.25
12713984,43.25
12718080,43.25
12722176,43.25
12726272,43.25
12730368,43.25
12734464,43.25
12738560,43.25
12742656,43.25
12746752,43.25
12750848,43.25
12754944,43.25
12759040,43.25
12763136,43.25
12767232,43.25
12771328,43.25
12775424,43.25
12779520,43.25
12783616,43.25
12787712,43.25
12791808,43.25
12795904,43.25
12800000,43.25
12804096,43.25
12808192,43.25
12812288,43.25
12816384,43.25
12820480,43.25
12824576,43.25
12828672,43.25
12832768,43.25
12836864,43.25
12840960,43.25
12845056,43.25
12849152,43.25
12853248,43.25
12857344,43.25
12861440,43.25
12865536,43.25
12869632,43.25
12873728,43.25
12877824,43.25
12881920,43.25
12886016,43.25
12890112,43.25
12894208,43.25
12898304,43.25
12902400,43.25
12906496,43.25
12910592,43.25
12914688,43.25
12918784,43.25
12922880,43.25
12926976,43.25
12931072,43.25
12935168,43.25
12939264,43.25
12943360,43.25
12947456,43.25
12951552,43.25
12955648,43.25
12959744,43.25
12963840,43.25
12967936,43.25
12972032,43.25
12976128,43.25
12980224,43.25
12984320,43.25
12988416,43.25
12992512,88.5
12996608,88.5
13000704,88.5
13004800,88.5
13008896,88.5
13012992,88.5
13017088,88.5
13021184,88.5
13025280,88.5
13029376,88.5
13033472,88.5
13037568,88.5
13041664,88.5
13045760,88.5
13049856,88.5
13053952,88.5
13058048,88.5
13062144,88.5
13066240,88.5
13070336,88.5
13074432,88.5
13078528,88.5
13082624,88.5
13086720,88.5
13090816,88.5
13094912,88.5
13099008,88.5
13103104,88.5
13107200,88.5
13111296,88.5
13115392,88.5
13119488,88.5
13123584,88.5
13127680,88.5
13131776,88.5
13135872,88.5
13139968,88.5
13144064,88.5
13148160,88.5
13152256,88.5
13156352,88.5
13160448,88.5
13164544,88.5
13168640,88.5
13172736,88.5
13176832,88.5
13180928,88.5
13185024,88.5
13189120,88.5
13193216,88.5
13197312,88.5
13201408,88.5
13205504,88.5
13209600,88.5
13213696,88.5
13217792,88.5
13221888,88.5
13225984,88.5
13230080,88.5
13234176,88.5
13238272,88.5
13242368,88.5
13246464,88.5
13250560,88.5
13254656,88.5
13258752,88.5
13262848,88.5
13266944,88.5
13271040,88.5
13275136,88.5
13279232,88.5
13283328,88.5
13287424,88.5
13291520,88.5
13295616,88.5
13299712,88.5
13303808,88.5
13307904,88.5
13312000,88.5
13316096,88.5
13320192,88.5
13324288,88.5
13328384,88.5
13332480,88.5
13336576,88.5
13340672,88.5
13344768,88.5
13348864,88.5
13352960,88.5
13357056,88.5
13361152,88.5
13365248,88.5
13369344,88.5
13373440,88.5
13377536,88.5
13381632,88.5
13385728,88.5
13389824,88.5
13393920,88.5
13398016,88.5
13402112,88.5
13406208,88.5
13410304,88.5
13414400,88.5
13418496,88.5
13422592,88.5
13426688,88.5
13430784,88.5
13434880,88.5
13438976,88.5
13443072,88.5
13447168,88.5
13451264,88.5
13455360,88.5
13459456,88.5
13463552,88.5
13467648,88.5
13471744,88.5
13475840,88.5
13479936,88.5
13484032,88.5
13488128,88.5
13492224,88.5
13496320,88.5
13500416,88.5
13504512,88.5
13508608,88.5
13512704,88.5
13516800,88.5
13520896,88.5
13524992,88.5
13529088,88.5
13533184,88.5
13537280,88.5
13541376,88.5
13545472,88.5
13549568,88.5
13553664,88.5
13557760,88.5
13561856,88.5
13565952,88.5
13570048,88.5
13574144,88.5
13578240,88.5
13582336,88.5
13586432,88.5
13590528,88.5
13594624,88.5
13598720,88.5
13602816,88.5
13606912,88.5
13611008,88.5
13615104,88.5
13619200,88.5
13623296,88.5
13627392,88.5
13631488,88.5
13635584,88.5
13639680,88.5
13643776,88.5
13647872,88.5
13651968,88.5
13656064,88.5
13660160,88.5
13664256,88.5
13668352,88.5
13672448,88.5
13676544,88.5
13680640,88.5
13684736,88.5
13688832,88.5
13692928,88.5
13697024,88.5
13701120,88.5
13705216,88.5
13709312,88.5
13713408,88.5
13717504,88.5
13721600,88.5
13725696,88.5
13729792,88.5
13733888,88.5
13737984,88.5
13742080,88.5
13746176,88.5
13750272,88.5
13754368,88.5
13758464,88.5
13762560,88.5
13766656,88.5
13770752,88.5
13774848,88.5
13778944,88.5
13783040,88.5
13787136,88.5
13791232,88.5
13795328,88.5
13799424,88.5
13803520,88.5
13807616,88.5
13811712,88.5
13815808,88.5
13819904,88.5
13824000,88.5
13828096,88.5
13832192,88.5
13836288,88.5
13840384,88.5
13844480,88.5
13848576,88.5
13852672,88.5
13856768,88.5
13860864,88.5
13864960,88.5
13869056,88.5
13873152,88.5
13877248,88.5
13881344,88.5
13885440,88.5
13889536,88.5
13893632,88.5
13897728,88.5
13901824,88.5
13905920,88.5
13910016,88.5
13914112,88.5
13918208,88.5
13922304,88.5
13926400,88.5
13930496,88.5
13934592,88.5
13938688,88.5
13942784,88.5
13946880,88.5
13950976,88.5
13955072,88.5
13959168,88.5
13963264,88.5
13967360,88.5
13971456,88.5
13975552,88.5
13979648,88.5
13983744,88.5
13987840,88.5
13991936,88.5999984741211
13996032,88.5999984741211
14000128,88.5999984741211
14004224,88.5999984741211
14008320,88.5999984741211
14012416,88.5999984741211
14016512,88.5999984741211
14020608,88.5999984741211
14024704,88.5999984741211
14028800,88.5999984741211
14032896,88.5999984741211
14036992,88.5999984741211
14041088,88.5999984741211
14045184,88.5999984741211
14049280,88.5999984741211
14053376,88.5999984741211
14057472,88.5999984741211
14061568,88.5999984741211
14065664,88.5999984741211
14069760,88.5999984741211
14073856,88.5999984741211
14077952,88.5999984741211
14082048,88.5999984741211
14086144,88.5999984741211
14090240,88.5999984741211
14094336,88.5999984741211
14098432,88.5999984741211
14102528,88.5999984741211
14106624,88.5999984741211
14110720,88.5999984741211
14114816,88.5999984741211
14118912,88.5999984741211
14123008,88.5999984741211
14127104,88.5999984741211
14131200,88.5999984741211
14135296,88.5999984741211
14139392,88.5999984741211
14143488,88.5999984741211
14147584,88.5999984741211
14151680,88.5999984741211
14155776,88.5999984741211
14159872,88.5999984741211
14163968,88.5999984741211
14168064,88.5999984741211
14172160,88.5999984741211
14176256,88.5999984741211
14180352,88.5999984741211
14184448,88.5999984741211
14188544,88.5999984741211
14192640,88.5999984741211
14196736,88.5999984741211
14200832,88.5999984741211
14204928,88.5999984741211
14209024,88.5999984741211
14213120,88.5999984741211
14217216,88.5999984741211
14221312,88.5999984741211
14225408,88.5999984741211
14229504,88.5999984741211
14233600,88.5999984741211
14237696,88.5999984741211
14241792,88.5999984741211
14245888,88.5999984741211
14249984,88.5999984741211
14254080,88.5999984741211
14258176,88.5999984741211
14262272,88.5999984741211
14266368,88.5999984741211
14270464,88.5999984741211
14274560,88.5999984741211
14278656,88.5999984741211
14282752,88.5999984741211
14286848,88.5999984741211
14290944,88.5999984741211
14295040,88.5999984741211
14299136,88.5999984741211
14303232,88.5999984741211
14307328,88.5999984741211
14311424,88.5999984741211
14315520,88.5999984741211
14319616,88.5999984741211
14323712,88.5999984741211
14327808,88.5999984741211
14331904,88.5999984741211
14336000,88.5999984741211
14340096,88.5999984741211
14344192,88.5999984741211
14348288,88.5999984741211
14352384,88.5999984741211
14356480,88.5999984741211
14360576,88.5999984741211
14364672,88.5999984741211
14368768,88.5999984741211
14372864,88.5999984741211
14376960,88.5999984741211
14381056,88.5999984741211
14385152,88.5999984741211
14389248,88.5999984741211
14393344,88.5999984741211
14397440,88.5999984741211
14401536,88.5999984741211
14405632,88.5999984741211
14409728,88.5999984741211
14413824,88.5999984741211
14417920,88.5999984741211
14422016,88.5999984741211
14426112,88.5999984741211
14430208,88.5999984741211
14434304,88.5999984741211
14438400,88.5999984741211
14442496,88.5999984741211
14446592,88.5999984741211
14450688,88.5999984741211
14454784,88.5999984741211
14458880,88.5999984741211
14462976,88.5999984741211
14467072,88.5999984741211
14471168,88.5999984741211
14475264,88.5999984741211
14479360,88.5999984741211
14483456,88.5999984741211
14487552,88.5999984741211
14491648,88.5999984741211
14495744,88.5999984741211
14499840,88.5999984741211
14503936,88.5999984741211
14508032,88.5999984741211
14512128,88.5999984741211
14516224,88.5999984741211
14520320,88.5999984741211
14524416,88.5999984741211
14528512,88.5999984741211
14532608,88.5999984741211
14536704,88.5999984741211
14540800,88.5999984741211
14544896,88.5999984741211
14548992,88.5999984741211
14553088,88.5999984741211
14557184,88.5999984741211
14561280,88.5999984741211
14565376,88.5999984741211
14569472,88.5999984741211
14573568,88.5999984741211
14577664,88.5999984741211
14581760,88.5999984741211
14585856,88.5999984741211
14589952,88.5999984741211
14594048,88.5999984741211
14598144,88.5999984741211
14602240,88.5999984741211
14606336,88.5999984741211
14610432,88.5999984741211
14614528,88.5999984741211
14618624,88.5999984741211
14622720,88.5999984741211
14626816,88.5999984741211
14630912,88.5999984741211
14635008,88.5999984741211
14639104,88.5999984741211
14643200,88.5999984741211
14647296,88.5999984741211
14651392,88.5999984741211
14655488,88.5999984741211
14659584,88.5999984741211
14663680,88.5999984741211
14667776,88.5999984741211
14671872,88.5999984741211
14675968,88.5999984741211
14680064,88.5999984741211
14684160,88.5999984741211
14688256,88.5999984741211
14692352,88.5999984741211
14696448,88.5999984741211
14700544,88.5999984741211
14704640,88.5999984741211
14708736,88.5999984741211
14712832,88.5999984741211
14716928,88.5999984741211
14721024,88.5999984741211
14725120,88.5999984741211
14729216,88.5999984741211
14733312,88.5999984741211
14737408,88.5999984741211
14741504,88.5999984741211
14745600,88.5999984741211
14749696,88.5999984741211
14753792,88.5999984741211
14757888,88.5999984741211
14761984,88.5999984741211
14766080,88.5999984741211
14770176,88.5999984741211
14774272,88.5999984741211
14778368,88.5999984741211
14782464,88.5999984741211
14786560,88.5999984741211
14790656,88.5999984741211
14794752,88.5999984741211
14798848,88.5999984741211
14802944,88.5999984741211
14807040,88.5999984741211
14811136,88.5999984741211
14815232,88.5999984741211
14819328,88.5999984741211
14823424,88.5999984741211
14827520,88.5999984741211
14831616,88.5999984741211
14835712,88.5999984741211
14839808,88.5999984741211
14843904,88.5999984741211
14848000,88.5999984741211
14852096,88.5999984741211
14856192,88.5999984741211
14860288,88.5999984741211
14864384,88.5999984741211
14868480,88.5999984741211
14872576,88.5999984741211
14876672,88.5999984741211
14880768,88.5999984741211
14884864,88.5999984741211
14888960,88.5999984741211
14893056,88.5999984741211
14897152,88.5999984741211
14901248,88.5999984741211
14905344,88.5999984741211
14909440,88.5999984741211
14913536,88.5999984741211
14917632,88.5999984741211
14921728,88.5999984741211
14925824,88.5999984741211
14929920,88.5999984741211
14934016,88.5999984741211
14938112,88.5999984741211
14942208,88.5999984741211
14946304,88.5999984741211
14950400,88.5999984741211
14954496,88.5999984741211
14958592,88.5999984741211
14962688,88.5999984741211
14966784,88.5999984741211
14970880,88.5999984741211
14974976,88.5999984741211
14979072,88.5999984741211
14983168,88.5999984741211
14987264,88.5999984741211
14991360,27.600000381469727
14995456,27.600000381469727
14999552,27.600000381469727
15003648,27.600000381469727
15007744,27.600000381469727
15011840,27.600000381469727
15015936,27.600000381469727
15020032,27.600000381469727
15024128,27.600000381469727
15028224,27.600000381469727
15032320,27.600000381469727
15036416,27.600000381469727
15040512,27.600000381469727
15044608,27.600000381469727
15048704,27.600000381469727
15052800,27.600000381469727
15056896,27.600000381469727
15060992,27.600000381469727
15065088,27.600000381469727
15069184,27.600000381469727
15073280,27.600000381469727
15077376,27.600000381469727
15081472,27.600000381469727
15085568,27.600000381469727
15089664,27.600000381469727
15093760,27.600000381469727
15097856,27.600000381469727
15101952,27.600000381469727
15106048,27.600000381469727
15110144,27.600000381469727
15114240,27.600000381469727
15118336,27.600000381469727
15122432,27.600000381469727
15126528,27.600000381469727
15130624,27.600000381469727
15134720,27.600000381469727
15138816,27.600000381469727
15142912,27.600000381469727
15147008,27.600000381469727
15151104,27.600000381469727
15155200,27.600000381469727
15159296,27.600000381469727
15163392,27.600000381469727
15167488,27.600000381469727
15171584,27.600000381469727
15175680,27.600000381469727
15179776,27.600000381469727
15183872,27.600000381469727
15187968,27.600000381469727
15192064,27.600000381469727
15196160,27.600000381469727
15200256,27.600000381469727
15204352,27.600000381469727
15208448,27.600000381469727
15212544,27.600000381469727
15216640,27.600000381469727
15220736,27.600000381469727
15224832,27.600000381469727
15228928,27.600000381469727
15233024,27.600000381469727
15237120,27.600000381469727
15241216,27.600000381469727
15245312,27.600000381469727
15249408,27.600000381469727
15253504,27.600000381469727
15257600,27.600000381469727
15261696,27.600000381469727
15265792,27.600000381469727
15269888,27.600000381469727
15273984,27.600000381469727
15278080,27.600000381469727
15282176,27.600000381469727
15286272,27.600000381469727
15290368,27.600000381469727
15294464,27.600000381469727
15298560,27.600000381469727
15302656,27.600000381469727
15306752,27.600000381469727
15310848,27.600000381469727
15314944,27.600000381469727
15319040,27.600000381469727
15323136,27.600000381469727
15327232,27.600000381469727
15331328,27.600000381469727
15335424,27.600000381469727
15339520,27.600000381469727
15343616,27.600000381469727
15347712,27.600000381469727
15351808,27.600000381469727
15355904,27.600000381469727
15360000,27.600000381469727
15364096,27.600000381469727
15368192,27.600000381469727
15372288,27.600000381469727
15376384,27.600000381469727
15380480,27.600000381469727
15384576,27.600000381469727
15388672,27.600000381469727
15392768,27.600000381469727
15396864,27.600000381469727
15400960,27.600000381469727
15405056,27.600000381469727
15409152,27.600000381469727
15413248,27.600000381469727
15417344,27.600000381469727
15421440,27.600000381469727
15425536,27.600000381469727
15429632,27.600000381469727
15433728,27.600000381469727
15437824,27.600000381469727
15441920,27.600000381469727
15446016,27.600000381469727
15450112,27.600000381469727
15454208,27.600000381469727
15458304,27.600000381469727
15462400,27.600000381469727
15466496,27.600000381469727
15470592,27.600000381469727
15474688,27.600000381469727
15478784,27.600000381469727
15482880,27.600000381469727
15486976,27.600000381469727
15491072,27.600000381469727
15495168,27.600000381469727
15499264,27.600000381469727
15503360,27.600000381469727
15507456,27.600000381469727
15511552,27.600000381469727
15515648,27.600000381469727
15519744,27.600000381469727
15523840,27.600000381469727
15527936,27.600000381469727
15532032,27.600000381469727
15536128,27.600000381469727
15540224,27.600000381469727
15544320,27.600000381469727
15548416,27.600000381469727
15552512,27.600000381469727
15556608,27.600000381469727
15560704,27.600000381469727
15564800,27.600000381469727
15568896,27.600000381469727
15572992,27.600000381469727
15577088,27.600000381469727
15581184,27.600000381469727
15585280,27.600000381469727
15589376,27.600000381469727
15593472,27.600000381469727
15597568,27.600000381469727
15601664,27.600000381469727
15605760,27.600000381469727
15609856,27.600000381469727
15613952,27.600000381469727
15618048,27.600000381469727
15622144,27.600000381469727
15626240,27.600000381469727
15630336,27.600000381469727
15634432,27.600000381469727
15638528,27.600000381469727
15642624,27.600000381469727
15646720,27.600000381469727
15650816,27.600000381469727
15654912,27.600000381469727
15659008,27.600000381469727
15663104,27.600000381469727
15667200,27.600000381469727
15671296,27.600000381469727
15675392,27.600000381469727
15679488,27.600000381469727
15683584,27.600000381469727
15687680,27.600000381469727
15691776,27.600000381469727
15695872,27.600000381469727
15699968,27.600000381469727
15704064,27.600000381469727
15708160,27.600000381469727
15712256,27.600000381469727
15716352,27.600000381469727
15720448,27.600000381469727
15724544,27.600000381469727
15728640,27.600000381469727
15732736,27.600000381469727
15736832,27.600000381469727
15740928,27.600000381469727
15745024,27.600000381469727
15749120,27.600000381469727
15753216,27.600000381469727
15757312,27.600000381469727
15761408,27.600000381469727
15765504,27.600000381469727
15769600,27.600000381469727
15773696,27.600000381469727
15777792,27.600000381469727
15781888,27.600000381469727
15785984,27.600000381469727
15790080,27.600000381469727
15794176,27.600000381469727
15798272,27.600000381469727
15802368,27.600000381469727
15806464,27.600000381469727
15810560,27.600000381469727
15814656,27.600000381469727
15818752,27.600000381469727
15822848,27.600000381469727
15826944,27.600000381469727
15831040,27.600000381469727
15835136,27.600000381469727
15839232,27.600000381469727
15843328,27.600000381469727
15847424,27.600000381469727
15851520,27.600000381469727
15855616,27.600000381469727
15859712,27.600000381469727
15863808,27.600000381469727
15867904,27.600000381469727
15872000,27.600000381469727
15876096,27.600000381469727
15880192,27.600000381469727
15884288,27.600000381469727
15888384,27.600000381469727
15892480,27.600000381469727
15896576,27.600000381469727
15900672,27.600000381469727
15904768,27.600000381469727
15908864,27.600000381469727
15912960,27.600000381469727
15917056,27.600000381469727
15921152,27.600000381469727
15925248,27.600000381469727
15929344,27.600000381469727
15933440,27.600000381469727
15937536,27.600000381469727
15941632,27.600000381469727
15945728,27.600000381469727
15949824,27.600000381469727
15953920,27.600000381469727
15958016,27.600000381469727
15962112,27.600000381469727
15966208,27.600000381469727
15970304,27.600000381469727
15974400,27.600000381469727
15978496,27.600000381469727
15982592,27.600000381469727
15986688,27.600000381469727
15990784,53
15994880,53
15998976,53
16003072,53
16007168,53
16011264,53
16015360,53
16019456,53
16023552,53
16027648,53
16031744,53
16035840,53
16039936,53
16044032,53
16048128,53
16052224,53
16056320,53
16060416,53
16064512,53
16068608,53
16072704,53
16076800,53
16080896,53
16084992,53
16089088,53
16093184,53
16097280,53
16101376,53
16105472,53
16109568,53
16113664,53
16117760,53
16121856,53
16125952,53
16130048,53
16134144,53
16138240,53
16142336,53
16146432,53
16150528,53
16154624,53
16158720,53
16162816,53
16166912,53
16171008,53
16175104,53
16179200,53
16183296,53
16187392,53
16191488,53
16195584,53
16199680,53
16203776,53
16207872,53
16211968,53
16216064,53
16220160,53
16224256,53
16228352,53
16232448,53
16236544,53
16240640,53
16244736,53
16248832,53
16252928,53
16257024,53
16261120,53
16265216,53
16269312,53
16273408,53
16277504,53
16281600,53
16285696,53
16289792,53
16293888,53
16297984,53
16302080,53
16306176,53
16310272,53
16314368,53
16318464,53
16322560,53
16326656,53
16330752,53
16334848,53
16338944,53
16343040,53
16347136,53
16351232,53
16355328,53
16359424,53
16363520,53
16367616,53
16371712,53
16375808,53
16379904,53
16384000,53
16388096,53
16392192,53
16396288,53
16400384,53
16404480,53
16408576,53
16412672,53
16416768,53
16420864,53
16424960,53
16429056,53
16433152,53
16437248,53
16441344,53
16445440,53
16449536,53
16453632,53
16457728,53
16461824,53
16465920,53
16470016,53
16474112,53
16478208,53
16482304,53
16486400,53
16490496,53
16494592,53
16498688,53
16502784,53
16506880,53
16510976,53
16515072,53
16519168,53
16523264,53
16527360,53
16531456,53
16535552,53
16539648,53
16543744,53
16547840,53
16551936,53
16556032,53
16560128,53
16564224,53
16568320,53
16572416,53
16576512,53
16580608,53
16584704,53
16588800,53
16592896,53
16596992,53
16601088,53
16605184,53
16609280,53
16613376,53
16617472,53
16621568,53
16625664,53
16629760,53
16633856,53
16637952,53
16642048,53
16646144,53
16650240,53
16654336,53
16658432,53
16662528,53
16666624,53
16670720,53
16674816,53
16678912,53
16683008,53
16687104,53
16691200,53
16695296,53
16699392,53
16703488,53
16707584,53
16711680,53
16715776,53
16719872,53
16723968,53
16728064,53
16732160,53
16736256,53
16740352,53
16744448,53
16748544,53
16752640,53
16756736,53
16760832,53
16764928,53
16769024,53
16773120,53
16777216,53
16781312,53
16785408,53
16789504,53
16793600,53
16797696,53
16801792,53
16805888,53
16809984,53
16814080,53
16818176,53
16822272,53
16826368,53
16830464,53
16834560,53
16838656,53
16842752,53
16846848,53
16850944,53
16855040,53
16859136,53
16863232,53
16867328,53
16871424,53
16875520,53
16879616,53
16883712,53
16887808,53
16891904,53
16896000,53
16900096,53
16904192,53
16908288,53
16912384,53
16916480,53
16920576,53
16924672,53
16928768,53
16932864,53
16936960,53
16941056,53
16945152,53
16949248,53
16953344,53
16957440,53
16961536,53
16965632,53
16969728,53
16973824,53
16977920,53
16982016,53
16986112,53
16990208,89.5
16994304,89.5
16998400,89.5
17002496,89.5
17006592,89.5
17010688,89.5
17014784,89.5
17018880,89.5
17022976,89.5
17027072,89.5
17031168,89.5
17035264,89.5
17039360,89.5
17043456,89.5
17047552,89.5
17051648,89.5
17055744,89.5
17059840,89.5
17063936,89.5
17068032,89.5
17072128,89.5
17076224,89.5
17080320,89.5
17084416,89.5
17088512,89.5
17092608,89.5
17096704,89.5
17100800,89.5
17104896,89.5
17108992,89.5
17113088,89.5
17117184,89.5
17121280,89.5
17125376,89.5
17129472,89.5
17133568,89.5
17137664,89.5
17141760,89.5
17145856,89.5
17149952,89.5
17154048,89.5
17158144,89.5
17162240,89.5
17166336,89.5
17170432,89.5
17174528,89.5
17178624,89.5
17182720,89.5
17186816,89.5
17190912,89.5
17195008,89.5
17199104,89.5
17203200,89.5
17207296,89.5
17211392,89.5
17215488,89.5
17219584,89.5
17223680,89.5
17227776,89.5
17231872,89.5
17235968,89.5
17240064,89.5
17244160,89.5
17248256,89.5
17252352,89.5
17256448,89.5
17260544,89.5
17264640,89.5
17268736,89.5
17272832,89.5
17276928,89.5
17281024,89.5
17285120,89.5
17289216,89.5
17293312,89.5
17297408,89.5
17301504,89.5
17305600,89.5
17309696,89.5
17313792,89.5
17317888,89.5
17321984,89.5
17326080,89.5
17330176,89.5
17334272,89.5
17338368,89.5
17342464,89.5
17346560,89.5
17350656,89.5
17354752,89.5
17358848,89.5
17362944,89.5
17367040,89.5
17371136,89.5
17375232,89.5
17379328,89.5
17383424,89.5
17387520,89.5
17391616,89.5
17395712,89.5
17399808,89.5
17403904,89.5
17408000,89.5
17412096,89.5
17416192,89.5
17420288,89.5
17424384,89.5
17428480,89.5
17432576,89.5
17436672,89.5
17440768,89.5
17444864,89.5
17448960,89.5
17453056,89.5
17457152,89.5
17461248,89.5
17465344,89.5
17469440,89.5
17473536,89.5
17477632,89.5
17481728,89.5
17485824,89.5
17489920,89.5
17494016,89.5
17498112,89.5
17502208,89.5
17506304,89.5
17510400,89.5
17514496,89.5
17518592,89.5
17522688,89.5
17526784,89.5
17530880,89.5
17534976,89.5
17539072,89.5
17543168,89.5
17547264,89.5
17551360,89.5
17555456,89.5
17559552,89.5
17563648,89.5
17567744,89.5
17571840,89.5
17575936,89.5
17580032,89.5
17584128,89.5
17588224,89.5
17592320,89.5
17596416,89.5
17600512,89.5
17604608,89.5
17608704,89.5
17612800,89.5
17616896,89.5
17620992,89.5
17625088,89.5
17629184,89.5
17633280,89.5
17637376,89.5
17641472,89.5
17645568,89.5
17649664,89.5
17653760,89.5
17657856,89.5
17661952,89.5
17666048,89.5
17670144,89.5
17674240,89.5
17678336,89.5
17682432,89.5
17686528,89.5
17690624,89.5
17694720,89.5
17698816,89.5
17702912,89.5
17707008,89.5
17711104,89.5
17715200,89.5
17719296,89.5
17723392,89.5
17727488,89.5
17731584,89.5
17735680,89.5
17739776,89.5
17743872,89.5
17747968,89.5
17752064,89.5
17756160,89.5
17760256,89.5
17764352,89.5
17768448,89.5
17772544,89.5
17776640,89.5
17780736,89.5
17784832,89.5
17788928,89.5
17793024,89.5
17797120,89.5
17801216,89.5
17805312,89.5
17809408,89.5
17813504,89.5
17817600,89.5
17821696,89.5
17825792,89.5
17829888,89.5
17833984,89.5
17838080,89.5
17842176,89.5
17846272,89.5
17850368,89.5
17854464,89.5
17858560,89.5
17862656,89.5
17866752,89.5
17870848,89.5
17874944,89.5
17879040,89.5
17883136,89.5
17887232,89.5
17891328,89.5
17895424,89.5
17899520,89.5
17903616,89.5
17907712,89.5
17911808,89.5
17915904,89.5
17920000,89.5
17924096,89.5
17928192,89.5
17932288,89.5
17936384,89.5
17940480,89.5
17944576,89.5
17948672,89.5
17952768,89.5
17956864,89.5
17960960,89.5
17965056,89.5
17969152,89.5
17973248,89.5
17977344,89.5
17981440,89.5
17985536,89.5
17989632,92.80000305175781
17993728,92.80000305175781
17997824,92.80000305175781
18001920,92.80000305175781
18006016,92.80000305175781
18010112,92.80000305175781
18014208,92.80000305175781
18018304,92.80000305175781
18022400,92.80000305175781
18026496,92.80000305175781
18030592,92.80000305175781
18034688,92.80000305175781
18038784,92.80000305175781
18042880,92.80000305175781
18046976,92.80000305175781
18051072,92.80000305175781
18055168,92.80000305175781
18059264,92.80000305175781
18063360,92.80000305175781
18067456,92.80000305175781
18071552,92.80000305175781
18075648,92.80000305175781
18079744,92.80000305175781
18083840,92.80000305175781
18087936,92.80000305175781
18092032,92.80000305175781
18096128,92.80000305175781
18100224,92.80000305175781
18104320,92.80000305175781
18108416,92.80000305175781
18112512,92.80000305175781
18116608,92.80000305175781
18120704,92.80000305175781
18124800,92.80000305175781
18128896,92.80000305175781
18132992,92.80000305175781
18137088,92.80000305175781
18141184,92.80000305175781
18145280,92.80000305175781
18149376,92.80000305175781
18153472,92.80000305175781
18157568,92.80000305175781
18161664,92.80000305175781
18165760,92.80000305175781
18169856,92.80000305175781
18173952,92.80000305175781
18178048,92.80000305175781
18182144,92.80000305175781
18186240,92.80000305175781
18190336,92.80000305175781
18194432,92.80000305175781
18198528,92.80000305175781
18202624,92.80000305175781
18206720,92.80000305175781
18210816,92.80000305175781
18214912,92.80000305175781
18219008,92.80000305175781
18223104,92.80000305175781
18227200,92.80000305175781
18231296,92.80000305175781
18235392,92.80000305175781
18239488,92.80000305175781
18243584,92.80000305175781
18247680,92.80000305175781
18251776,92.80000305175781
18255872,92.80000305175781
18259968,92.80000305175781
18264064,92.80000305175781
18268160,92.80000305175781
18272256,92.80000305175781
18276352,92.80000305175781
18280448,92.80000305175781
18284544,92.80000305175781
18288640,92.80000305175781
18292736,92.80000305175781
18296832,92.80000305175781
18300928,92.80000305175781
18305024,92.80000305175781
18309120,92.80000305175781
18313216,92.80000305175781
18317312,92.80000305175781
18321408,92.80000305175781
18325504,92.80000305175781
18329600,92.80000305175781
18333696,92.80000305175781
18337792,92.80000305175781
18341888,92.80000305175781
18345984,92.80000305175781
18350080,92.80000305175781
18354176,92.80000305175781
18358272,92.80000305175781
18362368,92.80000305175781
18366464,92.80000305175781
18370560,92.80000305175781
18374656,92.80000305175781
18378752,92.80000305175781
18382848,92.80000305175781
18386944,92.80000305175781
18391040,92.80000305175781
18395136,92.80000305175781
18399232,92.80000305175781
18403328,92.80000305175781
18407424,92.80000305175781
18411520,92.80000305175781
18415616,92.80000305175781
18419712,92.80000305175781
18423808,92.80000305175781
18427904,92.80000305175781
18432000,92.80000305175781
18436096,92.80000305175781
18440192,92.80000305175781
18444288,92.80000305175781
18448384,92.80000305175781
18452480,92.80000305175781
18456576,92.80000305175781
18460672,92.80000305175781
18464768,92.80000305175781
18468864,92.80000305175781
18472960,92.80000305175781
18477056,92.80000305175781
18481152,92.80000305175781
18485248,92.80000305175781
18489344,92.80000305175781
18493440,92.80000305175781
18497536,92.80000305175781
18501632,92.80000305175781
18505728,92.80000305175781
18509824,92.80000305175781
18513920,92.80000305175781
18518016,92.80000305175781
18522112,92.80000305175781
18526208,92.80000305175781
18530304,92.80000305175781
18534400,92.80000305175781
18538496,92.80000305175781
18542592,92.80000305175781
18546688,92.80000305175781
18550784,92.80000305175781
18554880,92.80000305175781
18558976,92.80000305175781
18563072,92.80000305175781
18567168,92.80000305175781
18571264,92.80000305175781
18575360,92.80000305175781
18579456,92.80000305175781
18583552,92.80000305175781
18587648,92.80000305175781
18591744,92.80000305175781
18595840,92.80000305175781
18599936,92.80000305175781
18604032,92.80000305175781
18608128,92.80000305175781
18612224,92.80000305175781
18616320,92.80000305175781
18620416,92.80000305175781
18624512,92.80000305175781
18628608,92.80000305175781
18632704,92.80000305175781
18636800,92.80000305175781
18640896,92.80000305175781
18644992,92.80000305175781
18649088,92.80000305175781
18653184,92.80000305175781
18657280,92.80000305175781
18661376,92.80000305175781
18665472,92.80000305175781
18669568,92.80000305175781
18673664,92.80000305175781
18677760,92.80000305175781
18681856,92.80000305175781
18685952,92.80000305175781
18690048,92.80000305175781
18694144,92.80000305175781
18698240,92.80000305175781
18702336,92.80000305175781
18706432,92.80000305175781
18710528,92.80000305175781
18714624,92.80000305175781
18718720,92.80000305175781
18722816,92.80000305175781
18726912,92.80000305175781
18731008,92.80000305175781
18735104,92.80000305175781
18739200,92.80000305175781
18743296,92.80000305175781
18747392,92.80000305175781
18751488,92.80000305175781
18755584,92.80000305175781
18759680,92.80000305175781
18763776,92.80000305175781
18767872,92.80000305175781
18771968,92.80000305175781
18776064,92.80000305175781
18780160,92.80000305175781
18784256,92.80000305175781
18788352,92.80000305175781
18792448,92.80000305175781
18796544,92.80000305175781
18800640,92.80000305175781
18804736,92.80000305175781
18808832,92.80000305175781
18812928,92.80000305175781
18817024,92.80000305175781
18821120,92.80000305175781
18825216,92.80000305175781
18829312,92.80000305175781
18833408,92.80000305175781
18837504,92.80000305175781
18841600,92.80000305175781
18845696,92.80000305175781
18849792,92.80000305175781
18853888,92.80000305175781
18857984,92.80000305175781
18862080,92.80000305175781
18866176,92.80000305175781
18870272,92.80000305175781
18874368,92.80000305175781
18878464,92.80000305175781
18882560,92.80000305175781
18886656,92.80000305175781
18890752,92.80000305175781
18894848,92.80000305175781
18898944,92.80000305175781
18903040,92.80000305175781
18907136,92.80000305175781
18911232,92.80000305175781
18915328,92.80000305175781
18919424,92.80000305175781
18923520,92.80000305175781
18927616,92.80000305175781
18931712,92.80000305175781
18935808,92.80000305175781
18939904,92.80000305175781
18944000,92.80000305175781
18948096,92.80000305175781
18952192,92.80000305175781
18956288,92.80000305175781
18960384,92.80000305175781
18964480,92.80000305175781
18968576,92.80000305175781
18972672,92.80000305175781
18976768,92.80000305175781
18980864,92.80000305175781
18984960,92.80000305175781
18989056,93.20000457763672
18993152,93.20000457763672
18997248,93.20000457763672
19001344,93.20000457763672
19005440,93.20000457763672
19009536,93.20000457763672
19013632,93.20000457763672
19017728,93.20000457763672
19021824,93.20000457763672
19025920,93.20000457763672
19030016,93.20000457763672
19034112,93.20000457763672
19038208,93.20000457763672
19042304,93.20000457763672
19046400,93.20000457763672
19050496,93.20000457763672
19054592,93.20000457763672
19058688,93.20000457763672
19062784,93.20000457763672
19066880,93.20000457763672
19070976,93.20000457763672
19075072,93.20000457763672
19079168,93.20000457763672
19083264,93.20000457763672
19087360,93.20000457763672
19091456,93.20000457763672
19095552,93.20000457763672
19099648,93.20000457763672
19103744,93.20000457763672
19107840,93.20000457763672
19111936,93.20000457763672
19116032,93.20000457763672
19120128,93.20000457763672
19124224,93.20000457763672
