env_step,returned_episode_returns
4096,0.0
8192,0.0
12288,0.0
16384,0.0
20480,0.0
24576,0.0
28672,0.0
32768,0.0
36864,0.0
40960,0.0
45056,0.0
49152,0.0
53248,0.0
57344,0.0
61440,0.0
65536,0.0
69632,0.0
73728,0.0
77824,0.0
81920,0.0
86016,0.0
90112,0.0
94208,0.0
98304,0.0
102400,0.0
106496,0.0
110592,0.0
114688,0.0
118784,0.0
122880,0.0
126976,0.0
131072,0.0
135168,0.0
139264,0.0
143360,0.0
147456,0.0
151552,0.0
155648,0.0
159744,0.0
163840,0.0
167936,0.0
172032,0.0
176128,0.0
180224,0.0
184320,0.0
188416,0.0
192512,0.0
196608,0.0
200704,0.0
204800,0.0
208896,0.0
212992,0.0
217088,0.0
221184,0.0
225280,0.0
229376,0.0
233472,0.0
237568,0.0
241664,0.0
245760,0.0
249856,0.0
253952,0.0
258048,0.0
262144,0.0
266240,0.0
270336,0.0
274432,0.0
278528,0.0
282624,0.0
286720,0.0
290816,0.0
294912,0.0
299008,0.0
303104,0.0
307200,0.0
311296,0.0
315392,0.0
319488,0.0
323584,0.60888671875
327680,0.671875
331776,0.671875
335872,0.671875
339968,0.671875
344064,0.671875
348160,0.671875
352256,0.671875
356352,0.671875
360448,0.671875
364544,0.671875
368640,0.671875
372736,0.671875
376832,0.671875
380928,0.671875
385024,0.671875
389120,0.671875
393216,0.671875
397312,0.671875
401408,0.671875
405504,0.671875
409600,0.671875
413696,0.671875
417792,0.671875
421888,0.671875
425984,0.671875
430080,0.671875
434176,0.671875
438272,0.671875
442368,0.671875
446464,0.671875
450560,0.671875
454656,0.671875
458752,0.671875
462848,0.671875
466944,0.671875
471040,0.671875
475136,0.671875
479232,0.671875
483328,0.671875
487424,0.671875
491520,0.671875
495616,0.671875
499712,0.671875
503808,0.671875
507904,0.671875
512000,0.671875
516096,0.671875
520192,0.671875
524288,0.671875
528384,0.671875
532480,0.671875
536576,0.671875
540672,0.671875
544768,0.671875
548864,0.671875
552960,0.671875
557056,0.671875
561152,0.671875
565248,0.671875
569344,0.671875
573440,0.671875
577536,0.671875
581632,0.671875
585728,0.671875
589824,0.671875
593920,0.671875
598016,0.671875
602112,0.671875
606208,0.671875
610304,0.671875
614400,0.671875
618496,0.671875
622592,0.671875
626688,0.671875
630784,0.671875
634880,0.671875
638976,0.671875
643072,1.312744140625
647168,1.4921875
651264,1.4921875
655360,1.4921875
659456,1.4921875
663552,1.4921875
667648,1.4921875
671744,1.4921875
675840,1.4921875
679936,1.4921875
684032,1.4921875
688128,1.4921875
692224,1.4921875
696320,1.4921875
700416,1.4921875
704512,1.4921875
708608,1.4921875
712704,1.4921875
716800,1.4921875
720896,1.4921875
724992,1.4921875
729088,1.4921875
733184,1.4921875
737280,1.4921875
741376,1.4921875
745472,1.4921875
749568,1.4921875
753664,1.4921875
757760,1.4921875
761856,1.4921875
765952,1.4921875
770048,1.4921875
774144,1.4921875
778240,1.4921875
782336,1.4921875
786432,1.4921875
790528,1.4921875
794624,1.4921875
798720,1.4921875
802816,1.4921875
806912,1.4921875
811008,1.4921875
815104,1.4921875
819200,1.4921875
823296,1.4921875
827392,1.4921875
831488,1.4921875
835584,1.4921875
839680,1.4921875
843776,1.4921875
847872,1.4921875
851968,1.4921875
856064,1.4921875
860160,1.4921875
864256,1.4921875
868352,1.4921875
872448,1.4921875
876544,1.4921875
880640,1.4921875
884736,1.4921875
888832,1.4921875
892928,1.4921875
897024,1.4921875
901120,1.4921875
905216,1.4921875
909312,1.4921875
913408,1.4921875
917504,1.4921875
921600,1.4921875
925696,1.4921875
929792,1.4921875
933888,1.4921875
937984,1.4921875
942080,1.4921875
946176,1.4921875
950272,1.4921875
954368,1.4921875
958464,1.4921875
962560,3.6865234375
966656,4.8359375
970752,4.8359375
974848,4.8359375
978944,4.8359375
983040,4.8359375
987136,4.8359375
991232,4.8359375
995328,4.8359375
999424,4.8359375
1003520,4.8359375
1007616,4.8359375
1011712,4.8359375
1015808,4.8359375
1019904,4.8359375
1024000,4.8359375
1028096,4.8359375
1032192,4.8359375
1036288,4.8359375
1040384,4.8359375
1044480,4.8359375
1048576,4.8359375
1052672,4.8359375
1056768,4.8359375
1060864,4.8359375
1064960,4.8359375
1069056,4.8359375
1073152,4.8359375
1077248,4.8359375
1081344,4.8359375
1085440,4.8359375
1089536,4.8359375
1093632,4.8359375
1097728,4.8359375
1101824,4.8359375
1105920,4.8359375
1110016,4.8359375
1114112,4.8359375
1118208,4.8359375
1122304,4.8359375
1126400,4.8359375
1130496,4.8359375
1134592,4.8359375
1138688,4.8359375
1142784,4.8359375
1146880,4.8359375
1150976,4.8359375
1155072,4.8359375
1159168,4.8359375
1163264,4.8359375
1167360,4.8359375
1171456,4.8359375
1175552,4.8359375
1179648,4.8359375
1183744,4.8359375
1187840,4.8359375
1191936,4.8359375
1196032,4.8359375
1200128,4.8359375
1204224,4.8359375
1208320,4.8359375
1212416,4.8359375
1216512,4.8359375
1220608,4.8359375
1224704,4.8359375
1228800,4.8359375
1232896,4.8359375
1236992,4.8359375
1241088,4.8359375
1245184,4.8359375
1249280,4.8359375
1253376,4.8359375
1257472,4.8359375
1261568,4.8359375
1265664,4.8359375
1269760,4.8359375
1273856,4.8359375
1277952,4.8359375
1282048,7.458984375
1286144,9.7734375
1290240,9.7734375
1294336,9.7734375
1298432,9.7734375
1302528,9.7734375
1306624,9.7734375
1310720,9.7734375
1314816,9.7734375
1318912,9.7734375
1323008,9.7734375
1327104,9.7734375
1331200,9.7734375
1335296,9.7734375
1339392,9.7734375
1343488,9.7734375
1347584,9.7734375
1351680,9.7734375
1355776,9.7734375
1359872,9.7734375
1363968,9.7734375
1368064,9.7734375
1372160,9.7734375
1376256,9.7734375
1380352,9.7734375
1384448,9.7734375
1388544,9.7734375
1392640,9.7734375
1396736,9.7734375
1400832,9.7734375
1404928,9.7734375
1409024,9.7734375
1413120,9.7734375
1417216,9.7734375
1421312,9.7734375
1425408,9.7734375
1429504,9.7734375
1433600,9.7734375
1437696,9.7734375
1441792,9.7734375
1445888,9.7734375
1449984,9.7734375
1454080,9.7734375
1458176,9.7734375
1462272,9.7734375
1466368,9.7734375
1470464,9.7734375
1474560,9.7734375
1478656,9.7734375
1482752,9.7734375
1486848,9.7734375
1490944,9.7734375
1495040,9.7734375
1499136,9.7734375
1503232,9.7734375
1507328,9.7734375
1511424,9.7734375
1515520,9.7734375
1519616,9.7734375
1523712,9.7734375
1527808,9.7734375
1531904,9.7734375
1536000,9.7734375
1540096,9.7734375
1544192,9.7734375
1548288,9.7734375
1552384,9.7734375
1556480,9.7734375
1560576,9.7734375
1564672,9.7734375
1568768,9.7734375
1572864,9.7734375
1576960,9.7734375
1581056,9.7734375
1585152,9.7734375
1589248,9.7734375
1593344,9.7734375
1597440,9.7734375
1601536,13.55029296875
1605632,19.0703125
1609728,19.0703125
1613824,19.0703125
1617920,19.0703125
1622016,19.0703125
1626112,19.0703125
1630208,19.0703125
1634304,19.0703125
1638400,19.0703125
1642496,19.0703125
1646592,19.0703125
1650688,19.0703125
1654784,19.0703125
1658880,19.0703125
1662976,19.0703125
1667072,19.0703125
1671168,19.0703125
1675264,19.0703125
1679360,19.0703125
1683456,19.0703125
1687552,19.0703125
1691648,19.0703125
1695744,19.0703125
1699840,19.0703125
1703936,19.0703125
1708032,19.0703125
1712128,19.0703125
1716224,19.0703125
1720320,19.0703125
1724416,19.0703125
1728512,19.0703125
1732608,19.0703125
1736704,19.0703125
1740800,19.0703125
1744896,19.0703125
1748992,19.0703125
1753088,19.0703125
1757184,19.0703125
1761280,19.0703125
1765376,19.0703125
1769472,19.0703125
1773568,19.0703125
1777664,19.0703125
1781760,19.0703125
1785856,19.0703125
1789952,19.0703125
1794048,19.0703125
1798144,19.0703125
1802240,19.0703125
1806336,19.0703125
1810432,19.0703125
1814528,19.0703125
1818624,19.0703125
1822720,19.0703125
1826816,19.0703125
1830912,19.0703125
1835008,19.0703125
1839104,19.0703125
1843200,19.0703125
1847296,19.0703125
1851392,19.0703125
1855488,19.0703125
1859584,19.0703125
1863680,19.0703125
1867776,19.0703125
1871872,19.0703125
1875968,19.0703125
1880064,19.0703125
1884160,19.0703125
1888256,19.0703125
1892352,19.0703125
1896448,19.0703125
1900544,19.0703125
1904640,19.0703125
1908736,19.0703125
1912832,19.0703125
1916928,19.0703125
1921024,23.37255859375
1925120,34.3671875
1929216,34.3671875
1933312,34.3671875
1937408,34.3671875
1941504,34.3671875
1945600,34.3671875
1949696,34.3671875
1953792,34.3671875
1957888,34.3671875
1961984,34.3671875
1966080,34.3671875
1970176,34.3671875
1974272,34.3671875
1978368,34.3671875
1982464,34.3671875
1986560,34.3671875
1990656,34.3671875
1994752,34.3671875
1998848,34.3671875
2002944,34.3671875
2007040,34.3671875
2011136,34.3671875
2015232,34.3671875
2019328,34.3671875
2023424,34.3671875
2027520,34.3671875
2031616,34.3671875
2035712,34.3671875
2039808,34.3671875
2043904,34.3671875
2048000,34.3671875
2052096,34.3671875
2056192,34.3671875
2060288,34.3671875
2064384,34.3671875
2068480,34.3671875
2072576,34.3671875
2076672,34.3671875
2080768,34.3671875
2084864,34.3671875
2088960,34.3671875
2093056,34.3671875
2097152,34.3671875
2101248,34.3671875
2105344,34.3671875
2109440,34.3671875
2113536,34.3671875
2117632,34.3671875
2121728,34.3671875
2125824,34.3671875
2129920,34.3671875
2134016,34.3671875
2138112,34.3671875
2142208,34.3671875
2146304,34.3671875
2150400,34.3671875
2154496,34.3671875
2158592,34.3671875
2162688,34.3671875
2166784,34.3671875
2170880,34.3671875
2174976,34.3671875
2179072,34.3671875
2183168,34.3671875
2187264,34.3671875
2191360,34.3671875
2195456,34.3671875
2199552,34.3671875
2203648,34.3671875
2207744,34.3671875
2211840,34.3671875
2215936,34.3671875
2220032,34.3671875
2224128,34.3671875
2228224,34.3671875
2232320,34.3671875
2236416,34.3671875
2240512,36.172607421875
2244608,45.921875
2248704,45.921875
2252800,45.921875
2256896,45.921875
2260992,45.921875
2265088,45.921875
2269184,45.921875
2273280,45.921875
2277376,45.921875
2281472,45.921875
2285568,45.921875
2289664,45.921875
2293760,45.921875
2297856,45.921875
2301952,45.921875
2306048,45.921875
2310144,45.921875
2314240,45.921875
2318336,45.921875
2322432,45.921875
2326528,45.921875
2330624,45.921875
2334720,45.921875
2338816,45.921875
2342912,45.921875
2347008,45.921875
2351104,45.921875
2355200,45.921875
2359296,45.921875
2363392,45.921875
2367488,45.921875
2371584,45.921875
2375680,45.921875
2379776,45.921875
2383872,45.921875
2387968,45.921875
2392064,45.921875
2396160,45.921875
2400256,45.921875
2404352,45.921875
2408448,45.921875
2412544,45.921875
2416640,45.921875
2420736,45.921875
2424832,45.921875
2428928,45.921875
2433024,45.921875
2437120,45.921875
2441216,45.921875
2445312,45.921875
2449408,45.921875
2453504,45.921875
2457600,45.921875
2461696,45.921875
2465792,45.921875
2469888,45.921875
2473984,45.921875
2478080,45.921875
2482176,45.921875
2486272,45.921875
2490368,45.921875
2494464,45.921875
2498560,45.921875
2502656,45.921875
2506752,45.921875
2510848,45.921875
2514944,45.921875
2519040,45.921875
2523136,45.921875
2527232,45.921875
2531328,45.921875
2535424,45.921875
2539520,45.921875
2543616,45.921875
2547712,45.921875
2551808,45.921875
2555904,45.921875
2560000,46.168701171875
2564096,53.8203125
2568192,53.8203125
2572288,53.8203125
2576384,53.8203125
2580480,53.8203125
2584576,53.8203125
2588672,53.8203125
2592768,53.8203125
2596864,53.8203125
2600960,53.8203125
2605056,53.8203125
2609152,53.8203125
2613248,53.8203125
2617344,53.8203125
2621440,53.8203125
2625536,53.8203125
2629632,53.8203125
2633728,53.8203125
2637824,53.8203125
2641920,53.8203125
2646016,53.8203125
2650112,53.8203125
2654208,53.8203125
2658304,53.8203125
2662400,53.8203125
2666496,53.8203125
2670592,53.8203125
2674688,53.8203125
2678784,53.8203125
2682880,53.8203125
2686976,53.8203125
2691072,53.8203125
2695168,53.8203125
2699264,53.8203125
2703360,53.8203125
2707456,53.8203125
2711552,53.8203125
2715648,53.8203125
2719744,53.8203125
2723840,53.8203125
2727936,53.8203125
2732032,53.8203125
2736128,53.8203125
2740224,53.8203125
2744320,53.8203125
2748416,53.8203125
2752512,53.8203125
2756608,53.8203125
2760704,53.8203125
2764800,53.8203125
2768896,53.8203125
2772992,53.8203125
2777088,53.8203125
2781184,53.8203125
2785280,53.8203125
2789376,53.8203125
2793472,53.8203125
2797568,53.8203125
2801664,53.8203125
2805760,53.8203125
2809856,53.8203125
2813952,53.8203125
2818048,53.8203125
2822144,53.8203125
2826240,53.8203125
2830336,53.8203125
2834432,53.8203125
2838528,53.8203125
2842624,53.8203125
2846720,53.8203125
2850816,53.8203125
2854912,53.8203125
2859008,53.8203125
2863104,53.8203125
2867200,53.8203125
2871296,53.8203125
2875392,53.8203125
2879488,53.8203125
2883584,54.0185546875
2887680,54.0390625
2891776,54.0390625
2895872,54.0390625
2899968,54.0390625
2904064,54.0390625
2908160,54.0390625
2912256,54.0390625
2916352,54.0390625
2920448,54.0390625
2924544,54.0390625
2928640,54.0390625
2932736,54.0390625
2936832,54.0390625
2940928,54.0390625
2945024,54.0390625
2949120,54.0390625
2953216,54.0390625
2957312,54.0390625
2961408,54.0390625
2965504,54.0390625
2969600,54.0390625
2973696,54.0390625
2977792,54.0390625
2981888,54.0390625
2985984,54.0390625
2990080,54.0390625
2994176,54.0390625
2998272,54.0390625
3002368,54.0390625
3006464,54.0390625
3010560,54.0390625
3014656,54.0390625
3018752,54.0390625
3022848,54.0390625
3026944,54.0390625
3031040,54.0390625
3035136,54.0390625
3039232,54.0390625
3043328,54.0390625
3047424,54.0390625
3051520,54.0390625
3055616,54.0390625
3059712,54.0390625
3063808,54.0390625
3067904,54.0390625
3072000,54.0390625
3076096,54.0390625
3080192,54.0390625
3084288,54.0390625
3088384,54.0390625
3092480,54.0390625
3096576,54.0390625
3100672,54.0390625
3104768,54.0390625
3108864,54.0390625
3112960,54.0390625
3117056,54.0390625
3121152,54.0390625
3125248,54.0390625
3129344,54.0390625
3133440,54.0390625
3137536,54.0390625
3141632,54.0390625
3145728,54.0390625
3149824,54.0390625
3153920,54.0390625
3158016,54.0390625
3162112,54.0390625
3166208,54.0390625
3170304,54.0390625
3174400,54.0390625
3178496,54.0390625
3182592,54.0390625
3186688,54.0390625
3190784,54.0390625
3194880,54.0390625
3198976,54.0390625
3203072,53.788818359375
3207168,53.71875
3211264,53.71875
3215360,53.71875
3219456,53.71875
3223552,53.71875
3227648,53.71875
3231744,53.71875
3235840,53.71875
3239936,53.71875
3244032,53.71875
3248128,53.71875
3252224,53.71875
3256320,53.71875
3260416,53.71875
3264512,53.71875
3268608,53.71875
3272704,53.71875
3276800,53.71875
3280896,53.71875
3284992,53.71875
3289088,53.71875
3293184,53.71875
3297280,53.71875
3301376,53.71875
3305472,53.71875
3309568,53.71875
3313664,53.71875
3317760,53.71875
3321856,53.71875
3325952,53.71875
3330048,53.71875
3334144,53.71875
3338240,53.71875
3342336,53.71875
3346432,53.71875
3350528,53.71875
3354624,53.71875
3358720,53.71875
3362816,53.71875
3366912,53.71875
3371008,53.71875
3375104,53.71875
3379200,53.71875
3383296,53.71875
3387392,53.71875
3391488,53.71875
3395584,53.71875
3399680,53.71875
3403776,53.71875
3407872,53.71875
3411968,53.71875
3416064,53.71875
3420160,53.71875
3424256,53.71875
3428352,53.71875
3432448,53.71875
3436544,53.71875
3440640,53.71875
3444736,53.71875
3448832,53.71875
3452928,53.71875
3457024,53.71875
3461120,53.71875
3465216,53.71875
3469312,53.71875
3473408,53.71875
3477504,53.71875
3481600,53.71875
3485696,53.71875
3489792,53.71875
3493888,53.71875
3497984,53.71875
3502080,53.71875
3506176,53.71875
3510272,53.71875
3514368,53.71875
3518464,53.71875
3522560,49.99658203125
3526656,48.046875
3530752,48.046875
3534848,48.046875
3538944,48.046875
3543040,48.046875
3547136,48.046875
3551232,48.046875
3555328,48.046875
3559424,48.046875
3563520,48.046875
3567616,48.046875
3571712,48.046875
3575808,48.046875
3579904,48.046875
3584000,48.046875
3588096,48.046875
3592192,48.046875
3596288,48.046875
3600384,48.046875
3604480,48.046875
3608576,48.046875
3612672,48.046875
3616768,48.046875
3620864,48.046875
3624960,48.046875
3629056,48.046875
3633152,48.046875
3637248,48.046875
3641344,48.046875
3645440,48.046875
3649536,48.046875
3653632,48.046875
3657728,48.046875
3661824,48.046875
3665920,48.046875
3670016,48.046875
3674112,48.046875
3678208,48.046875
3682304,48.046875
3686400,48.046875
3690496,48.046875
3694592,48.046875
3698688,48.046875
3702784,48.046875
3706880,48.046875
3710976,48.046875
3715072,48.046875
3719168,48.046875
3723264,48.046875
3727360,48.046875
3731456,48.046875
3735552,48.046875
3739648,48.046875
3743744,48.046875
3747840,48.046875
3751936,48.046875
3756032,48.046875
3760128,48.046875
3764224,48.046875
3768320,48.046875
3772416,48.046875
3776512,48.046875
3780608,48.046875
3784704,48.046875
3788800,48.046875
3792896,48.046875
3796992,48.046875
3801088,48.046875
3805184,48.046875
3809280,48.046875
3813376,48.046875
3817472,48.046875
3821568,48.046875
3825664,48.046875
3829760,48.046875
3833856,48.046875
3837952,48.046875
3842048,50.176025390625
3846144,52.0546875
3850240,52.0546875
3854336,52.0546875
3858432,52.0546875
3862528,52.0546875
3866624,52.0546875
3870720,52.0546875
3874816,52.0546875
3878912,52.0546875
3883008,52.0546875
3887104,52.0546875
3891200,52.0546875
3895296,52.0546875
3899392,52.0546875
3903488,52.0546875
3907584,52.0546875
3911680,52.0546875
3915776,52.0546875
3919872,52.0546875
3923968,52.0546875
3928064,52.0546875
3932160,52.0546875
3936256,52.0546875
3940352,52.0546875
3944448,52.0546875
3948544,52.0546875
3952640,52.0546875
3956736,52.0546875
3960832,52.0546875
3964928,52.0546875
3969024,52.0546875
3973120,52.0546875
3977216,52.0546875
3981312,52.0546875
3985408,52.0546875
3989504,52.0546875
3993600,52.0546875
3997696,52.0546875
4001792,52.0546875
4005888,52.0546875
4009984,52.0546875
4014080,52.0546875
4018176,52.0546875
4022272,52.0546875
4026368,52.0546875
4030464,52.0546875
4034560,52.0546875
4038656,52.0546875
4042752,52.0546875
4046848,52.0546875
4050944,52.0546875
4055040,52.0546875
4059136,52.0546875
4063232,52.0546875
4067328,52.0546875
4071424,52.0546875
4075520,52.0546875
4079616,52.0546875
4083712,52.0546875
4087808,52.0546875
4091904,52.0546875
4096000,52.0546875
4100096,52.0546875
4104192,52.0546875
4108288,52.0546875
4112384,52.0546875
4116480,52.0546875
4120576,52.0546875
4124672,52.0546875
4128768,52.0546875
4132864,52.0546875
4136960,52.0546875
4141056,52.0546875
4145152,52.0546875
4149248,52.0546875
4153344,52.0546875
4157440,52.0546875
4161536,53.371826171875
4165632,55.296875
4169728,55.296875
4173824,55.296875
4177920,55.296875
4182016,55.296875
4186112,55.296875
4190208,55.296875
4194304,55.296875
4198400,55.296875
4202496,55.296875
4206592,55.296875
4210688,55.296875
4214784,55.296875
4218880,55.296875
4222976,55.296875
4227072,55.296875
4231168,55.296875
4235264,55.296875
4239360,55.296875
4243456,55.296875
4247552,55.296875
4251648,55.296875
4255744,55.296875
4259840,55.296875
4263936,55.296875
4268032,55.296875
4272128,55.296875
4276224,55.296875
4280320,55.296875
4284416,55.296875
4288512,55.296875
4292608,55.296875
4296704,55.296875
4300800,55.296875
4304896,55.296875
4308992,55.296875
4313088,55.296875
4317184,55.296875
4321280,55.296875
4325376,55.296875
4329472,55.296875
4333568,55.296875
4337664,55.296875
4341760,55.296875
4345856,55.296875
4349952,55.296875
4354048,55.296875
4358144,55.296875
4362240,55.296875
4366336,55.296875
4370432,55.296875
4374528,55.296875
4378624,55.296875
4382720,55.296875
4386816,55.296875
4390912,55.296875
4395008,55.296875
4399104,55.296875
4403200,55.296875
4407296,55.296875
4411392,55.296875
4415488,55.296875
4419584,55.296875
4423680,55.296875
4427776,55.296875
4431872,55.296875
4435968,55.296875
4440064,55.296875
4444160,55.296875
4448256,55.296875
4452352,55.296875
4456448,55.296875
4460544,55.296875
4464640,55.296875
4468736,55.296875
4472832,55.296875
4476928,55.296875
4481024,55.364990234375
4485120,55.5390625
4489216,55.5390625
4493312,55.5390625
4497408,55.5390625
4501504,55.5390625
4505600,55.5390625
4509696,55.5390625
4513792,55.5390625
4517888,55.5390625
4521984,55.5390625
4526080,55.5390625
4530176,55.5390625
4534272,55.5390625
4538368,55.5390625
4542464,55.5390625
4546560,55.5390625
4550656,55.5390625
4554752,55.5390625
4558848,55.5390625
4562944,55.5390625
4567040,55.5390625
4571136,55.5390625
4575232,55.5390625
4579328,55.5390625
4583424,55.5390625
4587520,55.5390625
4591616,55.5390625
4595712,55.5390625
4599808,55.5390625
4603904,55.5390625
4608000,55.5390625
4612096,55.5390625
4616192,55.5390625
4620288,55.5390625
4624384,55.5390625
4628480,55.5390625
4632576,55.5390625
4636672,55.5390625
4640768,55.5390625
4644864,55.5390625
4648960,55.5390625
4653056,55.5390625
4657152,55.5390625
4661248,55.5390625
4665344,55.5390625
4669440,55.5390625
4673536,55.5390625
4677632,55.5390625
4681728,55.5390625
4685824,55.5390625
4689920,55.5390625
4694016,55.5390625
4698112,55.5390625
4702208,55.5390625
4706304,55.5390625
4710400,55.5390625
4714496,55.5390625
4718592,55.5390625
4722688,55.5390625
4726784,55.5390625
4730880,55.5390625
4734976,55.5390625
4739072,55.5390625
4743168,55.5390625
4747264,55.5390625
4751360,55.5390625
4755456,55.5390625
4759552,55.5390625
4763648,55.5390625
4767744,55.5390625
4771840,55.5390625
4775936,55.5390625
4780032,55.5390625
4784128,55.5390625
4788224,55.5390625
4792320,55.5390625
4796416,55.5390625
4800512,55.506103515625
4804608,55.328125
4808704,55.328125
4812800,55.328125
4816896,55.328125
4820992,55.328125
4825088,55.328125
4829184,55.328125
4833280,55.328125
4837376,55.328125
4841472,55.328125
4845568,55.328125
4849664,55.328125
4853760,55.328125
4857856,55.328125
4861952,55.328125
4866048,55.328125
4870144,55.328125
4874240,55.328125
4878336,55.328125
4882432,55.328125
4886528,55.328125
4890624,55.328125
4894720,55.328125
4898816,55.328125
4902912,55.328125
4907008,55.328125
4911104,55.328125
4915200,55.328125
4919296,55.328125
4923392,55.328125
4927488,55.328125
4931584,55.328125
4935680,55.328125
4939776,55.328125
4943872,55.328125
4947968,55.328125
4952064,55.328125
4956160,55.328125
4960256,55.328125
4964352,55.328125
4968448,55.328125
4972544,55.328125
4976640,55.328125
4980736,55.328125
4984832,55.328125
4988928,55.328125
4993024,55.328125
4997120,55.328125
5001216,55.328125
5005312,55.328125
5009408,55.328125
5013504,55.328125
5017600,55.328125
5021696,55.328125
5025792,55.328125
5029888,55.328125
5033984,55.328125
5038080,55.328125
5042176,55.328125
5046272,55.328125
5050368,55.328125
5054464,55.328125
5058560,55.328125
5062656,55.328125
5066752,55.328125
5070848,55.328125
5074944,55.328125
5079040,55.328125
5083136,55.328125
5087232,55.328125
5091328,55.328125
5095424,55.328125
5099520,55.328125
5103616,55.328125
5107712,55.328125
5111808,55.328125
5115904,55.328125
5120000,55.3984375
5124096,57.578125
5128192,57.578125
5132288,57.578125
5136384,57.578125
5140480,57.578125
5144576,57.578125
5148672,57.578125
5152768,57.578125
5156864,57.578125
5160960,57.578125
5165056,57.578125
5169152,57.578125
5173248,57.578125
5177344,57.578125
5181440,57.578125
5185536,57.578125
5189632,57.578125
5193728,57.578125
5197824,57.578125
5201920,57.578125
5206016,57.578125
5210112,57.578125
5214208,57.578125
5218304,57.578125
5222400,57.578125
5226496,57.578125
5230592,57.578125
5234688,57.578125
5238784,57.578125
5242880,57.578125
5246976,57.578125
5251072,57.578125
5255168,57.578125
5259264,57.578125
5263360,57.578125
5267456,57.578125
5271552,57.578125
5275648,57.578125
5279744,57.578125
5283840,57.578125
5287936,57.578125
5292032,57.578125
5296128,57.578125
5300224,57.578125
5304320,57.578125
5308416,57.578125
5312512,57.578125
5316608,57.578125
5320704,57.578125
5324800,57.578125
5328896,57.578125
5332992,57.578125
5337088,57.578125
5341184,57.578125
5345280,57.578125
5349376,57.578125
5353472,57.578125
5357568,57.578125
5361664,57.578125
5365760,57.578125
5369856,57.578125
5373952,57.578125
5378048,57.578125
5382144,57.578125
5386240,57.578125
5390336,57.578125
5394432,57.578125
5398528,57.578125
5402624,57.578125
5406720,57.578125
5410816,57.578125
5414912,57.578125
5419008,57.578125
5423104,57.578125
5427200,57.578125
5431296,57.578125
5435392,57.578125
5439488,57.578125
5443584,55.60986328125
5447680,55.40625
5451776,55.40625
5455872,55.40625
5459968,55.40625
5464064,55.40625
5468160,55.40625
5472256,55.40625
5476352,55.40625
5480448,55.40625
5484544,55.40625
5488640,55.40625
5492736,55.40625
5496832,55.40625
5500928,55.40625
5505024,55.40625
5509120,55.40625
5513216,55.40625
5517312,55.40625
5521408,55.40625
5525504,55.40625
5529600,55.40625
5533696,55.40625
5537792,55.40625
5541888,55.40625
5545984,55.40625
5550080,55.40625
5554176,55.40625
5558272,55.40625
5562368,55.40625
5566464,55.40625
5570560,55.40625
5574656,55.40625
5578752,55.40625
5582848,55.40625
5586944,55.40625
5591040,55.40625
5595136,55.40625
5599232,55.40625
5603328,55.40625
5607424,55.40625
5611520,55.40625
5615616,55.40625
5619712,55.40625
5623808,55.40625
5627904,55.40625
5632000,55.40625
5636096,55.40625
5640192,55.40625
5644288,55.40625
5648384,55.40625
5652480,55.40625
5656576,55.40625
5660672,55.40625
5664768,55.40625
5668864,55.40625
5672960,55.40625
5677056,55.40625
5681152,55.40625
5685248,55.40625
5689344,55.40625
5693440,55.40625
5697536,55.40625
5701632,55.40625
5705728,55.40625
5709824,55.40625
5713920,55.40625
5718016,55.40625
5722112,55.40625
5726208,55.40625
5730304,55.40625
5734400,55.40625
5738496,55.40625
5742592,55.40625
5746688,55.40625
5750784,55.40625
5754880,55.40625
5758976,55.40625
5763072,54.472412109375
5767168,54.2109375
5771264,54.2109375
5775360,54.2109375
5779456,54.2109375
5783552,54.2109375
5787648,54.2109375
5791744,54.2109375
5795840,54.2109375
5799936,54.2109375
5804032,54.2109375
5808128,54.2109375
5812224,54.2109375
5816320,54.2109375
5820416,54.2109375
5824512,54.2109375
5828608,54.2109375
5832704,54.2109375
5836800,54.2109375
5840896,54.2109375
5844992,54.2109375
5849088,54.2109375
5853184,54.2109375
5857280,54.2109375
5861376,54.2109375
5865472,54.2109375
5869568,54.2109375
5873664,54.2109375
5877760,54.2109375
5881856,54.2109375
5885952,54.2109375
5890048,54.2109375
5894144,54.2109375
5898240,54.2109375
5902336,54.2109375
5906432,54.2109375
5910528,54.2109375
5914624,54.2109375
5918720,54.2109375
5922816,54.2109375
5926912,54.2109375
5931008,54.2109375
5935104,54.2109375
5939200,54.2109375
5943296,54.2109375
5947392,54.2109375
5951488,54.2109375
5955584,54.2109375
5959680,54.2109375
5963776,54.2109375
5967872,54.2109375
5971968,54.2109375
5976064,54.2109375
5980160,54.2109375
5984256,54.2109375
5988352,54.2109375
5992448,54.2109375
5996544,54.2109375
6000640,54.2109375
6004736,54.2109375
6008832,54.2109375
6012928,54.2109375
6017024,54.2109375
6021120,54.2109375
6025216,54.2109375
6029312,54.2109375
6033408,54.2109375
6037504,54.2109375
6041600,54.2109375
6045696,54.2109375
6049792,54.2109375
6053888,54.2109375
6057984,54.2109375
6062080,54.2109375
6066176,54.2109375
6070272,54.2109375
6074368,54.2109375
6078464,54.2109375
6082560,55.63623046875
6086656,56.3828125
6090752,56.3828125
6094848,56.3828125
6098944,56.3828125
6103040,56.3828125
6107136,56.3828125
6111232,56.3828125
6115328,56.3828125
6119424,56.3828125
6123520,56.3828125
6127616,56.3828125
6131712,56.3828125
6135808,56.3828125
6139904,56.3828125
6144000,56.3828125
6148096,56.3828125
6152192,56.3828125
6156288,56.3828125
6160384,56.3828125
6164480,56.3828125
6168576,56.3828125
6172672,56.3828125
6176768,56.3828125
6180864,56.3828125
6184960,56.3828125
6189056,56.3828125
6193152,56.3828125
6197248,56.3828125
6201344,56.3828125
6205440,56.3828125
6209536,56.3828125
6213632,56.3828125
6217728,56.3828125
6221824,56.3828125
6225920,56.3828125
6230016,56.3828125
6234112,56.3828125
6238208,56.3828125
6242304,56.3828125
6246400,56.3828125
6250496,56.3828125
6254592,56.3828125
6258688,56.3828125
6262784,56.3828125
6266880,56.3828125
6270976,56.3828125
6275072,56.3828125
6279168,56.3828125
6283264,56.3828125
6287360,56.3828125
6291456,56.3828125
6295552,56.3828125
6299648,56.3828125
6303744,56.3828125
6307840,56.3828125
6311936,56.3828125
6316032,56.3828125
6320128,56.3828125
6324224,56.3828125
6328320,56.3828125
6332416,56.3828125
6336512,56.3828125
6340608,56.3828125
6344704,56.3828125
6348800,56.3828125
6352896,56.3828125
6356992,56.3828125
6361088,56.3828125
6365184,56.3828125
6369280,56.3828125
6373376,56.3828125
6377472,56.3828125
6381568,56.3828125
6385664,56.3828125
6389760,56.3828125
6393856,56.3828125
6397952,56.3828125
6402048,56.046630859375
6406144,55.75
6410240,55.75
6414336,55.75
6418432,55.75
6422528,55.75
6426624,55.75
6430720,55.75
6434816,55.75
6438912,55.75
6443008,55.75
6447104,55.75
6451200,55.75
6455296,55.75
6459392,55.75
6463488,55.75
6467584,55.75
6471680,55.75
6475776,55.75
6479872,55.75
6483968,55.75
6488064,55.75
6492160,55.75
6496256,55.75
6500352,55.75
6504448,55.75
6508544,55.75
6512640,55.75
6516736,55.75
6520832,55.75
6524928,55.75
6529024,55.75
6533120,55.75
6537216,55.75
6541312,55.75
6545408,55.75
6549504,55.75
6553600,55.75
6557696,55.75
6561792,55.75
6565888,55.75
6569984,55.75
6574080,55.75
6578176,55.75
6582272,55.75
6586368,55.75
6590464,55.75
6594560,55.75
6598656,55.75
6602752,55.75
6606848,55.75
6610944,55.75
6615040,55.75
6619136,55.75
6623232,55.75
6627328,55.75
6631424,55.75
6635520,55.75
6639616,55.75
6643712,55.75
6647808,55.75
6651904,55.75
6656000,55.75
6660096,55.75
6664192,55.75
6668288,55.75
6672384,55.75
6676480,55.75
6680576,55.75
6684672,55.75
6688768,55.75
6692864,55.75
6696960,55.75
6701056,55.75
6705152,55.75
6709248,55.75
6713344,55.75
6717440,55.75
6721536,56.197509765625
6725632,56.8515625
6729728,56.8515625
6733824,56.8515625
6737920,56.8515625
6742016,56.8515625
6746112,56.8515625
6750208,56.8515625
6754304,56.8515625
6758400,56.8515625
6762496,56.8515625
6766592,56.8515625
6770688,56.8515625
6774784,56.8515625
6778880,56.8515625
6782976,56.8515625
6787072,56.8515625
6791168,56.8515625
6795264,56.8515625
6799360,56.8515625
6803456,56.8515625
6807552,56.8515625
6811648,56.8515625
6815744,56.8515625
6819840,56.8515625
6823936,56.8515625
6828032,56.8515625
6832128,56.8515625
6836224,56.8515625
6840320,56.8515625
6844416,56.8515625
6848512,56.8515625
6852608,56.8515625
6856704,56.8515625
6860800,56.8515625
6864896,56.8515625
6868992,56.8515625
6873088,56.8515625
6877184,56.8515625
6881280,56.8515625
6885376,56.8515625
6889472,56.8515625
6893568,56.8515625
6897664,56.8515625
6901760,56.8515625
6905856,56.8515625
6909952,56.8515625
6914048,56.8515625
6918144,56.8515625
6922240,56.8515625
6926336,56.8515625
6930432,56.8515625
6934528,56.8515625
6938624,56.8515625
6942720,56.8515625
6946816,56.8515625
6950912,56.8515625
6955008,56.8515625
6959104,56.8515625
6963200,56.8515625
6967296,56.8515625
6971392,56.8515625
6975488,56.8515625
6979584,56.8515625
6983680,56.8515625
6987776,56.8515625
6991872,56.8515625
6995968,56.8515625
7000064,56.8515625
7004160,56.8515625
7008256,56.8515625
7012352,56.8515625
7016448,56.8515625
7020544,56.8515625
7024640,56.8515625
7028736,56.8515625
7032832,56.8515625
7036928,56.8515625
7041024,56.34619140625
7045120,55.0546875
7049216,55.0546875
7053312,55.0546875
7057408,55.0546875
7061504,55.0546875
7065600,55.0546875
7069696,55.0546875
7073792,55.0546875
7077888,55.0546875
7081984,55.0546875
7086080,55.0546875
7090176,55.0546875
7094272,55.0546875
7098368,55.0546875
7102464,55.0546875
7106560,55.0546875
7110656,55.0546875
7114752,55.0546875
7118848,55.0546875
7122944,55.0546875
7127040,55.0546875
7131136,55.0546875
7135232,55.0546875
7139328,55.0546875
7143424,55.0546875
7147520,55.0546875
7151616,55.0546875
7155712,55.0546875
7159808,55.0546875
7163904,55.0546875
7168000,55.0546875
7172096,55.0546875
7176192,55.0546875
7180288,55.0546875
7184384,55.0546875
7188480,55.0546875
7192576,55.0546875
7196672,55.0546875
7200768,55.0546875
7204864,55.0546875
7208960,55.0546875
7213056,55.0546875
7217152,55.0546875
7221248,55.0546875
7225344,55.0546875
7229440,55.0546875
7233536,55.0546875
7237632,55.0546875
7241728,55.0546875
7245824,55.0546875
7249920,55.0546875
7254016,55.0546875
7258112,55.0546875
7262208,55.0546875
7266304,55.0546875
7270400,55.0546875
7274496,55.0546875
7278592,55.0546875
7282688,55.0546875
7286784,55.0546875
7290880,55.0546875
7294976,55.0546875
7299072,55.0546875
7303168,55.0546875
7307264,55.0546875
7311360,55.0546875
7315456,55.0546875
7319552,55.0546875
7323648,55.0546875
7327744,55.0546875
7331840,55.0546875
7335936,55.0546875
7340032,55.0546875
7344128,55.0546875
7348224,55.0546875
7352320,55.0546875
7356416,55.0546875
7360512,55.490478515625
7364608,57.84375
7368704,57.84375
7372800,57.84375
7376896,57.84375
7380992,57.84375
7385088,57.84375
7389184,57.84375
7393280,57.84375
7397376,57.84375
7401472,57.84375
7405568,57.84375
7409664,57.84375
7413760,57.84375
7417856,57.84375
7421952,57.84375
7426048,57.84375
7430144,57.84375
7434240,57.84375
7438336,57.84375
7442432,57.84375
7446528,57.84375
7450624,57.84375
7454720,57.84375
7458816,57.84375
7462912,57.84375
7467008,57.84375
7471104,57.84375
7475200,57.84375
7479296,57.84375
7483392,57.84375
7487488,57.84375
7491584,57.84375
7495680,57.84375
7499776,57.84375
7503872,57.84375
7507968,57.84375
7512064,57.84375
7516160,57.84375
7520256,57.84375
7524352,57.84375
7528448,57.84375
7532544,57.84375
7536640,57.84375
7540736,57.84375
7544832,57.84375
7548928,57.84375
7553024,57.84375
7557120,57.84375
7561216,57.84375
7565312,57.84375
7569408,57.84375
7573504,57.84375
7577600,57.84375
7581696,57.84375
7585792,57.84375
7589888,57.84375
7593984,57.84375
7598080,57.84375
7602176,57.84375
7606272,57.84375
7610368,57.84375
7614464,57.84375
7618560,57.84375
7622656,57.84375
7626752,57.84375
7630848,57.84375
7634944,57.84375
7639040,57.84375
7643136,57.84375
7647232,57.84375
7651328,57.84375
7655424,57.84375
7659520,57.84375
7663616,57.84375
7667712,57.84375
7671808,57.84375
7675904,57.84375
7680000,57.837890625
7684096,57.65625
7688192,57.65625
7692288,57.65625
7696384,57.65625
7700480,57.65625
7704576,57.65625
7708672,57.65625
7712768,57.65625
7716864,57.65625
7720960,57.65625
7725056,57.65625
7729152,57.65625
7733248,57.65625
7737344,57.65625
7741440,57.65625
7745536,57.65625
7749632,57.65625
7753728,57.65625
7757824,57.65625
7761920,57.65625
7766016,57.65625
7770112,57.65625
7774208,57.65625
7778304,57.65625
7782400,57.65625
7786496,57.65625
7790592,57.65625
7794688,57.65625
7798784,57.65625
7802880,57.65625
7806976,57.65625
7811072,57.65625
7815168,57.65625
7819264,57.65625
7823360,57.65625
7827456,57.65625
7831552,57.65625
7835648,57.65625
7839744,57.65625
7843840,57.65625
7847936,57.65625
7852032,57.65625
7856128,57.65625
7860224,57.65625
7864320,57.65625
7868416,57.65625
7872512,57.65625
7876608,57.65625
7880704,57.65625
7884800,57.65625
7888896,57.65625
7892992,57.65625
7897088,57.65625
7901184,57.65625
7905280,57.65625
7909376,57.65625
7913472,57.65625
7917568,57.65625
7921664,57.65625
7925760,57.65625
7929856,57.65625
7933952,57.65625
7938048,57.65625
7942144,57.65625
7946240,57.65625
7950336,57.65625
7954432,57.65625
7958528,57.65625
7962624,57.65625
7966720,57.65625
7970816,57.65625
7974912,57.65625
7979008,57.65625
7983104,57.65625
7987200,57.65625
7991296,57.65625
7995392,57.65625
7999488,57.65625
8003584,55.610107421875
8007680,55.3984375
8011776,55.3984375
8015872,55.3984375
8019968,55.3984375
8024064,55.3984375
8028160,55.3984375
8032256,55.3984375
8036352,55.3984375
8040448,55.3984375
8044544,55.3984375
8048640,55.3984375
8052736,55.3984375
8056832,55.3984375
8060928,55.3984375
8065024,55.3984375
8069120,55.3984375
8073216,55.3984375
8077312,55.3984375
8081408,55.3984375
8085504,55.3984375
8089600,55.3984375
8093696,55.3984375
8097792,55.3984375
8101888,55.3984375
8105984,55.3984375
8110080,55.3984375
8114176,55.3984375
8118272,55.3984375
8122368,55.3984375
8126464,55.3984375
8130560,55.3984375
8134656,55.3984375
8138752,55.3984375
8142848,55.3984375
8146944,55.3984375
8151040,55.3984375
8155136,55.3984375
8159232,55.3984375
8163328,55.3984375
8167424,55.3984375
8171520,55.3984375
8175616,55.3984375
8179712,55.3984375
8183808,55.3984375
8187904,55.3984375
8192000,55.3984375
8196096,55.3984375
8200192,55.3984375
8204288,55.3984375
8208384,55.3984375
8212480,55.3984375
8216576,55.3984375
8220672,55.3984375
8224768,55.3984375
8228864,55.3984375
8232960,55.3984375
8237056,55.3984375
8241152,55.3984375
8245248,55.3984375
8249344,55.3984375
8253440,55.3984375
8257536,55.3984375
8261632,55.3984375
8265728,55.3984375
8269824,55.3984375
8273920,55.3984375
8278016,55.3984375
8282112,55.3984375
8286208,55.3984375
8290304,55.3984375
8294400,55.3984375
8298496,55.3984375
8302592,55.3984375
8306688,55.3984375
8310784,55.3984375
8314880,55.3984375
8318976,55.3984375
8323072,56.3994140625
8327168,56.6796875
8331264,56.6796875
8335360,56.6796875
8339456,56.6796875
8343552,56.6796875
8347648,56.6796875
8351744,56.6796875
8355840,56.6796875
8359936,56.6796875
8364032,56.6796875
8368128,56.6796875
8372224,56.6796875
8376320,56.6796875
8380416,56.6796875
8384512,56.6796875
8388608,56.6796875
8392704,56.6796875
8396800,56.6796875
8400896,56.6796875
8404992,56.6796875
8409088,56.6796875
8413184,56.6796875
8417280,56.6796875
8421376,56.6796875
8425472,56.6796875
8429568,56.6796875
8433664,56.6796875
8437760,56.6796875
8441856,56.6796875
8445952,56.6796875
8450048,56.6796875
8454144,56.6796875
8458240,56.6796875
8462336,56.6796875
8466432,56.6796875
8470528,56.6796875
8474624,56.6796875
8478720,56.6796875
8482816,56.6796875
8486912,56.6796875
8491008,56.6796875
8495104,56.6796875
8499200,56.6796875
8503296,56.6796875
8507392,56.6796875
8511488,56.6796875
8515584,56.6796875
8519680,56.6796875
8523776,56.6796875
8527872,56.6796875
8531968,56.6796875
8536064,56.6796875
8540160,56.6796875
8544256,56.6796875
8548352,56.6796875
8552448,56.6796875
8556544,56.6796875
8560640,56.6796875
8564736,56.6796875
8568832,56.6796875
8572928,56.6796875
8577024,56.6796875
8581120,56.6796875
8585216,56.6796875
8589312,56.6796875
8593408,56.6796875
8597504,56.6796875
8601600,56.6796875
8605696,56.6796875
8609792,56.6796875
8613888,56.6796875
8617984,56.6796875
8622080,56.6796875
8626176,56.6796875
8630272,56.6796875
8634368,56.6796875
8638464,56.6796875
8642560,56.89501953125
8646656,57.0078125
8650752,57.0078125
8654848,57.0078125
8658944,57.0078125
8663040,57.0078125
8667136,57.0078125
8671232,57.0078125
8675328,57.0078125
8679424,57.0078125
8683520,57.0078125
8687616,57.0078125
8691712,57.0078125
8695808,57.0078125
8699904,57.0078125
8704000,57.0078125
8708096,57.0078125
8712192,57.0078125
8716288,57.0078125
8720384,57.0078125
8724480,57.0078125
8728576,57.0078125
8732672,57.0078125
8736768,57.0078125
8740864,57.0078125
8744960,57.0078125
8749056,57.0078125
8753152,57.0078125
8757248,57.0078125
8761344,57.0078125
8765440,57.0078125
8769536,57.0078125
8773632,57.0078125
8777728,57.0078125
8781824,57.0078125
8785920,57.0078125
8790016,57.0078125
8794112,57.0078125
8798208,57.0078125
8802304,57.0078125
8806400,57.0078125
8810496,57.0078125
8814592,57.0078125
8818688,57.0078125
8822784,57.0078125
8826880,57.0078125
8830976,57.0078125
8835072,57.0078125
8839168,57.0078125
8843264,57.0078125
8847360,57.0078125
8851456,57.0078125
8855552,57.0078125
8859648,57.0078125
8863744,57.0078125
8867840,57.0078125
8871936,57.0078125
8876032,57.0078125
8880128,57.0078125
8884224,57.0078125
8888320,57.0078125
8892416,57.0078125
8896512,57.0078125
8900608,57.0078125
8904704,57.0078125
8908800,57.0078125
8912896,57.0078125
8916992,57.0078125
8921088,57.0078125
8925184,57.0078125
8929280,57.0078125
8933376,57.0078125
8937472,57.0078125
8941568,57.0078125
8945664,57.0078125
8949760,57.0078125
8953856,57.0078125
8957952,57.0078125
8962048,56.596923828125
8966144,56.234375
8970240,56.234375
8974336,56.234375
8978432,56.234375
8982528,56.234375
8986624,56.234375
8990720,56.234375
8994816,56.234375
8998912,56.234375
9003008,56.234375
9007104,56.234375
9011200,56.234375
9015296,56.234375
9019392,56.234375
9023488,56.234375
9027584,56.234375
9031680,56.234375
9035776,56.234375
9039872,56.234375
9043968,56.234375
9048064,56.234375
9052160,56.234375
9056256,56.234375
9060352,56.234375
9064448,56.234375
9068544,56.234375
9072640,56.234375
9076736,56.234375
9080832,56.234375
9084928,56.234375
9089024,56.234375
9093120,56.234375
9097216,56.234375
9101312,56.234375
9105408,56.234375
9109504,56.234375
9113600,56.234375
9117696,56.234375
9121792,56.234375
9125888,56.234375
9129984,56.234375
9134080,56.234375
9138176,56.234375
9142272,56.234375
9146368,56.234375
9150464,56.234375
9154560,56.234375
9158656,56.234375
9162752,56.234375
9166848,56.234375
9170944,56.234375
9175040,56.234375
9179136,56.234375
9183232,56.234375
9187328,56.234375
9191424,56.234375
9195520,56.234375
9199616,56.234375
9203712,56.234375
9207808,56.234375
9211904,56.234375
9216000,56.234375
9220096,56.234375
9224192,56.234375
9228288,56.234375
9232384,56.234375
9236480,56.234375
9240576,56.234375
9244672,56.234375
9248768,56.234375
9252864,56.234375
9256960,56.234375
9261056,56.234375
9265152,56.234375
9269248,56.234375
9273344,56.234375
9277440,56.234375
9281536,56.87548828125
9285632,57.8125
9289728,57.8125
9293824,57.8125
9297920,57.8125
9302016,57.8125
9306112,57.8125
9310208,57.8125
9314304,57.8125
9318400,57.8125
9322496,57.8125
9326592,57.8125
9330688,57.8125
9334784,57.8125
9338880,57.8125
9342976,57.8125
9347072,57.8125
9351168,57.8125
9355264,57.8125
9359360,57.8125
9363456,57.8125
9367552,57.8125
9371648,57.8125
9375744,57.8125
9379840,57.8125
9383936,57.8125
9388032,57.8125
9392128,57.8125
9396224,57.8125
9400320,57.8125
9404416,57.8125
9408512,57.8125
9412608,57.8125
9416704,57.8125
9420800,57.8125
9424896,57.8125
9428992,57.8125
9433088,57.8125
9437184,57.8125
9441280,57.8125
9445376,57.8125
9449472,57.8125
9453568,57.8125
9457664,57.8125
9461760,57.8125
9465856,57.8125
9469952,57.8125
9474048,57.8125
9478144,57.8125
9482240,57.8125
9486336,57.8125
9490432,57.8125
9494528,57.8125
9498624,57.8125
9502720,57.8125
9506816,57.8125
9510912,57.8125
9515008,57.8125
9519104,57.8125
9523200,57.8125
9527296,57.8125
9531392,57.8125
9535488,57.8125
9539584,57.8125
9543680,57.8125
9547776,57.8125
9551872,57.8125
9555968,57.8125
9560064,57.8125
9564160,57.8125
9568256,57.8125
9572352,57.8125
9576448,57.8125
9580544,57.8125
9584640,57.8125
9588736,57.8125
9592832,57.8125
9596928,57.8125
9601024,57.880615234375
9605120,58.0546875
9609216,58.0546875
9613312,58.0546875
9617408,58.0546875
9621504,58.0546875
9625600,58.0546875
9629696,58.0546875
9633792,58.0546875
9637888,58.0546875
9641984,58.0546875
9646080,58.0546875
9650176,58.0546875
9654272,58.0546875
9658368,58.0546875
9662464,58.0546875
9666560,58.0546875
9670656,58.0546875
9674752,58.0546875
9678848,58.0546875
9682944,58.0546875
9687040,58.0546875
9691136,58.0546875
9695232,58.0546875
9699328,58.0546875
9703424,58.0546875
9707520,58.0546875
9711616,58.0546875
9715712,58.0546875
9719808,58.0546875
9723904,58.0546875
9728000,58.0546875
9732096,58.0546875
9736192,58.0546875
9740288,58.0546875
9744384,58.0546875
9748480,58.0546875
9752576,58.0546875
9756672,58.0546875
9760768,58.0546875
9764864,58.0546875
9768960,58.0546875
9773056,58.0546875
9777152,58.0546875
9781248,58.0546875
9785344,58.0546875
9789440,58.0546875
9793536,58.0546875
9797632,58.0546875
9801728,58.0546875
9805824,58.0546875
9809920,58.0546875
9814016,58.0546875
9818112,58.0546875
9822208,58.0546875
9826304,58.0546875
9830400,58.0546875
9834496,58.0546875
9838592,58.0546875
9842688,58.0546875
9846784,58.0546875
9850880,58.0546875
9854976,58.0546875
9859072,58.0546875
9863168,58.0546875
9867264,58.0546875
9871360,58.0546875
9875456,58.0546875
9879552,58.0546875
9883648,58.0546875
9887744,58.0546875
9891840,58.0546875
9895936,58.0546875
9900032,58.0546875
9904128,58.0546875
9908224,58.0546875
9912320,58.0546875
9916416,58.0546875
9920512,57.775146484375
9924608,56.265625
9928704,56.265625
9932800,56.265625
9936896,56.265625
9940992,56.265625
9945088,56.265625
9949184,56.265625
9953280,56.265625
9957376,56.265625
9961472,56.265625
9965568,56.265625
9969664,56.265625
9973760,56.265625
9977856,56.265625
9981952,56.265625
9986048,56.265625
9990144,56.265625
9994240,56.265625
9998336,56.265625
10002432,56.265625
10006528,56.265625
10010624,56.265625
10014720,56.265625
10018816,56.265625
10022912,56.265625
10027008,56.265625
10031104,56.265625
10035200,56.265625
10039296,56.265625
10043392,56.265625
10047488,56.265625
10051584,56.265625
10055680,56.265625
10059776,56.265625
10063872,56.265625
10067968,56.265625
10072064,56.265625
10076160,56.265625
10080256,56.265625
10084352,56.265625
10088448,56.265625
10092544,56.265625
10096640,56.265625
10100736,56.265625
10104832,56.265625
10108928,56.265625
10113024,56.265625
10117120,56.265625
10121216,56.265625
10125312,56.265625
10129408,56.265625
10133504,56.265625
10137600,56.265625
10141696,56.265625
10145792,56.265625
10149888,56.265625
10153984,56.265625
10158080,56.265625
10162176,56.265625
10166272,56.265625
10170368,56.265625
10174464,56.265625
10178560,56.265625
10182656,56.265625
10186752,56.265625
10190848,56.265625
10194944,56.265625
10199040,56.265625
10203136,56.265625
10207232,56.265625
10211328,56.265625
10215424,56.265625
10219520,56.265625
10223616,56.265625
10227712,56.265625
10231808,56.265625
10235904,56.265625
10240000,56.33642578125
10244096,58.53125
10248192,58.53125
10252288,58.53125
10256384,58.53125
10260480,58.53125
10264576,58.53125
10268672,58.53125
10272768,58.53125
10276864,58.53125
10280960,58.53125
10285056,58.53125
10289152,58.53125
10293248,58.53125
10297344,58.53125
10301440,58.53125
10305536,58.53125
10309632,58.53125
10313728,58.53125
10317824,58.53125
10321920,58.53125
10326016,58.53125
10330112,58.53125
10334208,58.53125
10338304,58.53125
10342400,58.53125
10346496,58.53125
10350592,58.53125
10354688,58.53125
10358784,58.53125
10362880,58.53125
10366976,58.53125
10371072,58.53125
10375168,58.53125
10379264,58.53125
10383360,58.53125
10387456,58.53125
10391552,58.53125
10395648,58.53125
10399744,58.53125
10403840,58.53125
10407936,58.53125
10412032,58.53125
10416128,58.53125
10420224,58.53125
10424320,58.53125
10428416,58.53125
10432512,58.53125
10436608,58.53125
10440704,58.53125
10444800,58.53125
10448896,58.53125
10452992,58.53125
10457088,58.53125
10461184,58.53125
10465280,58.53125
10469376,58.53125
10473472,58.53125
10477568,58.53125
10481664,58.53125
10485760,58.53125
10489856,58.53125
10493952,58.53125
10498048,58.53125
10502144,58.53125
10506240,58.53125
10510336,58.53125
10514432,58.53125
10518528,58.53125
10522624,58.53125
10526720,58.53125
10530816,58.53125
10534912,58.53125
10539008,58.53125
10543104,58.53125
10547200,58.53125
10551296,58.53125
10555392,58.53125
10559488,58.53125
10563584,58.665771484375
10567680,58.6796875
10571776,58.6796875
10575872,58.6796875
10579968,58.6796875
10584064,58.6796875
10588160,58.6796875
10592256,58.6796875
10596352,58.6796875
10600448,58.6796875
10604544,58.6796875
10608640,58.6796875
10612736,58.6796875
10616832,58.6796875
10620928,58.6796875
10625024,58.6796875
10629120,58.6796875
10633216,58.6796875
10637312,58.6796875
10641408,58.6796875
10645504,58.6796875
10649600,58.6796875
10653696,58.6796875
10657792,58.6796875
10661888,58.6796875
10665984,58.6796875
10670080,58.6796875
10674176,58.6796875
10678272,58.6796875
10682368,58.6796875
10686464,58.6796875
10690560,58.6796875
10694656,58.6796875
10698752,58.6796875
10702848,58.6796875
10706944,58.6796875
10711040,58.6796875
10715136,58.6796875
10719232,58.6796875
10723328,58.6796875
10727424,58.6796875
10731520,58.6796875
10735616,58.6796875
10739712,58.6796875
10743808,58.6796875
10747904,58.6796875
10752000,58.6796875
10756096,58.6796875
10760192,58.6796875
10764288,58.6796875
10768384,58.6796875
10772480,58.6796875
10776576,58.6796875
10780672,58.6796875
10784768,58.6796875
10788864,58.6796875
10792960,58.6796875
10797056,58.6796875
10801152,58.6796875
10805248,58.6796875
10809344,58.6796875
10813440,58.6796875
10817536,58.6796875
10821632,58.6796875
10825728,58.6796875
10829824,58.6796875
10833920,58.6796875
10838016,58.6796875
10842112,58.6796875
10846208,58.6796875
10850304,58.6796875
10854400,58.6796875
10858496,58.6796875
10862592,58.6796875
10866688,58.6796875
10870784,58.6796875
10874880,58.6796875
10878976,58.6796875
10883072,58.038818359375
10887168,57.859375
10891264,57.859375
10895360,57.859375
10899456,57.859375
10903552,57.859375
10907648,57.859375
10911744,57.859375
10915840,57.859375
10919936,57.859375
10924032,57.859375
10928128,57.859375
10932224,57.859375
10936320,57.859375
10940416,57.859375
10944512,57.859375
10948608,57.859375
10952704,57.859375
10956800,57.859375
10960896,57.859375
10964992,57.859375
10969088,57.859375
10973184,57.859375
10977280,57.859375
10981376,57.859375
10985472,57.859375
10989568,57.859375
10993664,57.859375
10997760,57.859375
11001856,57.859375
11005952,57.859375
11010048,57.859375
11014144,57.859375
11018240,57.859375
11022336,57.859375
11026432,57.859375
11030528,57.859375
11034624,57.859375
11038720,57.859375
11042816,57.859375
11046912,57.859375
11051008,57.859375
11055104,57.859375
11059200,57.859375
11063296,57.859375
11067392,57.859375
11071488,57.859375
11075584,57.859375
11079680,57.859375
11083776,57.859375
11087872,57.859375
11091968,57.859375
11096064,57.859375
11100160,57.859375
11104256,57.859375
11108352,57.859375
11112448,57.859375
11116544,57.859375
11120640,57.859375
11124736,57.859375
11128832,57.859375
11132928,57.859375
11137024,57.859375
11141120,57.859375
11145216,57.859375
11149312,57.859375
11153408,57.859375
11157504,57.859375
11161600,57.859375
11165696,57.859375
11169792,57.859375
11173888,57.859375
11177984,57.859375
11182080,57.859375
11186176,57.859375
11190272,57.859375
11194368,57.859375
11198464,57.859375
11202560,57.6953125
11206656,57.609375
11210752,57.609375
11214848,57.609375
11218944,57.609375
11223040,57.609375
11227136,57.609375
11231232,57.609375
11235328,57.609375
11239424,57.609375
11243520,57.609375
11247616,57.609375
11251712,57.609375
11255808,57.609375
11259904,57.609375
11264000,57.609375
11268096,57.609375
11272192,57.609375
11276288,57.609375
11280384,57.609375
11284480,57.609375
11288576,57.609375
11292672,57.609375
11296768,57.609375
11300864,57.609375
11304960,57.609375
11309056,57.609375
11313152,57.609375
11317248,57.609375
11321344,57.609375
11325440,57.609375
11329536,57.609375
11333632,57.609375
11337728,57.609375
11341824,57.609375
11345920,57.609375
11350016,57.609375
11354112,57.609375
11358208,57.609375
11362304,57.609375
11366400,57.609375
11370496,57.609375
11374592,57.609375
11378688,57.609375
11382784,57.609375
11386880,57.609375
11390976,57.609375
11395072,57.609375
11399168,57.609375
11403264,57.609375
11407360,57.609375
11411456,57.609375
11415552,57.609375
11419648,57.609375
11423744,57.609375
11427840,57.609375
11431936,57.609375
11436032,57.609375
11440128,57.609375
11444224,57.609375
11448320,57.609375
11452416,57.609375
11456512,57.609375
11460608,57.609375
11464704,57.609375
11468800,57.609375
11472896,57.609375
11476992,57.609375
11481088,57.609375
11485184,57.609375
11489280,57.609375
11493376,57.609375
11497472,57.609375
11501568,57.609375
11505664,57.609375
11509760,57.609375
11513856,57.609375
11517952,57.609375
11522048,57.93310546875
11526144,58.21875
11530240,58.21875
11534336,58.21875
11538432,58.21875
11542528,58.21875
11546624,58.21875
11550720,58.21875
11554816,58.21875
11558912,58.21875
11563008,58.21875
11567104,58.21875
11571200,58.21875
11575296,58.21875
11579392,58.21875
11583488,58.21875
11587584,58.21875
11591680,58.21875
11595776,58.21875
11599872,58.21875
11603968,58.21875
11608064,58.21875
11612160,58.21875
11616256,58.21875
11620352,58.21875
11624448,58.21875
11628544,58.21875
11632640,58.21875
11636736,58.21875
11640832,58.21875
11644928,58.21875
11649024,58.21875
11653120,58.21875
11657216,58.21875
11661312,58.21875
11665408,58.21875
11669504,58.21875
11673600,58.21875
11677696,58.21875
11681792,58.21875
11685888,58.21875
11689984,58.21875
11694080,58.21875
11698176,58.21875
11702272,58.21875
11706368,58.21875
11710464,58.21875
11714560,58.21875
11718656,58.21875
11722752,58.21875
11726848,58.21875
11730944,58.21875
11735040,58.21875
11739136,58.21875
11743232,58.21875
11747328,58.21875
11751424,58.21875
11755520,58.21875
11759616,58.21875
11763712,58.21875
11767808,58.21875
11771904,58.21875
11776000,58.21875
11780096,58.21875
11784192,58.21875
11788288,58.21875
11792384,58.21875
11796480,58.21875
11800576,58.21875
11804672,58.21875
11808768,58.21875
11812864,58.21875
11816960,58.21875
11821056,58.21875
11825152,58.21875
11829248,58.21875
11833344,58.21875
11837440,58.21875
11841536,58.03466796875
11845632,57.765625
11849728,57.765625
11853824,57.765625
11857920,57.765625
11862016,57.765625
11866112,57.765625
11870208,57.765625
11874304,57.765625
11878400,57.765625
11882496,57.765625
11886592,57.765625
11890688,57.765625
11894784,57.765625
11898880,57.765625
11902976,57.765625
11907072,57.765625
11911168,57.765625
11915264,57.765625
11919360,57.765625
11923456,57.765625
11927552,57.765625
11931648,57.765625
11935744,57.765625
11939840,57.765625
11943936,57.765625
11948032,57.765625
11952128,57.765625
11956224,57.765625
11960320,57.765625
11964416,57.765625
11968512,57.765625
11972608,57.765625
11976704,57.765625
11980800,57.765625
11984896,57.765625
11988992,57.765625
11993088,57.765625
11997184,57.765625
12001280,57.765625
12005376,57.765625
12009472,57.765625
12013568,57.765625
12017664,57.765625
12021760,57.765625
12025856,57.765625
12029952,57.765625
12034048,57.765625
12038144,57.765625
12042240,57.765625
12046336,57.765625
12050432,57.765625
12054528,57.765625
12058624,57.765625
12062720,57.765625
12066816,57.765625
12070912,57.765625
12075008,57.765625
12079104,57.765625
12083200,57.765625
12087296,57.765625
12091392,57.765625
12095488,57.765625
12099584,57.765625
12103680,57.765625
12107776,57.765625
12111872,57.765625
12115968,57.765625
12120064,57.765625
12124160,57.765625
12128256,57.765625
12132352,57.765625
12136448,57.765625
12140544,57.765625
12144640,57.765625
12148736,57.765625
12152832,57.765625
12156928,57.765625
12161024,57.62060546875
12165120,57.25
12169216,57.25
12173312,57.25
12177408,57.25
12181504,57.25
12185600,57.25
12189696,57.25
12193792,57.25
12197888,57.25
12201984,57.25
12206080,57.25
12210176,57.25
12214272,57.25
12218368,57.25
12222464,57.25
12226560,57.25
12230656,57.25
12234752,57.25
12238848,57.25
12242944,57.25
12247040,57.25
12251136,57.25
12255232,57.25
12259328,57.25
12263424,57.25
12267520,57.25
12271616,57.25
12275712,57.25
12279808,57.25
12283904,57.25
12288000,57.25
12292096,57.25
12296192,57.25
12300288,57.25
12304384,57.25
12308480,57.25
12312576,57.25
12316672,57.25
12320768,57.25
12324864,57.25
12328960,57.25
12333056,57.25
12337152,57.25
12341248,57.25
12345344,57.25
12349440,57.25
12353536,57.25
12357632,57.25
12361728,57.25
12365824,57.25
12369920,57.25
12374016,57.25
12378112,57.25
12382208,57.25
12386304,57.25
12390400,57.25
12394496,57.25
12398592,57.25
12402688,57.25
12406784,57.25
12410880,57.25
12414976,57.25
12419072,57.25
12423168,57.25
12427264,57.25
12431360,57.25
12435456,57.25
12439552,57.25
12443648,57.25
12447744,57.25
12451840,57.25
12455936,57.25
12460032,57.25
12464128,57.25
12468224,57.25
12472320,57.25
12476416,57.25
12480512,57.3916015625
12484608,58.15625
12488704,58.15625
12492800,58.15625
12496896,58.15625
12500992,58.15625
12505088,58.15625
12509184,58.15625
12513280,58.15625
12517376,58.15625
12521472,58.15625
12525568,58.15625
12529664,58.15625
12533760,58.15625
12537856,58.15625
12541952,58.15625
12546048,58.15625
12550144,58.15625
12554240,58.15625
12558336,58.15625
12562432,58.15625
12566528,58.15625
12570624,58.15625
12574720,58.15625
12578816,58.15625
12582912,58.15625
12587008,58.15625
12591104,58.15625
12595200,58.15625
12599296,58.15625
12603392,58.15625
12607488,58.15625
12611584,58.15625
12615680,58.15625
12619776,58.15625
12623872,58.15625
12627968,58.15625
12632064,58.15625
12636160,58.15625
12640256,58.15625
12644352,58.15625
12648448,58.15625
12652544,58.15625
12656640,58.15625
12660736,58.15625
12664832,58.15625
12668928,58.15625
12673024,58.15625
12677120,58.15625
12681216,58.15625
12685312,58.15625
12689408,58.15625
12693504,58.15625
12697600,58.15625
12701696,58.15625
12705792,58.15625
12709888,58.15625
12713984,58.15625
12718080,58.15625
12722176,58.15625
12726272,58.15625
12730368,58.15625
12734464,58.15625
12738560,58.15625
12742656,58.15625
12746752,58.15625
12750848,58.15625
12754944,58.15625
12759040,58.15625
12763136,58.15625
12767232,58.15625
12771328,58.15625
12775424,58.15625
12779520,58.15625
12783616,58.15625
12787712,58.15625
12791808,58.15625
12795904,58.15625
12800000,58.16796875
12804096,58.53125
12808192,58.53125
12812288,58.53125
12816384,58.53125
12820480,58.53125
12824576,58.53125
12828672,58.53125
12832768,58.53125
12836864,58.53125
12840960,58.53125
12845056,58.53125
12849152,58.53125
12853248,58.53125
12857344,58.53125
12861440,58.53125
12865536,58.53125
12869632,58.53125
12873728,58.53125
12877824,58.53125
12881920,58.53125
12886016,58.53125
12890112,58.53125
12894208,58.53125
12898304,58.53125
12902400,58.53125
12906496,58.53125
12910592,58.53125
12914688,58.53125
12918784,58.53125
12922880,58.53125
12926976,58.53125
12931072,58.53125
12935168,58.53125
12939264,58.53125
12943360,58.53125
12947456,58.53125
12951552,58.53125
12955648,58.53125
12959744,58.53125
12963840,58.53125
12967936,58.53125
12972032,58.53125
12976128,58.53125
12980224,58.53125
12984320,58.53125
12988416,58.53125
12992512,58.53125
12996608,58.53125
13000704,58.53125
13004800,58.53125
13008896,58.53125
13012992,58.53125
13017088,58.53125
13021184,58.53125
13025280,58.53125
13029376,58.53125
13033472,58.53125
13037568,58.53125
13041664,58.53125
13045760,58.53125
13049856,58.53125
13053952,58.53125
13058048,58.53125
13062144,58.53125
13066240,58.53125
13070336,58.53125
13074432,58.53125
13078528,58.53125
13082624,58.53125
13086720,58.53125
13090816,58.53125
13094912,58.53125
13099008,58.53125
13103104,58.53125
13107200,58.53125
13111296,58.53125
13115392,58.53125
13119488,58.53125
13123584,58.5595703125
13127680,58.5625
13131776,58.5625
13135872,58.5625
13139968,58.5625
13144064,58.5625
13148160,58.5625
13152256,58.5625
13156352,58.5625
13160448,58.5625
13164544,58.5625
13168640,58.5625
13172736,58.5625
13176832,58.5625
13180928,58.5625
13185024,58.5625
13189120,58.5625
13193216,58.5625
13197312,58.5625
13201408,58.5625
13205504,58.5625
13209600,58.5625
13213696,58.5625
13217792,58.5625
13221888,58.5625
13225984,58.5625
13230080,58.5625
13234176,58.5625
13238272,58.5625
13242368,58.5625
13246464,58.5625
13250560,58.5625
13254656,58.5625
13258752,58.5625
13262848,58.5625
13266944,58.5625
13271040,58.5625
13275136,58.5625
13279232,58.5625
13283328,58.5625
13287424,58.5625
13291520,58.5625
13295616,58.5625
13299712,58.5625
13303808,58.5625
13307904,58.5625
13312000,58.5625
13316096,58.5625
13320192,58.5625
13324288,58.5625
13328384,58.5625
13332480,58.5625
13336576,58.5625
13340672,58.5625
13344768,58.5625
13348864,58.5625
13352960,58.5625
13357056,58.5625
13361152,58.5625
13365248,58.5625
13369344,58.5625
13373440,58.5625
13377536,58.5625
13381632,58.5625
13385728,58.5625
13389824,58.5625
13393920,58.5625
13398016,58.5625
13402112,58.5625
13406208,58.5625
13410304,58.5625
13414400,58.5625
13418496,58.5625
13422592,58.5625
13426688,58.5625
13430784,58.5625
13434880,58.5625
13438976,58.5625
13443072,57.45166015625
13447168,57.140625
13451264,57.140625
13455360,57.140625
13459456,57.140625
13463552,57.140625
13467648,57.140625
13471744,57.140625
13475840,57.140625
13479936,57.140625
13484032,57.140625
13488128,57.140625
13492224,57.140625
13496320,57.140625
13500416,57.140625
13504512,57.140625
13508608,57.140625
13512704,57.140625
13516800,57.140625
13520896,57.140625
13524992,57.140625
13529088,57.140625
13533184,57.140625
13537280,57.140625
13541376,57.140625
13545472,57.140625
13549568,57.140625
13553664,57.140625
13557760,57.140625
13561856,57.140625
13565952,57.140625
13570048,57.140625
13574144,57.140625
13578240,57.140625
13582336,57.140625
13586432,57.140625
13590528,57.140625
13594624,57.140625
13598720,57.140625
13602816,57.140625
13606912,57.140625
13611008,57.140625
13615104,57.140625
13619200,57.140625
13623296,57.140625
13627392,57.140625
13631488,57.140625
13635584,57.140625
13639680,57.140625
13643776,57.140625
13647872,57.140625
13651968,57.140625
13656064,57.140625
13660160,57.140625
13664256,57.140625
13668352,57.140625
13672448,57.140625
13676544,57.140625
13680640,57.140625
13684736,57.140625
13688832,57.140625
13692928,57.140625
13697024,57.140625
13701120,57.140625
13705216,57.140625
13709312,57.140625
13713408,57.140625
13717504,57.140625
13721600,57.140625
13725696,57.140625
13729792,57.140625
13733888,57.140625
13737984,57.140625
13742080,57.140625
13746176,57.140625
13750272,57.140625
13754368,57.140625
13758464,57.140625
13762560,56.7509765625
13766656,56.546875
13770752,56.546875
13774848,56.546875
13778944,56.546875
13783040,56.546875
13787136,56.546875
13791232,56.546875
13795328,56.546875
13799424,56.546875
13803520,56.546875
13807616,56.546875
13811712,56.546875
13815808,56.546875
13819904,56.546875
13824000,56.546875
13828096,56.546875
13832192,56.546875
13836288,56.546875
13840384,56.546875
13844480,56.546875
13848576,56.546875
13852672,56.546875
13856768,56.546875
13860864,56.546875
13864960,56.546875
13869056,56.546875
13873152,56.546875
13877248,56.546875
13881344,56.546875
13885440,56.546875
13889536,56.546875
13893632,56.546875
13897728,56.546875
13901824,56.546875
13905920,56.546875
13910016,56.546875
13914112,56.546875
13918208,56.546875
13922304,56.546875
13926400,56.546875
13930496,56.546875
13934592,56.546875
13938688,56.546875
13942784,56.546875
13946880,56.546875
13950976,56.546875
13955072,56.546875
13959168,56.546875
13963264,56.546875
13967360,56.546875
13971456,56.546875
13975552,56.546875
13979648,56.546875
13983744,56.546875
13987840,56.546875
13991936,56.546875
13996032,56.546875
14000128,56.546875
14004224,56.546875
14008320,56.546875
14012416,56.546875
14016512,56.546875
14020608,56.546875
14024704,56.546875
14028800,56.546875
14032896,56.546875
14036992,56.546875
14041088,56.546875
14045184,56.546875
14049280,56.546875
14053376,56.546875
14057472,56.546875
14061568,56.546875
14065664,56.546875
14069760,56.546875
14073856,56.546875
14077952,56.546875
14082048,56.534423828125
14086144,56.5234375
14090240,56.5234375
14094336,56.5234375
14098432,56.5234375
14102528,56.5234375
14106624,56.5234375
14110720,56.5234375
14114816,56.5234375
14118912,56.5234375
14123008,56.5234375
14127104,56.5234375
14131200,56.5234375
14135296,56.5234375
14139392,56.5234375
14143488,56.5234375
14147584,56.5234375
14151680,56.5234375
14155776,56.5234375
14159872,56.5234375
14163968,56.5234375
14168064,56.5234375
14172160,56.5234375
14176256,56.5234375
14180352,56.5234375
14184448,56.5234375
14188544,56.5234375
14192640,56.5234375
14196736,56.5234375
14200832,56.5234375
14204928,56.5234375
14209024,56.5234375
14213120,56.5234375
14217216,56.5234375
14221312,56.5234375
14225408,56.5234375
14229504,56.5234375
14233600,56.5234375
14237696,56.5234375
14241792,56.5234375
14245888,56.5234375
14249984,56.5234375
14254080,56.5234375
14258176,56.5234375
14262272,56.5234375
14266368,56.5234375
14270464,56.5234375
14274560,56.5234375
14278656,56.5234375
14282752,56.5234375
14286848,56.5234375
14290944,56.5234375
14295040,56.5234375
14299136,56.5234375
14303232,56.5234375
14307328,56.5234375
14311424,56.5234375
14315520,56.5234375
14319616,56.5234375
14323712,56.5234375
14327808,56.5234375
14331904,56.5234375
14336000,56.5234375
14340096,56.5234375
14344192,56.5234375
14348288,56.5234375
14352384,56.5234375
14356480,56.5234375
14360576,56.5234375
14364672,56.5234375
14368768,56.5234375
14372864,56.5234375
14376960,56.5234375
14381056,56.5234375
14385152,56.5234375
14389248,56.5234375
14393344,56.5234375
14397440,56.5234375
14401536,57.310546875
14405632,58.4609375
14409728,58.4609375
14413824,58.4609375
14417920,58.4609375
14422016,58.4609375
14426112,58.4609375
14430208,58.4609375
14434304,58.4609375
14438400,58.4609375
14442496,58.4609375
14446592,58.4609375
14450688,58.4609375
14454784,58.4609375
14458880,58.4609375
14462976,58.4609375
14467072,58.4609375
14471168,58.4609375
14475264,58.4609375
14479360,58.4609375
14483456,58.4609375
14487552,58.4609375
14491648,58.4609375
14495744,58.4609375
14499840,58.4609375
14503936,58.4609375
14508032,58.4609375
14512128,58.4609375
14516224,58.4609375
14520320,58.4609375
14524416,58.4609375
14528512,58.4609375
14532608,58.4609375
14536704,58.4609375
14540800,58.4609375
14544896,58.4609375
14548992,58.4609375
14553088,58.4609375
14557184,58.4609375
14561280,58.4609375
14565376,58.4609375
14569472,58.4609375
14573568,58.4609375
14577664,58.4609375
14581760,58.4609375
14585856,58.4609375
14589952,58.4609375
14594048,58.4609375
14598144,58.4609375
14602240,58.4609375
14606336,58.4609375
14610432,58.4609375
14614528,58.4609375
14618624,58.4609375
14622720,58.4609375
14626816,58.4609375
14630912,58.4609375
14635008,58.4609375
14639104,58.4609375
14643200,58.4609375
14647296,58.4609375
14651392,58.4609375
14655488,58.4609375
14659584,58.4609375
14663680,58.4609375
14667776,58.4609375
14671872,58.4609375
14675968,58.4609375
14680064,58.4609375
14684160,58.4609375
14688256,58.4609375
14692352,58.4609375
14696448,58.4609375
14700544,58.4609375
14704640,58.4609375
14708736,58.4609375
14712832,58.4609375
14716928,58.4609375
14721024,58.559814453125
14725120,58.8125
14729216,58.8125
14733312,58.8125
14737408,58.8125
14741504,58.8125
14745600,58.8125
14749696,58.8125
14753792,58.8125
14757888,58.8125
14761984,58.8125
14766080,58.8125
14770176,58.8125
14774272,58.8125
14778368,58.8125
14782464,58.8125
14786560,58.8125
14790656,58.8125
14794752,58.8125
14798848,58.8125
14802944,58.8125
14807040,58.8125
14811136,58.8125
14815232,58.8125
14819328,58.8125
14823424,58.8125
14827520,58.8125
14831616,58.8125
14835712,58.8125
14839808,58.8125
14843904,58.8125
14848000,58.8125
14852096,58.8125
14856192,58.8125
14860288,58.8125
14864384,58.8125
14868480,58.8125
14872576,58.8125
14876672,58.8125
14880768,58.8125
14884864,58.8125
14888960,58.8125
14893056,58.8125
14897152,58.8125
14901248,58.8125
14905344,58.8125
14909440,58.8125
14913536,58.8125
14917632,58.8125
14921728,58.8125
14925824,58.8125
14929920,58.8125
14934016,58.8125
14938112,58.8125
14942208,58.8125
14946304,58.8125
14950400,58.8125
14954496,58.8125
14958592,58.8125
14962688,58.8125
14966784,58.8125
14970880,58.8125
14974976,58.8125
14979072,58.8125
14983168,58.8125
14987264,58.8125
14991360,58.8125
14995456,58.8125
14999552,58.8125
15003648,58.8125
15007744,58.8125
15011840,58.8125
15015936,58.8125
15020032,58.8125
15024128,58.8125
15028224,58.8125
15032320,58.8125
15036416,58.8125
15040512,58.8125
15044608,58.8125
15048704,58.8125
15052800,58.8125
15056896,58.8125
15060992,58.8125
15065088,58.8125
15069184,58.8125
15073280,58.8125
15077376,58.8125
15081472,58.8125
15085568,58.8125
15089664,58.8125
15093760,58.8125
15097856,58.8125
15101952,58.8125
15106048,58.8125
15110144,58.8125
15114240,58.8125
15118336,58.8125
15122432,58.8125
15126528,58.8125
15130624,58.8125
15134720,58.8125
15138816,58.8125
15142912,58.8125
15147008,58.8125
15151104,58.8125
15155200,58.8125
15159296,58.8125
15163392,58.8125
15167488,58.8125
15171584,58.8125
15175680,58.8125
15179776,58.8125
15183872,58.8125
15187968,58.8125
15192064,58.8125
15196160,58.8125
15200256,58.8125
15204352,58.8125
15208448,58.8125
15212544,58.8125
15216640,58.8125
15220736,58.8125
15224832,58.8125
15228928,58.8125
15233024,58.8125
15237120,58.8125
15241216,58.8125
15245312,58.8125
15249408,58.8125
15253504,58.8125
15257600,58.8125
15261696,58.8125
15265792,58.8125
15269888,58.8125
15273984,58.8125
15278080,58.8125
15282176,58.8125
15286272,58.8125
15290368,58.8125
15294464,58.8125
15298560,58.8125
15302656,58.8125
15306752,58.8125
15310848,58.8125
15314944,58.8125
15319040,58.8125
15323136,58.8125
15327232,58.8125
15331328,58.8125
15335424,58.8125
15339520,58.8125
15343616,58.8125
15347712,58.8125
15351808,58.8125
15355904,58.8125
15360000,58.8291015625
15364096,59.34375
15368192,59.34375
15372288,59.34375
15376384,59.34375
15380480,59.34375
15384576,59.34375
15388672,59.34375
15392768,59.34375
15396864,59.34375
15400960,59.34375
15405056,59.34375
15409152,59.34375
15413248,59.34375
15417344,59.34375
15421440,59.34375
15425536,59.34375
15429632,59.34375
15433728,59.34375
15437824,59.34375
15441920,59.34375
15446016,59.34375
15450112,59.34375
15454208,59.34375
15458304,59.34375
15462400,59.34375
15466496,59.34375
15470592,59.34375
15474688,59.34375
15478784,59.34375
15482880,59.34375
15486976,59.34375
15491072,59.34375
15495168,59.34375
15499264,59.34375
15503360,59.34375
15507456,59.34375
15511552,59.34375
15515648,59.34375
15519744,59.34375
15523840,59.34375
15527936,59.34375
15532032,59.34375
15536128,59.34375
15540224,59.34375
15544320,59.34375
15548416,59.34375
15552512,59.34375
15556608,59.34375
15560704,59.34375
15564800,59.34375
15568896,59.34375
15572992,59.34375
15577088,59.34375
15581184,59.34375
15585280,59.34375
15589376,59.34375
15593472,59.34375
15597568,59.34375
15601664,59.34375
15605760,59.34375
15609856,59.34375
15613952,59.34375
15618048,59.34375
15622144,59.34375
15626240,59.34375
15630336,59.34375
15634432,59.34375
15638528,59.34375
15642624,59.34375
15646720,59.34375
15650816,59.34375
15654912,59.34375
15659008,59.34375
15663104,59.34375
15667200,59.34375
15671296,59.34375
15675392,59.34375
15679488,59.34375
15683584,58.798583984375
15687680,58.7421875
15691776,58.7421875
15695872,58.7421875
15699968,58.7421875
15704064,58.7421875
15708160,58.7421875
15712256,58.7421875
15716352,58.7421875
15720448,58.7421875
15724544,58.7421875
15728640,58.7421875
15732736,58.7421875
15736832,58.7421875
15740928,58.7421875
15745024,58.7421875
15749120,58.7421875
15753216,58.7421875
15757312,58.7421875
15761408,58.7421875
15765504,58.7421875
15769600,58.7421875
15773696,58.7421875
15777792,58.7421875
15781888,58.7421875
15785984,58.7421875
15790080,58.7421875
15794176,58.7421875
15798272,58.7421875
15802368,58.7421875
15806464,58.7421875
15810560,58.7421875
15814656,58.7421875
15818752,58.7421875
15822848,58.7421875
15826944,58.7421875
15831040,58.7421875
15835136,58.7421875
15839232,58.7421875
15843328,58.7421875
15847424,58.7421875
15851520,58.7421875
15855616,58.7421875
15859712,58.7421875
15863808,58.7421875
15867904,58.7421875
15872000,58.7421875
15876096,58.7421875
15880192,58.7421875
15884288,58.7421875
15888384,58.7421875
15892480,58.7421875
15896576,58.7421875
15900672,58.7421875
15904768,58.7421875
15908864,58.7421875
15912960,58.7421875
15917056,58.7421875
15921152,58.7421875
15925248,58.7421875
15929344,58.7421875
15933440,58.7421875
15937536,58.7421875
15941632,58.7421875
15945728,58.7421875
15949824,58.7421875
15953920,58.7421875
15958016,58.7421875
15962112,58.7421875
15966208,58.7421875
15970304,58.7421875
15974400,58.7421875
15978496,58.7421875
15982592,58.7421875
15986688,58.7421875
15990784,58.7421875
15994880,58.7421875
15998976,58.7421875
16003072,59.102294921875
16007168,59.203125
16011264,59.203125
16015360,59.203125
16019456,59.203125
16023552,59.203125
16027648,59.203125
16031744,59.203125
16035840,59.203125
16039936,59.203125
16044032,59.203125
16048128,59.203125
16052224,59.203125
16056320,59.203125
16060416,59.203125
16064512,59.203125
16068608,59.203125
16072704,59.203125
16076800,59.203125
16080896,59.203125
16084992,59.203125
16089088,59.203125
16093184,59.203125
16097280,59.203125
16101376,59.203125
16105472,59.203125
16109568,59.203125
16113664,59.203125
16117760,59.203125
16121856,59.203125
16125952,59.203125
16130048,59.203125
16134144,59.203125
16138240,59.203125
16142336,59.203125
16146432,59.203125
16150528,59.203125
16154624,59.203125
16158720,59.203125
16162816,59.203125
16166912,59.203125
16171008,59.203125
16175104,59.203125
16179200,59.203125
16183296,59.203125
16187392,59.203125
16191488,59.203125
16195584,59.203125
16199680,59.203125
16203776,59.203125
16207872,59.203125
16211968,59.203125
16216064,59.203125
16220160,59.203125
16224256,59.203125
16228352,59.203125
16232448,59.203125
16236544,59.203125
16240640,59.203125
16244736,59.203125
16248832,59.203125
16252928,59.203125
16257024,59.203125
16261120,59.203125
16265216,59.203125
16269312,59.203125
16273408,59.203125
16277504,59.203125
16281600,59.203125
16285696,59.203125
16289792,59.203125
16293888,59.203125
16297984,59.203125
16302080,59.203125
16306176,59.203125
16310272,59.203125
16314368,59.203125
16318464,59.203125
16322560,58.962158203125
16326656,58.8359375
16330752,58.8359375
16334848,58.8359375
16338944,58.8359375
16343040,58.8359375
16347136,58.8359375
16351232,58.8359375
16355328,58.8359375
16359424,58.8359375
16363520,58.8359375
16367616,58.8359375
16371712,58.8359375
16375808,58.8359375
16379904,58.8359375
16384000,58.8359375
16388096,58.8359375
16392192,58.8359375
16396288,58.8359375
16400384,58.8359375
16404480,58.8359375
16408576,58.8359375
16412672,58.8359375
16416768,58.8359375
16420864,58.8359375
16424960,58.8359375
16429056,58.8359375
16433152,58.8359375
16437248,58.8359375
16441344,58.8359375
16445440,58.8359375
16449536,58.8359375
16453632,58.8359375
16457728,58.8359375
16461824,58.8359375
16465920,58.8359375
16470016,58.8359375
16474112,58.8359375
16478208,58.8359375
16482304,58.8359375
16486400,58.8359375
16490496,58.8359375
16494592,58.8359375
16498688,58.8359375
16502784,58.8359375
16506880,58.8359375
16510976,58.8359375
16515072,58.8359375
16519168,58.8359375
16523264,58.8359375
16527360,58.8359375
16531456,58.8359375
16535552,58.8359375
16539648,58.8359375
16543744,58.8359375
16547840,58.8359375
16551936,58.8359375
16556032,58.8359375
16560128,58.8359375
16564224,58.8359375
16568320,58.8359375
16572416,58.8359375
16576512,58.8359375
16580608,58.8359375
16584704,58.8359375
16588800,58.8359375
16592896,58.8359375
16596992,58.8359375
16601088,58.8359375
16605184,58.8359375
16609280,58.8359375
16613376,58.8359375
16617472,58.8359375
16621568,58.8359375
16625664,58.8359375
16629760,58.8359375
16633856,58.8359375
16637952,58.8359375
16642048,58.906494140625
16646144,58.96875
16650240,58.96875
16654336,58.96875
16658432,58.96875
16662528,58.96875
16666624,58.96875
16670720,58.96875
16674816,58.96875
16678912,58.96875
16683008,58.96875
16687104,58.96875
16691200,58.96875
16695296,58.96875
16699392,58.96875
16703488,58.96875
16707584,58.96875
16711680,58.96875
16715776,58.96875
16719872,58.96875
16723968,58.96875
16728064,58.96875
16732160,58.96875
16736256,58.96875
16740352,58.96875
16744448,58.96875
16748544,58.96875
16752640,58.96875
16756736,58.96875
16760832,58.96875
16764928,58.96875
16769024,58.96875
16773120,58.96875
16777216,58.96875
16781312,58.96875
16785408,58.96875
16789504,58.96875
16793600,58.96875
16797696,58.96875
16801792,58.96875
16805888,58.96875
16809984,58.96875
16814080,58.96875
16818176,58.96875
16822272,58.96875
16826368,58.96875
16830464,58.96875
16834560,58.96875
16838656,58.96875
16842752,58.96875
16846848,58.96875
16850944,58.96875
16855040,58.96875
16859136,58.96875
16863232,58.96875
16867328,58.96875
16871424,58.96875
16875520,58.96875
16879616,58.96875
16883712,58.96875
16887808,58.96875
16891904,58.96875
16896000,58.96875
16900096,58.96875
16904192,58.96875
16908288,58.96875
16912384,58.96875
16916480,58.96875
16920576,58.96875
16924672,58.96875
16928768,58.96875
16932864,58.96875
16936960,58.96875
16941056,58.96875
16945152,58.96875
16949248,58.96875
16953344,58.96875
16957440,58.96875
16961536,59.1083984375
16965632,59.3125
16969728,59.3125
16973824,59.3125
16977920,59.3125
16982016,59.3125
16986112,59.3125
16990208,59.3125
16994304,59.3125
16998400,59.3125
17002496,59.3125
17006592,59.3125
17010688,59.3125
17014784,59.3125
17018880,59.3125
17022976,59.3125
17027072,59.3125
17031168,59.3125
17035264,59.3125
17039360,59.3125
17043456,59.3125
17047552,59.3125
17051648,59.3125
17055744,59.3125
17059840,59.3125
17063936,59.3125
17068032,59.3125
17072128,59.3125
17076224,59.3125
17080320,59.3125
17084416,59.3125
17088512,59.3125
17092608,59.3125
17096704,59.3125
17100800,59.3125
17104896,59.3125
17108992,59.3125
17113088,59.3125
17117184,59.3125
17121280,59.3125
17125376,59.3125
17129472,59.3125
17133568,59.3125
17137664,59.3125
17141760,59.3125
17145856,59.3125
17149952,59.3125
17154048,59.3125
17158144,59.3125
17162240,59.3125
17166336,59.3125
17170432,59.3125
17174528,59.3125
17178624,59.3125
17182720,59.3125
17186816,59.3125
17190912,59.3125
17195008,59.3125
17199104,59.3125
17203200,59.3125
17207296,59.3125
17211392,59.3125
17215488,59.3125
17219584,59.3125
17223680,59.3125
17227776,59.3125
17231872,59.3125
17235968,59.3125
17240064,59.3125
17244160,59.3125
17248256,59.3125
17252352,59.3125
17256448,59.3125
17260544,59.3125
17264640,59.3125
17268736,59.3125
17272832,59.3125
17276928,59.3125
17281024,59.3740234375
17285120,59.53125
17289216,59.53125
17293312,59.53125
17297408,59.53125
17301504,59.53125
17305600,59.53125
17309696,59.53125
17313792,59.53125
17317888,59.53125
17321984,59.53125
17326080,59.53125
17330176,59.53125
17334272,59.53125
17338368,59.53125
17342464,59.53125
17346560,59.53125
17350656,59.53125
17354752,59.53125
17358848,59.53125
17362944,59.53125
17367040,59.53125
17371136,59.53125
17375232,59.53125
17379328,59.53125
17383424,59.53125
17387520,59.53125
17391616,59.53125
17395712,59.53125
17399808,59.53125
17403904,59.53125
17408000,59.53125
17412096,59.53125
17416192,59.53125
17420288,59.53125
17424384,59.53125
17428480,59.53125
17432576,59.53125
17436672,59.53125
17440768,59.53125
17444864,59.53125
17448960,59.53125
17453056,59.53125
17457152,59.53125
17461248,59.53125
17465344,59.53125
17469440,59.53125
17473536,59.53125
17477632,59.53125
17481728,59.53125
17485824,59.53125
17489920,59.53125
17494016,59.53125
17498112,59.53125
17502208,59.53125
17506304,59.53125
17510400,59.53125
17514496,59.53125
17518592,59.53125
17522688,59.53125
17526784,59.53125
17530880,59.53125
17534976,59.53125
17539072,59.53125
17543168,59.53125
17547264,59.53125
17551360,59.53125
17555456,59.53125
17559552,59.53125
17563648,59.53125
17567744,59.53125
17571840,59.53125
17575936,59.53125
17580032,59.53125
17584128,59.53125
17588224,59.53125
17592320,59.53125
17596416,59.53125
17600512,59.573974609375
17604608,59.8046875
17608704,59.8046875
17612800,59.8046875
17616896,59.8046875
17620992,59.8046875
17625088,59.8046875
17629184,59.8046875
17633280,59.8046875
17637376,59.8046875
17641472,59.8046875
17645568,59.8046875
17649664,59.8046875
17653760,59.8046875
17657856,59.8046875
17661952,59.8046875
17666048,59.8046875
17670144,59.8046875
17674240,59.8046875
17678336,59.8046875
17682432,59.8046875
17686528,59.8046875
17690624,59.8046875
17694720,59.8046875
17698816,59.8046875
17702912,59.8046875
17707008,59.8046875
17711104,59.8046875
17715200,59.8046875
17719296,59.8046875
17723392,59.8046875
17727488,59.8046875
17731584,59.8046875
17735680,59.8046875
17739776,59.8046875
17743872,59.8046875
17747968,59.8046875
17752064,59.8046875
17756160,59.8046875
17760256,59.8046875
17764352,59.8046875
17768448,59.8046875
17772544,59.8046875
17776640,59.8046875
17780736,59.8046875
17784832,59.8046875
17788928,59.8046875
17793024,59.8046875
17797120,59.8046875
17801216,59.8046875
17805312,59.8046875
17809408,59.8046875
17813504,59.8046875
17817600,59.8046875
17821696,59.8046875
17825792,59.8046875
17829888,59.8046875
17833984,59.8046875
17838080,59.8046875
17842176,59.8046875
17846272,59.8046875
17850368,59.8046875
17854464,59.8046875
17858560,59.8046875
17862656,59.8046875
17866752,59.8046875
17870848,59.8046875
17874944,59.8046875
17879040,59.8046875
17883136,59.8046875
17887232,59.8046875
17891328,59.8046875
17895424,59.8046875
17899520,59.8046875
17903616,59.8046875
17907712,59.8046875
17911808,59.8046875
17915904,59.8046875
17920000,59.77880859375
17924096,58.9765625
17928192,58.9765625
17932288,58.9765625
17936384,58.9765625
17940480,58.9765625
17944576,58.9765625
17948672,58.9765625
17952768,58.9765625
17956864,58.9765625
17960960,58.9765625
17965056,58.9765625
17969152,58.9765625
17973248,58.9765625
17977344,58.9765625
17981440,58.9765625
17985536,58.9765625
17989632,58.9765625
17993728,58.9765625
17997824,58.9765625
18001920,58.9765625
18006016,58.9765625
18010112,58.9765625
18014208,58.9765625
18018304,58.9765625
18022400,58.9765625
18026496,58.9765625
18030592,58.9765625
18034688,58.9765625
18038784,58.9765625
18042880,58.9765625
18046976,58.9765625
18051072,58.9765625
18055168,58.9765625
18059264,58.9765625
18063360,58.9765625
18067456,58.9765625
18071552,58.9765625
18075648,58.9765625
18079744,58.9765625
18083840,58.9765625
18087936,58.9765625
18092032,58.9765625
18096128,58.9765625
18100224,58.9765625
18104320,58.9765625
18108416,58.9765625
18112512,58.9765625
18116608,58.9765625
18120704,58.9765625
18124800,58.9765625
18128896,58.9765625
18132992,58.9765625
18137088,58.9765625
18141184,58.9765625
18145280,58.9765625
18149376,58.9765625
18153472,58.9765625
18157568,58.9765625
18161664,58.9765625
18165760,58.9765625
18169856,58.9765625
18173952,58.9765625
18178048,58.9765625
18182144,58.9765625
18186240,58.9765625
18190336,58.9765625
18194432,58.9765625
18198528,58.9765625
18202624,58.9765625
18206720,58.9765625
18210816,58.9765625
18214912,58.9765625
18219008,58.9765625
18223104,58.9765625
18227200,58.9765625
18231296,58.9765625
18235392,58.9765625
18239488,58.9765625
18243584,58.941162109375
18247680,58.9375
18251776,58.9375
18255872,58.9375
18259968,58.9375
18264064,58.9375
18268160,58.9375
18272256,58.9375
18276352,58.9375
18280448,58.9375
18284544,58.9375
18288640,58.9375
18292736,58.9375
18296832,58.9375
18300928,58.9375
18305024,58.9375
18309120,58.9375
18313216,58.9375
18317312,58.9375
18321408,58.9375
18325504,58.9375
18329600,58.9375
18333696,58.9375
18337792,58.9375
18341888,58.9375
18345984,58.9375
18350080,58.9375
18354176,58.9375
18358272,58.9375
18362368,58.9375
18366464,58.9375
18370560,58.9375
18374656,58.9375
18378752,58.9375
18382848,58.9375
18386944,58.9375
18391040,58.9375
18395136,58.9375
18399232,58.9375
18403328,58.9375
18407424,58.9375
18411520,58.9375
18415616,58.9375
18419712,58.9375
18423808,58.9375
18427904,58.9375
18432000,58.9375
18436096,58.9375
18440192,58.9375
18444288,58.9375
18448384,58.9375
18452480,58.9375
18456576,58.9375
18460672,58.9375
18464768,58.9375
18468864,58.9375
18472960,58.9375
18477056,58.9375
18481152,58.9375
18485248,58.9375
18489344,58.9375
18493440,58.9375
18497536,58.9375
18501632,58.9375
18505728,58.9375
18509824,58.9375
18513920,58.9375
18518016,58.9375
18522112,58.9375
18526208,58.9375
18530304,58.9375
18534400,58.9375
18538496,58.9375
18542592,58.9375
18546688,58.9375
18550784,58.9375
18554880,58.9375
18558976,58.9375
18563072,57.735107421875
18567168,57.3984375
18571264,57.3984375
18575360,57.3984375
18579456,57.3984375
18583552,57.3984375
18587648,57.3984375
18591744,57.3984375
18595840,57.3984375
18599936,57.3984375
18604032,57.3984375
18608128,57.3984375
18612224,57.3984375
18616320,57.3984375
18620416,57.3984375
18624512,57.3984375
18628608,57.3984375
18632704,57.3984375
18636800,57.3984375
18640896,57.3984375
18644992,57.3984375
18649088,57.3984375
18653184,57.3984375
18657280,57.3984375
18661376,57.3984375
18665472,57.3984375
18669568,57.3984375
18673664,57.3984375
18677760,57.3984375
18681856,57.3984375
18685952,57.3984375
18690048,57.3984375
18694144,57.3984375
18698240,57.3984375
18702336,57.3984375
18706432,57.3984375
18710528,57.3984375
18714624,57.3984375
18718720,57.3984375
18722816,57.3984375
18726912,57.3984375
18731008,57.3984375
18735104,57.3984375
18739200,57.3984375
18743296,57.3984375
18747392,57.3984375
18751488,57.3984375
18755584,57.3984375
18759680,57.3984375
18763776,57.3984375
18767872,57.3984375
18771968,57.3984375
18776064,57.3984375
18780160,57.3984375
18784256,57.3984375
18788352,57.3984375
18792448,57.3984375
18796544,57.3984375
18800640,57.3984375
18804736,57.3984375
18808832,57.3984375
18812928,57.3984375
18817024,57.3984375
18821120,57.3984375
18825216,57.3984375
18829312,57.3984375
18833408,57.3984375
18837504,57.3984375
18841600,57.3984375
18845696,57.3984375
18849792,57.3984375
18853888,57.3984375
18857984,57.3984375
18862080,57.3984375
18866176,57.3984375
18870272,57.3984375
18874368,57.3984375
18878464,57.3984375
18882560,58.8544921875
18886656,59.6171875
18890752,59.6171875
18894848,59.6171875
18898944,59.6171875
18903040,59.6171875
18907136,59.6171875
18911232,59.6171875
18915328,59.6171875
18919424,59.6171875
18923520,59.6171875
18927616,59.6171875
18931712,59.6171875
18935808,59.6171875
18939904,59.6171875
18944000,59.6171875
18948096,59.6171875
18952192,59.6171875
18956288,59.6171875
18960384,59.6171875
18964480,59.6171875
18968576,59.6171875
18972672,59.6171875
18976768,59.6171875
18980864,59.6171875
18984960,59.6171875
18989056,59.6171875
18993152,59.6171875
18997248,59.6171875
19001344,59.6171875
19005440,59.6171875
19009536,59.6171875
19013632,59.6171875
19017728,59.6171875
19021824,59.6171875
19025920,59.6171875
19030016,59.6171875
19034112,59.6171875
19038208,59.6171875
19042304,59.6171875
19046400,59.6171875
19050496,59.6171875
19054592,59.6171875
19058688,59.6171875
19062784,59.6171875
19066880,59.6171875
19070976,59.6171875
19075072,59.6171875
19079168,59.6171875
19083264,59.6171875
19087360,59.6171875
19091456,59.6171875
19095552,59.6171875
19099648,59.6171875
19103744,59.6171875
19107840,59.6171875
19111936,59.6171875
19116032,59.6171875
19120128,59.6171875
19124224,59.6171875
19128320,59.6171875
19132416,59.6171875
19136512,59.6171875
19140608,59.6171875
19144704,59.6171875
19148800,59.6171875
19152896,59.6171875
19156992,59.6171875
19161088,59.6171875
19165184,59.6171875
19169280,59.6171875
19173376,59.6171875
19177472,59.6171875
19181568,59.6171875
19185664,59.6171875
19189760,59.6171875
19193856,59.6171875
19197952,59.6171875
19202048,59.72509765625
19206144,59.8203125
19210240,59.8203125
19214336,59.8203125
19218432,59.8203125
19222528,59.8203125
19226624,59.8203125
19230720,59.8203125
19234816,59.8203125
19238912,59.8203125
19243008,59.8203125
19247104,59.8203125
19251200,59.8203125
19255296,59.8203125
19259392,59.8203125
19263488,59.8203125
19267584,59.8203125
19271680,59.8203125
19275776,59.8203125
19279872,59.8203125
19283968,59.8203125
19288064,59.8203125
19292160,59.8203125
19296256,59.8203125
19300352,59.8203125
19304448,59.8203125
19308544,59.8203125
19312640,59.8203125
19316736,59.8203125
19320832,59.8203125
19324928,59.8203125
19329024,59.8203125
19333120,59.8203125
19337216,59.8203125
19341312,59.8203125
19345408,59.8203125
19349504,59.8203125
19353600,59.8203125
19357696,59.8203125
19361792,59.8203125
19365888,59.8203125
19369984,59.8203125
19374080,59.8203125
19378176,59.8203125
19382272,59.8203125
19386368,59.8203125
19390464,59.8203125
19394560,59.8203125
19398656,59.8203125
19402752,59.8203125
19406848,59.8203125
19410944,59.8203125
19415040,59.8203125
19419136,59.8203125
19423232,59.8203125
19427328,59.8203125
19431424,59.8203125
19435520,59.8203125
19439616,59.8203125
19443712,59.8203125
19447808,59.8203125
19451904,59.8203125
19456000,59.8203125
19460096,59.8203125
19464192,59.8203125
19468288,59.8203125
19472384,59.8203125
19476480,59.8203125
19480576,59.8203125
19484672,59.8203125
19488768,59.8203125
19492864,59.8203125
19496960,59.8203125
19501056,59.8203125
19505152,59.8203125
19509248,59.8203125
19513344,59.8203125
19517440,59.8203125
19521536,60.128173828125
19525632,60.578125
19529728,60.578125
19533824,60.578125
19537920,60.578125
19542016,60.578125
19546112,60.578125
19550208,60.578125
19554304,60.578125
19558400,60.578125
19562496,60.578125
19566592,60.578125
19570688,60.578125
19574784,60.578125
19578880,60.578125
19582976,60.578125
19587072,60.578125
19591168,60.578125
19595264,60.578125
19599360,60.578125
19603456,60.578125
19607552,60.578125
19611648,60.578125
19615744,60.578125
19619840,60.578125
19623936,60.578125
19628032,60.578125
19632128,60.578125
19636224,60.578125
19640320,60.578125
19644416,60.578125
19648512,60.578125
19652608,60.578125
19656704,60.578125
19660800,60.578125
19664896,60.578125
19668992,60.578125
19673088,60.578125
19677184,60.578125
19681280,60.578125
19685376,60.578125
19689472,60.578125
19693568,60.578125
19697664,60.578125
19701760,60.578125
19705856,60.578125
19709952,60.578125
19714048,60.578125
19718144,60.578125
19722240,60.578125
19726336,60.578125
19730432,60.578125
19734528,60.578125
19738624,60.578125
19742720,60.578125
19746816,60.578125
19750912,60.578125
19755008,60.578125
19759104,60.578125
19763200,60.578125
19767296,60.578125
19771392,60.578125
19775488,60.578125
19779584,60.578125
19783680,60.578125
19787776,60.578125
19791872,60.578125
19795968,60.578125
19800064,60.578125
19804160,60.578125
19808256,60.578125
19812352,60.578125
19816448,60.578125
19820544,60.578125
19824640,60.578125
19828736,60.578125
19832832,60.578125
19836928,60.578125
19841024,60.285888671875
19845120,59.5390625
19849216,59.5390625
19853312,59.5390625
19857408,59.5390625
19861504,59.5390625
19865600,59.5390625
19869696,59.5390625
19873792,59.5390625
19877888,59.5390625
19881984,59.5390625
19886080,59.5390625
19890176,59.5390625
19894272,59.5390625
19898368,59.5390625
19902464,59.5390625
19906560,59.5390625
19910656,59.5390625
19914752,59.5390625
19918848,59.5390625
19922944,59.5390625
19927040,59.5390625
19931136,59.5390625
19935232,59.5390625
19939328,59.5390625
19943424,59.5390625
19947520,59.5390625
19951616,59.5390625
19955712,59.5390625
19959808,59.5390625
19963904,59.5390625
19968000,59.5390625
19972096,59.5390625
19976192,59.5390625
19980288,59.5390625
19984384,59.5390625
19988480,59.5390625
19992576,59.5390625
19996672,59.5390625
