env_step,pqn_Breakout-MinAtar - test_returned_episode_returns
4096,0.0
8192,0.0
12288,0.0
16384,0.0
20480,0.0
24576,0.0
28672,0.0
32768,0.0
36864,0.0
40960,0.0
45056,0.0
49152,0.0
53248,0.0
57344,0.0
61440,0.0
65536,0.0
69632,0.0
73728,0.0
77824,0.0
81920,0.0
86016,0.0
90112,0.0
94208,0.0
98304,0.0
102400,0.0
106496,0.0
110592,0.0
114688,0.0
118784,0.0
122880,0.0
126976,0.0
131072,0.0
135168,0.0
139264,0.0
143360,0.0
147456,0.0
151552,0.0
155648,0.0
159744,0.0
163840,0.0
167936,0.0
172032,0.0
176128,0.0
180224,0.0
184320,0.0
188416,0.0
192512,0.0
196608,0.0
200704,0.0
204800,0.0
208896,0.0
212992,0.0
217088,0.0
221184,0.0
225280,0.0
229376,0.0
233472,0.0
237568,0.0
241664,0.0
245760,0.0
249856,0.0
253952,0.0
258048,0.0
262144,0.0
266240,0.0
270336,0.0
274432,0.0
278528,0.0
282624,0.0
286720,0.0
290816,0.0
294912,0.0
299008,0.0
303104,0.0
307200,0.0
311296,0.0
315392,0.0
319488,0.0
323584,0.0
327680,0.0
331776,0.0
335872,0.0
339968,0.0
344064,0.0
348160,0.0
352256,0.0
356352,0.0
360448,0.0
364544,0.0
368640,0.0
372736,0.0
376832,0.0
380928,0.0
385024,0.0
389120,0.0
393216,0.0
397312,0.0
401408,0.0
405504,0.0
409600,0.0
413696,0.0
417792,0.0
421888,0.0
425984,0.0
430080,0.0
434176,0.0
438272,0.0
442368,0.0
446464,0.0
450560,0.0
454656,0.0
458752,0.0
462848,0.0
466944,0.0
471040,0.0
475136,0.0
479232,0.0
483328,0.0
487424,0.0
491520,0.0
495616,0.0
499712,0.0
503808,0.0
507904,0.0
512000,0.0
516096,0.0
520192,0.0
524288,0.0
528384,0.0
532480,0.0
536576,0.0
540672,0.0
544768,0.0
548864,0.0
552960,0.0
557056,0.0
561152,0.0
565248,0.0
569344,0.0
573440,0.0
577536,0.0
581632,0.0
585728,0.0
589824,0.0
593920,0.0
598016,0.0
602112,0.0
606208,0.0
610304,0.0
614400,0.0
618496,0.0
622592,0.0
626688,0.0
630784,0.0
634880,0.0
638976,0.0
643072,0.0
647168,0.0
651264,0.0
655360,0.0
659456,0.0
663552,0.0
667648,0.0
671744,0.0
675840,0.0
679936,0.0
684032,0.0
688128,0.0
692224,0.0
696320,0.0
700416,0.0
704512,0.0
708608,0.0
712704,0.0
716800,0.0
720896,0.0
724992,0.0
729088,0.0
733184,0.0
737280,0.0
741376,0.0
745472,0.0
749568,0.0
753664,0.0
757760,0.0
761856,0.0
765952,0.0
770048,0.0
774144,0.0
778240,0.0
782336,0.0
786432,0.0
790528,0.0
794624,0.0
798720,0.0
802816,0.0
806912,0.0
811008,0.0
815104,0.0
819200,0.0
823296,0.0
827392,0.0
831488,0.0
835584,0.0
839680,0.0
843776,0.0
847872,0.0
851968,0.0
856064,0.0
860160,0.0
864256,0.0
868352,0.0
872448,0.0
876544,0.0
880640,0.0
884736,0.0
888832,0.0
892928,0.0
897024,0.0
901120,0.0
905216,0.0
909312,0.0
913408,0.0
917504,0.0
921600,0.0
925696,0.0
929792,0.0
933888,0.0
937984,0.0
942080,0.0
946176,0.0
950272,0.0
954368,0.0
958464,0.0
962560,0.0
966656,0.0
970752,0.0
974848,0.0
978944,0.0
983040,0.0
987136,0.0
991232,0.0
995328,0.0
999424,11.988479614257812
1003520,11.988479614257812
1007616,11.988479614257812
1011712,11.988479614257812
1015808,11.988479614257812
1019904,11.988479614257812
1024000,11.988479614257812
1028096,11.988479614257812
1032192,11.988479614257812
1036288,11.988479614257812
1040384,11.988479614257812
1044480,11.988479614257812
1048576,11.988479614257812
1052672,11.988479614257812
1056768,11.988479614257812
1060864,11.988479614257812
1064960,11.988479614257812
1069056,11.988479614257812
1073152,11.988479614257812
1077248,11.988479614257812
1081344,11.988479614257812
1085440,11.988479614257812
1089536,11.988479614257812
1093632,11.988479614257812
1097728,11.988479614257812
1101824,11.988479614257812
1105920,11.988479614257812
1110016,11.988479614257812
1114112,11.988479614257812
1118208,11.988479614257812
1122304,11.988479614257812
1126400,11.988479614257812
1130496,11.988479614257812
1134592,11.988479614257812
1138688,11.988479614257812
1142784,11.988479614257812
1146880,11.988479614257812
1150976,11.988479614257812
1155072,11.988479614257812
1159168,11.988479614257812
1163264,11.988479614257812
1167360,11.988479614257812
1171456,11.988479614257812
1175552,11.988479614257812
1179648,11.988479614257812
1183744,11.988479614257812
1187840,11.988479614257812
1191936,11.988479614257812
1196032,11.988479614257812
1200128,11.988479614257812
1204224,11.988479614257812
1208320,11.988479614257812
1212416,11.988479614257812
1216512,11.988479614257812
1220608,11.988479614257812
1224704,11.988479614257812
1228800,11.988479614257812
1232896,11.988479614257812
1236992,11.988479614257812
1241088,11.988479614257812
1245184,11.988479614257812
1249280,11.988479614257812
1253376,11.988479614257812
1257472,11.988479614257812
1261568,11.988479614257812
1265664,11.988479614257812
1269760,11.988479614257812
1273856,11.988479614257812
1277952,11.988479614257812
1282048,11.988479614257812
1286144,11.988479614257812
1290240,11.988479614257812
1294336,11.988479614257812
1298432,11.988479614257812
1302528,11.988479614257812
1306624,11.988479614257812
1310720,11.988479614257812
1314816,11.988479614257812
1318912,11.988479614257812
1323008,11.988479614257812
1327104,11.988479614257812
1331200,11.988479614257812
1335296,11.988479614257812
1339392,11.988479614257812
1343488,11.988479614257812
1347584,11.988479614257812
1351680,11.988479614257812
1355776,11.988479614257812
1359872,11.988479614257812
1363968,11.988479614257812
1368064,11.988479614257812
1372160,11.988479614257812
1376256,11.988479614257812
1380352,11.988479614257812
1384448,11.988479614257812
1388544,11.988479614257812
1392640,11.988479614257812
1396736,11.988479614257812
1400832,11.988479614257812
1404928,11.988479614257812
1409024,11.988479614257812
1413120,11.988479614257812
1417216,11.988479614257812
1421312,11.988479614257812
1425408,11.988479614257812
1429504,11.988479614257812
1433600,11.988479614257812
1437696,11.988479614257812
1441792,11.988479614257812
1445888,11.988479614257812
1449984,11.988479614257812
1454080,11.988479614257812
1458176,11.988479614257812
1462272,11.988479614257812
1466368,11.988479614257812
1470464,11.988479614257812
1474560,11.988479614257812
1478656,11.988479614257812
1482752,11.988479614257812
1486848,11.988479614257812
1490944,11.988479614257812
1495040,11.988479614257812
1499136,11.988479614257812
1503232,11.988479614257812
1507328,11.988479614257812
1511424,11.988479614257812
1515520,11.988479614257812
1519616,11.988479614257812
1523712,11.988479614257812
1527808,11.988479614257812
1531904,11.988479614257812
1536000,11.988479614257812
1540096,11.988479614257812
1544192,11.988479614257812
1548288,11.988479614257812
1552384,11.988479614257812
1556480,11.988479614257812
1560576,11.988479614257812
1564672,11.988479614257812
1568768,11.988479614257812
1572864,11.988479614257812
1576960,11.988479614257812
1581056,11.988479614257812
1585152,11.988479614257812
1589248,11.988479614257812
1593344,11.988479614257812
1597440,11.988479614257812
1601536,11.988479614257812
1605632,11.988479614257812
1609728,11.988479614257812
1613824,11.988479614257812
1617920,11.988479614257812
1622016,11.988479614257812
1626112,11.988479614257812
1630208,11.988479614257812
1634304,11.988479614257812
1638400,11.988479614257812
1642496,11.988479614257812
1646592,11.988479614257812
1650688,11.988479614257812
1654784,11.988479614257812
1658880,11.988479614257812
1662976,11.988479614257812
1667072,11.988479614257812
1671168,11.988479614257812
1675264,11.988479614257812
1679360,11.988479614257812
1683456,11.988479614257812
1687552,11.988479614257812
1691648,11.988479614257812
1695744,11.988479614257812
1699840,11.988479614257812
1703936,11.988479614257812
1708032,11.988479614257812
1712128,11.988479614257812
1716224,11.988479614257812
1720320,11.988479614257812
1724416,11.988479614257812
1728512,11.988479614257812
1732608,11.988479614257812
1736704,11.988479614257812
1740800,11.988479614257812
1744896,11.988479614257812
1748992,11.988479614257812
1753088,11.988479614257812
1757184,11.988479614257812
1761280,11.988479614257812
1765376,11.988479614257812
1769472,11.988479614257812
1773568,11.988479614257812
1777664,11.988479614257812
1781760,11.988479614257812
1785856,11.988479614257812
1789952,11.988479614257812
1794048,11.988479614257812
1798144,11.988479614257812
1802240,11.988479614257812
1806336,11.988479614257812
1810432,11.988479614257812
1814528,11.988479614257812
1818624,11.988479614257812
1822720,11.988479614257812
1826816,11.988479614257812
1830912,11.988479614257812
1835008,11.988479614257812
1839104,11.988479614257812
1843200,11.988479614257812
1847296,11.988479614257812
1851392,11.988479614257812
1855488,11.988479614257812
1859584,11.988479614257812
1863680,11.988479614257812
1867776,11.988479614257812
1871872,11.988479614257812
1875968,11.988479614257812
1880064,11.988479614257812
1884160,11.988479614257812
1888256,11.988479614257812
1892352,11.988479614257812
1896448,11.988479614257812
1900544,11.988479614257812
1904640,11.988479614257812
1908736,11.988479614257812
1912832,11.988479614257812
1916928,11.988479614257812
1921024,11.988479614257812
1925120,11.988479614257812
1929216,11.988479614257812
1933312,11.988479614257812
1937408,11.988479614257812
1941504,11.988479614257812
1945600,11.988479614257812
1949696,11.988479614257812
1953792,11.988479614257812
1957888,11.988479614257812
1961984,11.988479614257812
1966080,11.988479614257812
1970176,11.988479614257812
1974272,11.988479614257812
1978368,11.988479614257812
1982464,11.988479614257812
1986560,11.988479614257812
1990656,11.988479614257812
1994752,11.988479614257812
1998848,15.74921703338623
2002944,15.74921703338623
2007040,15.74921703338623
2011136,15.74921703338623
2015232,15.74921703338623
2019328,15.74921703338623
2023424,15.74921703338623
2027520,15.74921703338623
2031616,15.74921703338623
2035712,15.74921703338623
2039808,15.74921703338623
2043904,15.74921703338623
2048000,15.74921703338623
2052096,15.74921703338623
2056192,15.74921703338623
2060288,15.74921703338623
2064384,15.74921703338623
2068480,15.74921703338623
2072576,15.74921703338623
2076672,15.74921703338623
2080768,15.74921703338623
2084864,15.74921703338623
2088960,15.74921703338623
2093056,15.74921703338623
2097152,15.74921703338623
2101248,15.74921703338623
2105344,15.74921703338623
2109440,15.74921703338623
2113536,15.74921703338623
2117632,15.74921703338623
2121728,15.74921703338623
2125824,15.74921703338623
2129920,15.74921703338623
2134016,15.74921703338623
2138112,15.74921703338623
2142208,15.74921703338623
2146304,15.74921703338623
2150400,15.74921703338623
2154496,15.74921703338623
2158592,15.74921703338623
2162688,15.74921703338623
2166784,15.74921703338623
2170880,15.74921703338623
2174976,15.74921703338623
2179072,15.74921703338623
2183168,15.74921703338623
2187264,15.74921703338623
2191360,15.74921703338623
2195456,15.74921703338623
2199552,15.74921703338623
2203648,15.74921703338623
2207744,15.74921703338623
2211840,15.74921703338623
2215936,15.74921703338623
2220032,15.74921703338623
2224128,15.74921703338623
2228224,15.74921703338623
2232320,15.74921703338623
2236416,15.74921703338623
2240512,15.74921703338623
2244608,15.74921703338623
2248704,15.74921703338623
2252800,15.74921703338623
2256896,15.74921703338623
2260992,15.74921703338623
2265088,15.74921703338623
2269184,15.74921703338623
2273280,15.74921703338623
2277376,15.74921703338623
2281472,15.74921703338623
2285568,15.74921703338623
2289664,15.74921703338623
2293760,15.74921703338623
2297856,15.74921703338623
2301952,15.74921703338623
2306048,15.74921703338623
2310144,15.74921703338623
2314240,15.74921703338623
2318336,15.74921703338623
2322432,15.74921703338623
2326528,15.74921703338623
2330624,15.74921703338623
2334720,15.74921703338623
2338816,15.74921703338623
2342912,15.74921703338623
2347008,15.74921703338623
2351104,15.74921703338623
2355200,15.74921703338623
2359296,15.74921703338623
2363392,15.74921703338623
2367488,15.74921703338623
2371584,15.74921703338623
2375680,15.74921703338623
2379776,15.74921703338623
2383872,15.74921703338623
2387968,15.74921703338623
2392064,15.74921703338623
2396160,15.74921703338623
2400256,15.74921703338623
2404352,15.74921703338623
2408448,15.74921703338623
2412544,15.74921703338623
2416640,15.74921703338623
2420736,15.74921703338623
2424832,15.74921703338623
2428928,15.74921703338623
2433024,15.74921703338623
2437120,15.74921703338623
2441216,15.74921703338623
2445312,15.74921703338623
2449408,15.74921703338623
2453504,15.74921703338623
2457600,15.74921703338623
2461696,15.74921703338623
2465792,15.74921703338623
2469888,15.74921703338623
2473984,15.74921703338623
2478080,15.74921703338623
2482176,15.74921703338623
2486272,15.74921703338623
2490368,15.74921703338623
2494464,15.74921703338623
2498560,15.74921703338623
2502656,15.74921703338623
2506752,15.74921703338623
2510848,15.74921703338623
2514944,15.74921703338623
2519040,15.74921703338623
2523136,15.74921703338623
2527232,15.74921703338623
2531328,15.74921703338623
2535424,15.74921703338623
2539520,15.74921703338623
2543616,15.74921703338623
2547712,15.74921703338623
2551808,15.74921703338623
2555904,15.74921703338623
2560000,15.74921703338623
2564096,15.74921703338623
2568192,15.74921703338623
2572288,15.74921703338623
2576384,15.74921703338623
2580480,15.74921703338623
2584576,15.74921703338623
2588672,15.74921703338623
2592768,15.74921703338623
2596864,15.74921703338623
2600960,15.74921703338623
2605056,15.74921703338623
2609152,15.74921703338623
2613248,15.74921703338623
2617344,15.74921703338623
2621440,15.74921703338623
2625536,15.74921703338623
2629632,15.74921703338623
2633728,15.74921703338623
2637824,15.74921703338623
2641920,15.74921703338623
2646016,15.74921703338623
2650112,15.74921703338623
2654208,15.74921703338623
2658304,15.74921703338623
2662400,15.74921703338623
2666496,15.74921703338623
2670592,15.74921703338623
2674688,15.74921703338623
2678784,15.74921703338623
2682880,15.74921703338623
2686976,15.74921703338623
2691072,15.74921703338623
2695168,15.74921703338623
2699264,15.74921703338623
2703360,15.74921703338623
2707456,15.74921703338623
2711552,15.74921703338623
2715648,15.74921703338623
2719744,15.74921703338623
2723840,15.74921703338623
2727936,15.74921703338623
2732032,15.74921703338623
2736128,15.74921703338623
2740224,15.74921703338623
2744320,15.74921703338623
2748416,15.74921703338623
2752512,15.74921703338623
2756608,15.74921703338623
2760704,15.74921703338623
2764800,15.74921703338623
2768896,15.74921703338623
2772992,15.74921703338623
2777088,15.74921703338623
2781184,15.74921703338623
2785280,15.74921703338623
2789376,15.74921703338623
2793472,15.74921703338623
2797568,15.74921703338623
2801664,15.74921703338623
2805760,15.74921703338623
2809856,15.74921703338623
2813952,15.74921703338623
2818048,15.74921703338623
2822144,15.74921703338623
2826240,15.74921703338623
2830336,15.74921703338623
2834432,15.74921703338623
2838528,15.74921703338623
2842624,15.74921703338623
2846720,15.74921703338623
2850816,15.74921703338623
2854912,15.74921703338623
2859008,15.74921703338623
2863104,15.74921703338623
2867200,15.74921703338623
2871296,15.74921703338623
2875392,15.74921703338623
2879488,15.74921703338623
2883584,15.74921703338623
2887680,15.74921703338623
2891776,15.74921703338623
2895872,15.74921703338623
2899968,15.74921703338623
2904064,15.74921703338623
2908160,15.74921703338623
2912256,15.74921703338623
2916352,15.74921703338623
2920448,15.74921703338623
2924544,15.74921703338623
2928640,15.74921703338623
2932736,15.74921703338623
2936832,15.74921703338623
2940928,15.74921703338623
2945024,15.74921703338623
2949120,15.74921703338623
2953216,15.74921703338623
2957312,15.74921703338623
2961408,15.74921703338623
2965504,15.74921703338623
2969600,15.74921703338623
2973696,15.74921703338623
2977792,15.74921703338623
2981888,15.74921703338623
2985984,15.74921703338623
2990080,15.74921703338623
2994176,15.74921703338623
2998272,38.51234436035156
3002368,38.51234436035156
3006464,38.51234436035156
3010560,38.51234436035156
3014656,38.51234436035156
3018752,38.51234436035156
3022848,38.51234436035156
3026944,38.51234436035156
3031040,38.51234436035156
3035136,38.51234436035156
3039232,38.51234436035156
3043328,38.51234436035156
3047424,38.51234436035156
3051520,38.51234436035156
3055616,38.51234436035156
3059712,38.51234436035156
3063808,38.51234436035156
3067904,38.51234436035156
3072000,38.51234436035156
3076096,38.51234436035156
3080192,38.51234436035156
3084288,38.51234436035156
3088384,38.51234436035156
3092480,38.51234436035156
3096576,38.51234436035156
3100672,38.51234436035156
3104768,38.51234436035156
3108864,38.51234436035156
3112960,38.51234436035156
3117056,38.51234436035156
3121152,38.51234436035156
3125248,38.51234436035156
3129344,38.51234436035156
3133440,38.51234436035156
3137536,38.51234436035156
3141632,38.51234436035156
3145728,38.51234436035156
3149824,38.51234436035156
3153920,38.51234436035156
3158016,38.51234436035156
3162112,38.51234436035156
3166208,38.51234436035156
3170304,38.51234436035156
3174400,38.51234436035156
3178496,38.51234436035156
3182592,38.51234436035156
3186688,38.51234436035156
3190784,38.51234436035156
3194880,38.51234436035156
3198976,38.51234436035156
3203072,38.51234436035156
3207168,38.51234436035156
3211264,38.51234436035156
3215360,38.51234436035156
3219456,38.51234436035156
3223552,38.51234436035156
3227648,38.51234436035156
3231744,38.51234436035156
3235840,38.51234436035156
3239936,38.51234436035156
3244032,38.51234436035156
3248128,38.51234436035156
3252224,38.51234436035156
3256320,38.51234436035156
3260416,38.51234436035156
3264512,38.51234436035156
3268608,38.51234436035156
3272704,38.51234436035156
3276800,38.51234436035156
3280896,38.51234436035156
3284992,38.51234436035156
3289088,38.51234436035156
3293184,38.51234436035156
3297280,38.51234436035156
3301376,38.51234436035156
3305472,38.51234436035156
3309568,38.51234436035156
3313664,38.51234436035156
3317760,38.51234436035156
3321856,38.51234436035156
3325952,38.51234436035156
3330048,38.51234436035156
3334144,38.51234436035156
3338240,38.51234436035156
3342336,38.51234436035156
3346432,38.51234436035156
3350528,38.51234436035156
3354624,38.51234436035156
3358720,38.51234436035156
3362816,38.51234436035156
3366912,38.51234436035156
3371008,38.51234436035156
3375104,38.51234436035156
3379200,38.51234436035156
3383296,38.51234436035156
3387392,38.51234436035156
3391488,38.51234436035156
3395584,38.51234436035156
3399680,38.51234436035156
3403776,38.51234436035156
3407872,38.51234436035156
3411968,38.51234436035156
3416064,38.51234436035156
3420160,38.51234436035156
3424256,38.51234436035156
3428352,38.51234436035156
3432448,38.51234436035156
3436544,38.51234436035156
3440640,38.51234436035156
3444736,38.51234436035156
3448832,38.51234436035156
3452928,38.51234436035156
3457024,38.51234436035156
3461120,38.51234436035156
3465216,38.51234436035156
3469312,38.51234436035156
3473408,38.51234436035156
3477504,38.51234436035156
3481600,38.51234436035156
3485696,38.51234436035156
3489792,38.51234436035156
3493888,38.51234436035156
3497984,38.51234436035156
3502080,38.51234436035156
3506176,38.51234436035156
3510272,38.51234436035156
3514368,38.51234436035156
3518464,38.51234436035156
3522560,38.51234436035156
3526656,38.51234436035156
3530752,38.51234436035156
3534848,38.51234436035156
3538944,38.51234436035156
3543040,38.51234436035156
3547136,38.51234436035156
3551232,38.51234436035156
3555328,38.51234436035156
3559424,38.51234436035156
3563520,38.51234436035156
3567616,38.51234436035156
3571712,38.51234436035156
3575808,38.51234436035156
3579904,38.51234436035156
3584000,38.51234436035156
3588096,38.51234436035156
3592192,38.51234436035156
3596288,38.51234436035156
3600384,38.51234436035156
3604480,38.51234436035156
3608576,38.51234436035156
3612672,38.51234436035156
3616768,38.51234436035156
3620864,38.51234436035156
3624960,38.51234436035156
3629056,38.51234436035156
3633152,38.51234436035156
3637248,38.51234436035156
3641344,38.51234436035156
3645440,38.51234436035156
3649536,38.51234436035156
3653632,38.51234436035156
3657728,38.51234436035156
3661824,38.51234436035156
3665920,38.51234436035156
3670016,38.51234436035156
3674112,38.51234436035156
3678208,38.51234436035156
3682304,38.51234436035156
3686400,38.51234436035156
3690496,38.51234436035156
3694592,38.51234436035156
3698688,38.51234436035156
3702784,38.51234436035156
3706880,38.51234436035156
3710976,38.51234436035156
3715072,38.51234436035156
3719168,38.51234436035156
3723264,38.51234436035156
3727360,38.51234436035156
3731456,38.51234436035156
3735552,38.51234436035156
3739648,38.51234436035156
3743744,38.51234436035156
3747840,38.51234436035156
3751936,38.51234436035156
3756032,38.51234436035156
3760128,38.51234436035156
3764224,38.51234436035156
3768320,38.51234436035156
3772416,38.51234436035156
3776512,38.51234436035156
3780608,38.51234436035156
3784704,38.51234436035156
3788800,38.51234436035156
3792896,38.51234436035156
3796992,38.51234436035156
3801088,38.51234436035156
3805184,38.51234436035156
3809280,38.51234436035156
3813376,38.51234436035156
3817472,38.51234436035156
3821568,38.51234436035156
3825664,38.51234436035156
3829760,38.51234436035156
3833856,38.51234436035156
3837952,38.51234436035156
3842048,38.51234436035156
3846144,38.51234436035156
3850240,38.51234436035156
3854336,38.51234436035156
3858432,38.51234436035156
3862528,38.51234436035156
3866624,38.51234436035156
3870720,38.51234436035156
3874816,38.51234436035156
3878912,38.51234436035156
3883008,38.51234436035156
3887104,38.51234436035156
3891200,38.51234436035156
3895296,38.51234436035156
3899392,38.51234436035156
3903488,38.51234436035156
3907584,38.51234436035156
3911680,38.51234436035156
3915776,38.51234436035156
3919872,38.51234436035156
3923968,38.51234436035156
3928064,38.51234436035156
3932160,38.51234436035156
3936256,38.51234436035156
3940352,38.51234436035156
3944448,38.51234436035156
3948544,38.51234436035156
3952640,38.51234436035156
3956736,38.51234436035156
3960832,38.51234436035156
3964928,38.51234436035156
3969024,38.51234436035156
3973120,38.51234436035156
3977216,38.51234436035156
3981312,38.51234436035156
3985408,38.51234436035156
3989504,38.51234436035156
3993600,38.51234436035156
3997696,39.328125
4001792,39.328125
4005888,39.328125
4009984,39.328125
4014080,39.328125
4018176,39.328125
4022272,39.328125
4026368,39.328125
4030464,39.328125
4034560,39.328125
4038656,39.328125
4042752,39.328125
4046848,39.328125
4050944,39.328125
4055040,39.328125
4059136,39.328125
4063232,39.328125
4067328,39.328125
4071424,39.328125
4075520,39.328125
4079616,39.328125
4083712,39.328125
4087808,39.328125
4091904,39.328125
4096000,39.328125
4100096,39.328125
4104192,39.328125
4108288,39.328125
4112384,39.328125
4116480,39.328125
4120576,39.328125
4124672,39.328125
4128768,39.328125
4132864,39.328125
4136960,39.328125
4141056,39.328125
4145152,39.328125
4149248,39.328125
4153344,39.328125
4157440,39.328125
4161536,39.328125
4165632,39.328125
4169728,39.328125
4173824,39.328125
4177920,39.328125
4182016,39.328125
4186112,39.328125
4190208,39.328125
4194304,39.328125
4198400,39.328125
4202496,39.328125
4206592,39.328125
4210688,39.328125
4214784,39.328125
4218880,39.328125
4222976,39.328125
4227072,39.328125
4231168,39.328125
4235264,39.328125
4239360,39.328125
4243456,39.328125
4247552,39.328125
4251648,39.328125
4255744,39.328125
4259840,39.328125
4263936,39.328125
4268032,39.328125
4272128,39.328125
4276224,39.328125
4280320,39.328125
4284416,39.328125
4288512,39.328125
4292608,39.328125
4296704,39.328125
4300800,39.328125
4304896,39.328125
4308992,39.328125
4313088,39.328125
4317184,39.328125
4321280,39.328125
4325376,39.328125
4329472,39.328125
4333568,39.328125
4337664,39.328125
4341760,39.328125
4345856,39.328125
4349952,39.328125
4354048,39.328125
4358144,39.328125
4362240,39.328125
4366336,39.328125
4370432,39.328125
4374528,39.328125
4378624,39.328125
4382720,39.328125
4386816,39.328125
4390912,39.328125
4395008,39.328125
4399104,39.328125
4403200,39.328125
4407296,39.328125
4411392,39.328125
4415488,39.328125
4419584,39.328125
4423680,39.328125
4427776,39.328125
4431872,39.328125
4435968,39.328125
4440064,39.328125
4444160,39.328125
4448256,39.328125
4452352,39.328125
4456448,39.328125
4460544,39.328125
4464640,39.328125
4468736,39.328125
4472832,39.328125
4476928,39.328125
4481024,39.328125
4485120,39.328125
4489216,39.328125
4493312,39.328125
4497408,39.328125
4501504,39.328125
4505600,39.328125
4509696,39.328125
4513792,39.328125
4517888,39.328125
4521984,39.328125
4526080,39.328125
4530176,39.328125
4534272,39.328125
4538368,39.328125
4542464,39.328125
4546560,39.328125
4550656,39.328125
4554752,39.328125
4558848,39.328125
4562944,39.328125
4567040,39.328125
4571136,39.328125
4575232,39.328125
4579328,39.328125
4583424,39.328125
4587520,39.328125
4591616,39.328125
4595712,39.328125
4599808,39.328125
4603904,39.328125
4608000,39.328125
4612096,39.328125
4616192,39.328125
4620288,39.328125
4624384,39.328125
4628480,39.328125
4632576,39.328125
4636672,39.328125
4640768,39.328125
4644864,39.328125
4648960,39.328125
4653056,39.328125
4657152,39.328125
4661248,39.328125
4665344,39.328125
4669440,39.328125
4673536,39.328125
4677632,39.328125
4681728,39.328125
4685824,39.328125
4689920,39.328125
4694016,39.328125
4698112,39.328125
4702208,39.328125
4706304,39.328125
4710400,39.328125
4714496,39.328125
4718592,39.328125
4722688,39.328125
4726784,39.328125
4730880,39.328125
4734976,39.328125
4739072,39.328125
4743168,39.328125
4747264,39.328125
4751360,39.328125
4755456,39.328125
4759552,39.328125
4763648,39.328125
4767744,39.328125
4771840,39.328125
4775936,39.328125
4780032,39.328125
4784128,39.328125
4788224,39.328125
4792320,39.328125
4796416,39.328125
4800512,39.328125
4804608,39.328125
4808704,39.328125
4812800,39.328125
4816896,39.328125
4820992,39.328125
4825088,39.328125
4829184,39.328125
4833280,39.328125
4837376,39.328125
4841472,39.328125
4845568,39.328125
4849664,39.328125
4853760,39.328125
4857856,39.328125
4861952,39.328125
4866048,39.328125
4870144,39.328125
4874240,39.328125
4878336,39.328125
4882432,39.328125
4886528,39.328125
4890624,39.328125
4894720,39.328125
4898816,39.328125
4902912,39.328125
4907008,39.328125
4911104,39.328125
4915200,39.328125
4919296,39.328125
4923392,39.328125
4927488,39.328125
4931584,39.328125
4935680,39.328125
4939776,39.328125
4943872,39.328125
4947968,39.328125
4952064,39.328125
4956160,39.328125
4960256,39.328125
4964352,39.328125
4968448,39.328125
4972544,39.328125
4976640,39.328125
4980736,39.328125
4984832,39.328125
4988928,39.328125
4993024,39.328125
4997120,28.453125
5001216,28.453125
5005312,28.453125
5009408,28.453125
5013504,28.453125
5017600,28.453125
5021696,28.453125
5025792,28.453125
5029888,28.453125
5033984,28.453125
5038080,28.453125
5042176,28.453125
5046272,28.453125
5050368,28.453125
5054464,28.453125
5058560,28.453125
5062656,28.453125
5066752,28.453125
5070848,28.453125
5074944,28.453125
5079040,28.453125
5083136,28.453125
5087232,28.453125
5091328,28.453125
5095424,28.453125
5099520,28.453125
5103616,28.453125
5107712,28.453125
5111808,28.453125
5115904,28.453125
5120000,28.453125
5124096,28.453125
5128192,28.453125
5132288,28.453125
5136384,28.453125
5140480,28.453125
5144576,28.453125
5148672,28.453125
5152768,28.453125
5156864,28.453125
5160960,28.453125
5165056,28.453125
5169152,28.453125
5173248,28.453125
5177344,28.453125
5181440,28.453125
5185536,28.453125
5189632,28.453125
5193728,28.453125
5197824,28.453125
5201920,28.453125
5206016,28.453125
5210112,28.453125
5214208,28.453125
5218304,28.453125
5222400,28.453125
5226496,28.453125
5230592,28.453125
5234688,28.453125
5238784,28.453125
5242880,28.453125
5246976,28.453125
5251072,28.453125
5255168,28.453125
5259264,28.453125
5263360,28.453125
5267456,28.453125
5271552,28.453125
5275648,28.453125
5279744,28.453125
5283840,28.453125
5287936,28.453125
5292032,28.453125
5296128,28.453125
5300224,28.453125
5304320,28.453125
5308416,28.453125
5312512,28.453125
5316608,28.453125
5320704,28.453125
5324800,28.453125
5328896,28.453125
5332992,28.453125
5337088,28.453125
5341184,28.453125
5345280,28.453125
5349376,28.453125
5353472,28.453125
5357568,28.453125
5361664,28.453125
5365760,28.453125
5369856,28.453125
5373952,28.453125
5378048,28.453125
5382144,28.453125
5386240,28.453125
5390336,28.453125
5394432,28.453125
5398528,28.453125
5402624,28.453125
5406720,28.453125
5410816,28.453125
5414912,28.453125
5419008,28.453125
5423104,28.453125
5427200,28.453125
5431296,28.453125
5435392,28.453125
5439488,28.453125
5443584,28.453125
5447680,28.453125
5451776,28.453125
5455872,28.453125
5459968,28.453125
5464064,28.453125
5468160,28.453125
5472256,28.453125
5476352,28.453125
5480448,28.453125
5484544,28.453125
5488640,28.453125
5492736,28.453125
5496832,28.453125
5500928,28.453125
5505024,28.453125
5509120,28.453125
5513216,28.453125
5517312,28.453125
5521408,28.453125
5525504,28.453125
5529600,28.453125
5533696,28.453125
5537792,28.453125
5541888,28.453125
5545984,28.453125
5550080,28.453125
5554176,28.453125
5558272,28.453125
5562368,28.453125
5566464,28.453125
5570560,28.453125
5574656,28.453125
5578752,28.453125
5582848,28.453125
5586944,28.453125
5591040,28.453125
5595136,28.453125
5599232,28.453125
5603328,28.453125
5607424,28.453125
5611520,28.453125
5615616,28.453125
5619712,28.453125
5623808,28.453125
5627904,28.453125
5632000,28.453125
5636096,28.453125
5640192,28.453125
5644288,28.453125
5648384,28.453125
5652480,28.453125
5656576,28.453125
5660672,28.453125
5664768,28.453125
5668864,28.453125
5672960,28.453125
5677056,28.453125
5681152,28.453125
5685248,28.453125
5689344,28.453125
5693440,28.453125
5697536,28.453125
5701632,28.453125
5705728,28.453125
5709824,28.453125
5713920,28.453125
5718016,28.453125
5722112,28.453125
5726208,28.453125
5730304,28.453125
5734400,28.453125
5738496,28.453125
5742592,28.453125
5746688,28.453125
5750784,28.453125
5754880,28.453125
5758976,28.453125
5763072,28.453125
5767168,28.453125
5771264,28.453125
5775360,28.453125
5779456,28.453125
5783552,28.453125
5787648,28.453125
5791744,28.453125
5795840,28.453125
5799936,28.453125
5804032,28.453125
5808128,28.453125
5812224,28.453125
5816320,28.453125
5820416,28.453125
5824512,28.453125
5828608,28.453125
5832704,28.453125
5836800,28.453125
5840896,28.453125
5844992,28.453125
5849088,28.453125
5853184,28.453125
5857280,28.453125
5861376,28.453125
5865472,28.453125
5869568,28.453125
5873664,28.453125
5877760,28.453125
5881856,28.453125
5885952,28.453125
5890048,28.453125
5894144,28.453125
5898240,28.453125
5902336,28.453125
5906432,28.453125
5910528,28.453125
5914624,28.453125
5918720,28.453125
5922816,28.453125
5926912,28.453125
5931008,28.453125
5935104,28.453125
5939200,28.453125
5943296,28.453125
5947392,28.453125
5951488,28.453125
5955584,28.453125
5959680,28.453125
5963776,28.453125
5967872,28.453125
5971968,28.453125
5976064,28.453125
5980160,28.453125
5984256,28.453125
5988352,28.453125
5992448,28.453125
5996544,65.0859375
6000640,65.0859375
6004736,65.0859375
6008832,65.0859375
6012928,65.0859375
6017024,65.0859375
6021120,65.0859375
6025216,65.0859375
6029312,65.0859375
6033408,65.0859375
6037504,65.0859375
6041600,65.0859375
6045696,65.0859375
6049792,65.0859375
6053888,65.0859375
6057984,65.0859375
6062080,65.0859375
6066176,65.0859375
6070272,65.0859375
6074368,65.0859375
6078464,65.0859375
6082560,65.0859375
6086656,65.0859375
6090752,65.0859375
6094848,65.0859375
6098944,65.0859375
6103040,65.0859375
6107136,65.0859375
6111232,65.0859375
6115328,65.0859375
6119424,65.0859375
6123520,65.0859375
6127616,65.0859375
6131712,65.0859375
6135808,65.0859375
6139904,65.0859375
6144000,65.0859375
6148096,65.0859375
6152192,65.0859375
6156288,65.0859375
6160384,65.0859375
6164480,65.0859375
6168576,65.0859375
6172672,65.0859375
6176768,65.0859375
6180864,65.0859375
6184960,65.0859375
6189056,65.0859375
6193152,65.0859375
6197248,65.0859375
6201344,65.0859375
6205440,65.0859375
6209536,65.0859375
6213632,65.0859375
6217728,65.0859375
6221824,65.0859375
6225920,65.0859375
6230016,65.0859375
6234112,65.0859375
6238208,65.0859375
6242304,65.0859375
6246400,65.0859375
6250496,65.0859375
6254592,65.0859375
6258688,65.0859375
6262784,65.0859375
6266880,65.0859375
6270976,65.0859375
6275072,65.0859375
6279168,65.0859375
6283264,65.0859375
6287360,65.0859375
6291456,65.0859375
6295552,65.0859375
6299648,65.0859375
6303744,65.0859375
6307840,65.0859375
6311936,65.0859375
6316032,65.0859375
6320128,65.0859375
6324224,65.0859375
6328320,65.0859375
6332416,65.0859375
6336512,65.0859375
6340608,65.0859375
6344704,65.0859375
6348800,65.0859375
6352896,65.0859375
6356992,65.0859375
6361088,65.0859375
6365184,65.0859375
6369280,65.0859375
6373376,65.0859375
6377472,65.0859375
6381568,65.0859375
6385664,65.0859375
6389760,65.0859375
6393856,65.0859375
6397952,65.0859375
6402048,65.0859375
6406144,65.0859375
6410240,65.0859375
6414336,65.0859375
6418432,65.0859375
6422528,65.0859375
6426624,65.0859375
6430720,65.0859375
6434816,65.0859375
6438912,65.0859375
6443008,65.0859375
6447104,65.0859375
6451200,65.0859375
6455296,65.0859375
6459392,65.0859375
6463488,65.0859375
6467584,65.0859375
6471680,65.0859375
6475776,65.0859375
6479872,65.0859375
6483968,65.0859375
6488064,65.0859375
6492160,65.0859375
6496256,65.0859375
6500352,65.0859375
6504448,65.0859375
6508544,65.0859375
6512640,65.0859375
6516736,65.0859375
6520832,65.0859375
6524928,65.0859375
6529024,65.0859375
6533120,65.0859375
6537216,65.0859375
6541312,65.0859375
6545408,65.0859375
6549504,65.0859375
6553600,65.0859375
6557696,65.0859375
6561792,65.0859375
6565888,65.0859375
6569984,65.0859375
6574080,65.0859375
6578176,65.0859375
6582272,65.0859375
6586368,65.0859375
6590464,65.0859375
6594560,65.0859375
6598656,65.0859375
6602752,65.0859375
6606848,65.0859375
6610944,65.0859375
6615040,65.0859375
6619136,65.0859375
6623232,65.0859375
6627328,65.0859375
6631424,65.0859375
6635520,65.0859375
6639616,65.0859375
6643712,65.0859375
6647808,65.0859375
6651904,65.0859375
6656000,65.0859375
6660096,65.0859375
6664192,65.0859375
6668288,65.0859375
6672384,65.0859375
6676480,65.0859375
6680576,65.0859375
6684672,65.0859375
6688768,65.0859375
6692864,65.0859375
6696960,65.0859375
6701056,65.0859375
6705152,65.0859375
6709248,65.0859375
6713344,65.0859375
6717440,65.0859375
6721536,65.0859375
6725632,65.0859375
6729728,65.0859375
6733824,65.0859375
6737920,65.0859375
6742016,65.0859375
6746112,65.0859375
6750208,65.0859375
6754304,65.0859375
6758400,65.0859375
6762496,65.0859375
6766592,65.0859375
6770688,65.0859375
6774784,65.0859375
6778880,65.0859375
6782976,65.0859375
6787072,65.0859375
6791168,65.0859375
6795264,65.0859375
6799360,65.0859375
6803456,65.0859375
6807552,65.0859375
6811648,65.0859375
6815744,65.0859375
6819840,65.0859375
6823936,65.0859375
6828032,65.0859375
6832128,65.0859375
6836224,65.0859375
6840320,65.0859375
6844416,65.0859375
6848512,65.0859375
6852608,65.0859375
6856704,65.0859375
6860800,65.0859375
6864896,65.0859375
6868992,65.0859375
6873088,65.0859375
6877184,65.0859375
6881280,65.0859375
6885376,65.0859375
6889472,65.0859375
6893568,65.0859375
6897664,65.0859375
6901760,65.0859375
6905856,65.0859375
6909952,65.0859375
6914048,65.0859375
6918144,65.0859375
6922240,65.0859375
6926336,65.0859375
6930432,65.0859375
6934528,65.0859375
6938624,65.0859375
6942720,65.0859375
6946816,65.0859375
6950912,65.0859375
6955008,65.0859375
6959104,65.0859375
6963200,65.0859375
6967296,65.0859375
6971392,65.0859375
6975488,65.0859375
6979584,65.0859375
6983680,65.0859375
6987776,65.0859375
6991872,65.0859375
6995968,64.0625
7000064,64.0625
7004160,64.0625
7008256,64.0625
7012352,64.0625
7016448,64.0625
7020544,64.0625
7024640,64.0625
7028736,64.0625
7032832,64.0625
7036928,64.0625
7041024,64.0625
7045120,64.0625
7049216,64.0625
7053312,64.0625
7057408,64.0625
7061504,64.0625
7065600,64.0625
7069696,64.0625
7073792,64.0625
7077888,64.0625
7081984,64.0625
7086080,64.0625
7090176,64.0625
7094272,64.0625
7098368,64.0625
7102464,64.0625
7106560,64.0625
7110656,64.0625
7114752,64.0625
7118848,64.0625
7122944,64.0625
7127040,64.0625
7131136,64.0625
7135232,64.0625
7139328,64.0625
7143424,64.0625
7147520,64.0625
7151616,64.0625
7155712,64.0625
7159808,64.0625
7163904,64.0625
7168000,64.0625
7172096,64.0625
7176192,64.0625
7180288,64.0625
7184384,64.0625
7188480,64.0625
7192576,64.0625
7196672,64.0625
7200768,64.0625
7204864,64.0625
7208960,64.0625
7213056,64.0625
7217152,64.0625
7221248,64.0625
7225344,64.0625
7229440,64.0625
7233536,64.0625
7237632,64.0625
7241728,64.0625
7245824,64.0625
7249920,64.0625
7254016,64.0625
7258112,64.0625
7262208,64.0625
7266304,64.0625
7270400,64.0625
7274496,64.0625
7278592,64.0625
7282688,64.0625
7286784,64.0625
7290880,64.0625
7294976,64.0625
7299072,64.0625
7303168,64.0625
7307264,64.0625
7311360,64.0625
7315456,64.0625
7319552,64.0625
7323648,64.0625
7327744,64.0625
7331840,64.0625
7335936,64.0625
7340032,64.0625
7344128,64.0625
7348224,64.0625
7352320,64.0625
7356416,64.0625
7360512,64.0625
7364608,64.0625
7368704,64.0625
7372800,64.0625
7376896,64.0625
7380992,64.0625
7385088,64.0625
7389184,64.0625
7393280,64.0625
7397376,64.0625
7401472,64.0625
7405568,64.0625
7409664,64.0625
7413760,64.0625
7417856,64.0625
7421952,64.0625
7426048,64.0625
7430144,64.0625
7434240,64.0625
7438336,64.0625
7442432,64.0625
7446528,64.0625
7450624,64.0625
7454720,64.0625
7458816,64.0625
7462912,64.0625
7467008,64.0625
7471104,64.0625
7475200,64.0625
7479296,64.0625
7483392,64.0625
7487488,64.0625
7491584,64.0625
7495680,64.0625
7499776,64.0625
7503872,64.0625
7507968,64.0625
7512064,64.0625
7516160,64.0625
7520256,64.0625
7524352,64.0625
7528448,64.0625
7532544,64.0625
7536640,64.0625
7540736,64.0625
7544832,64.0625
7548928,64.0625
7553024,64.0625
7557120,64.0625
7561216,64.0625
7565312,64.0625
7569408,64.0625
7573504,64.0625
7577600,64.0625
7581696,64.0625
7585792,64.0625
7589888,64.0625
7593984,64.0625
7598080,64.0625
7602176,64.0625
7606272,64.0625
7610368,64.0625
7614464,64.0625
7618560,64.0625
7622656,64.0625
7626752,64.0625
7630848,64.0625
7634944,64.0625
7639040,64.0625
7643136,64.0625
7647232,64.0625
7651328,64.0625
7655424,64.0625
7659520,64.0625
7663616,64.0625
7667712,64.0625
7671808,64.0625
7675904,64.0625
7680000,64.0625
7684096,64.0625
7688192,64.0625
7692288,64.0625
7696384,64.0625
7700480,64.0625
7704576,64.0625
7708672,64.0625
7712768,64.0625
7716864,64.0625
7720960,64.0625
7725056,64.0625
7729152,64.0625
7733248,64.0625
7737344,64.0625
7741440,64.0625
7745536,64.0625
7749632,64.0625
7753728,64.0625
7757824,64.0625
7761920,64.0625
7766016,64.0625
7770112,64.0625
7774208,64.0625
7778304,64.0625
7782400,64.0625
7786496,64.0625
7790592,64.0625
7794688,64.0625
7798784,64.0625
7802880,64.0625
7806976,64.0625
7811072,64.0625
7815168,64.0625
7819264,64.0625
7823360,64.0625
7827456,64.0625
7831552,64.0625
7835648,64.0625
7839744,64.0625
7843840,64.0625
7847936,64.0625
7852032,64.0625
7856128,64.0625
7860224,64.0625
7864320,64.0625
7868416,64.0625
7872512,64.0625
7876608,64.0625
7880704,64.0625
7884800,64.0625
7888896,64.0625
7892992,64.0625
7897088,64.0625
7901184,64.0625
7905280,64.0625
7909376,64.0625
7913472,64.0625
7917568,64.0625
7921664,64.0625
7925760,64.0625
7929856,64.0625
7933952,64.0625
7938048,64.0625
7942144,64.0625
7946240,64.0625
7950336,64.0625
7954432,64.0625
7958528,64.0625
7962624,64.0625
7966720,64.0625
7970816,64.0625
7974912,64.0625
7979008,64.0625
7983104,64.0625
7987200,64.0625
7991296,64.0625
7995392,43.9375
7999488,43.9375
8003584,43.9375
8007680,43.9375
8011776,43.9375
8015872,43.9375
8019968,43.9375
8024064,43.9375
8028160,43.9375
8032256,43.9375
8036352,43.9375
8040448,43.9375
8044544,43.9375
8048640,43.9375
8052736,43.9375
8056832,43.9375
8060928,43.9375
8065024,43.9375
8069120,43.9375
8073216,43.9375
8077312,43.9375
8081408,43.9375
8085504,43.9375
8089600,43.9375
8093696,43.9375
8097792,43.9375
8101888,43.9375
8105984,43.9375
8110080,43.9375
8114176,43.9375
8118272,43.9375
8122368,43.9375
8126464,43.9375
8130560,43.9375
8134656,43.9375
8138752,43.9375
8142848,43.9375
8146944,43.9375
8151040,43.9375
8155136,43.9375
8159232,43.9375
8163328,43.9375
8167424,43.9375
8171520,43.9375
8175616,43.9375
8179712,43.9375
8183808,43.9375
8187904,43.9375
8192000,43.9375
8196096,43.9375
8200192,43.9375
8204288,43.9375
8208384,43.9375
8212480,43.9375
8216576,43.9375
8220672,43.9375
8224768,43.9375
8228864,43.9375
8232960,43.9375
8237056,43.9375
8241152,43.9375
8245248,43.9375
8249344,43.9375
8253440,43.9375
8257536,43.9375
8261632,43.9375
8265728,43.9375
8269824,43.9375
8273920,43.9375
8278016,43.9375
8282112,43.9375
8286208,43.9375
8290304,43.9375
8294400,43.9375
8298496,43.9375
8302592,43.9375
8306688,43.9375
8310784,43.9375
8314880,43.9375
8318976,43.9375
8323072,43.9375
8327168,43.9375
8331264,43.9375
8335360,43.9375
8339456,43.9375
8343552,43.9375
8347648,43.9375
8351744,43.9375
8355840,43.9375
8359936,43.9375
8364032,43.9375
8368128,43.9375
8372224,43.9375
8376320,43.9375
8380416,43.9375
8384512,43.9375
8388608,43.9375
8392704,43.9375
8396800,43.9375
8400896,43.9375
8404992,43.9375
8409088,43.9375
8413184,43.9375
8417280,43.9375
8421376,43.9375
8425472,43.9375
8429568,43.9375
8433664,43.9375
8437760,43.9375
8441856,43.9375
8445952,43.9375
8450048,43.9375
8454144,43.9375
8458240,43.9375
8462336,43.9375
8466432,43.9375
8470528,43.9375
8474624,43.9375
8478720,43.9375
8482816,43.9375
8486912,43.9375
8491008,43.9375
8495104,43.9375
8499200,43.9375
8503296,43.9375
8507392,43.9375
8511488,43.9375
8515584,43.9375
8519680,43.9375
8523776,43.9375
8527872,43.9375
8531968,43.9375
8536064,43.9375
8540160,43.9375
8544256,43.9375
8548352,43.9375
8552448,43.9375
8556544,43.9375
8560640,43.9375
8564736,43.9375
8568832,43.9375
8572928,43.9375
8577024,43.9375
8581120,43.9375
8585216,43.9375
8589312,43.9375
8593408,43.9375
8597504,43.9375
8601600,43.9375
8605696,43.9375
8609792,43.9375
8613888,43.9375
8617984,43.9375
8622080,43.9375
8626176,43.9375
8630272,43.9375
8634368,43.9375
8638464,43.9375
8642560,43.9375
8646656,43.9375
8650752,43.9375
8654848,43.9375
8658944,43.9375
8663040,43.9375
8667136,43.9375
8671232,43.9375
8675328,43.9375
8679424,43.9375
8683520,43.9375
8687616,43.9375
8691712,43.9375
8695808,43.9375
8699904,43.9375
8704000,43.9375
8708096,43.9375
8712192,43.9375
8716288,43.9375
8720384,43.9375
8724480,43.9375
8728576,43.9375
8732672,43.9375
8736768,43.9375
8740864,43.9375
8744960,43.9375
8749056,43.9375
8753152,43.9375
8757248,43.9375
8761344,43.9375
8765440,43.9375
8769536,43.9375
8773632,43.9375
8777728,43.9375
8781824,43.9375
8785920,43.9375
8790016,43.9375
8794112,43.9375
8798208,43.9375
8802304,43.9375
8806400,43.9375
8810496,43.9375
8814592,43.9375
8818688,43.9375
8822784,43.9375
8826880,43.9375
8830976,43.9375
8835072,43.9375
8839168,43.9375
8843264,43.9375
8847360,43.9375
8851456,43.9375
8855552,43.9375
8859648,43.9375
8863744,43.9375
8867840,43.9375
8871936,43.9375
8876032,43.9375
8880128,43.9375
8884224,43.9375
8888320,43.9375
8892416,43.9375
8896512,43.9375
8900608,43.9375
8904704,43.9375
8908800,43.9375
8912896,43.9375
8916992,43.9375
8921088,43.9375
8925184,43.9375
8929280,43.9375
8933376,43.9375
8937472,43.9375
8941568,43.9375
8945664,43.9375
8949760,43.9375
8953856,43.9375
8957952,43.9375
8962048,43.9375
8966144,43.9375
8970240,43.9375
8974336,43.9375
8978432,43.9375
8982528,43.9375
8986624,43.9375
8990720,43.9375
8994816,51.5078125
8998912,51.5078125
9003008,51.5078125
9007104,51.5078125
9011200,51.5078125
9015296,51.5078125
9019392,51.5078125
9023488,51.5078125
9027584,51.5078125
9031680,51.5078125
9035776,51.5078125
9039872,51.5078125
9043968,51.5078125
9048064,51.5078125
9052160,51.5078125
9056256,51.5078125
9060352,51.5078125
9064448,51.5078125
9068544,51.5078125
9072640,51.5078125
9076736,51.5078125
9080832,51.5078125
9084928,51.5078125
9089024,51.5078125
9093120,51.5078125
9097216,51.5078125
9101312,51.5078125
9105408,51.5078125
9109504,51.5078125
9113600,51.5078125
9117696,51.5078125
9121792,51.5078125
9125888,51.5078125
9129984,51.5078125
9134080,51.5078125
9138176,51.5078125
9142272,51.5078125
9146368,51.5078125
9150464,51.5078125
9154560,51.5078125
9158656,51.5078125
9162752,51.5078125
9166848,51.5078125
9170944,51.5078125
9175040,51.5078125
9179136,51.5078125
9183232,51.5078125
9187328,51.5078125
9191424,51.5078125
9195520,51.5078125
9199616,51.5078125
9203712,51.5078125
9207808,51.5078125
9211904,51.5078125
9216000,51.5078125
9220096,51.5078125
9224192,51.5078125
9228288,51.5078125
9232384,51.5078125
9236480,51.5078125
9240576,51.5078125
9244672,51.5078125
9248768,51.5078125
9252864,51.5078125
9256960,51.5078125
9261056,51.5078125
9265152,51.5078125
9269248,51.5078125
9273344,51.5078125
9277440,51.5078125
9281536,51.5078125
9285632,51.5078125
9289728,51.5078125
9293824,51.5078125
9297920,51.5078125
9302016,51.5078125
9306112,51.5078125
9310208,51.5078125
9314304,51.5078125
9318400,51.5078125
9322496,51.5078125
9326592,51.5078125
9330688,51.5078125
9334784,51.5078125
9338880,51.5078125
9342976,51.5078125
9347072,51.5078125
9351168,51.5078125
9355264,51.5078125
9359360,51.5078125
9363456,51.5078125
9367552,51.5078125
9371648,51.5078125
9375744,51.5078125
9379840,51.5078125
9383936,51.5078125
9388032,51.5078125
9392128,51.5078125
9396224,51.5078125
9400320,51.5078125
9404416,51.5078125
9408512,51.5078125
9412608,51.5078125
9416704,51.5078125
9420800,51.5078125
9424896,51.5078125
9428992,51.5078125
9433088,51.5078125
9437184,51.5078125
9441280,51.5078125
9445376,51.5078125
9449472,51.5078125
9453568,51.5078125
9457664,51.5078125
9461760,51.5078125
9465856,51.5078125
9469952,51.5078125
9474048,51.5078125
9478144,51.5078125
9482240,51.5078125
9486336,51.5078125
9490432,51.5078125
9494528,51.5078125
9498624,51.5078125
9502720,51.5078125
9506816,51.5078125
9510912,51.5078125
9515008,51.5078125
9519104,51.5078125
9523200,51.5078125
9527296,51.5078125
9531392,51.5078125
9535488,51.5078125
9539584,51.5078125
9543680,51.5078125
9547776,51.5078125
9551872,51.5078125
9555968,51.5078125
9560064,51.5078125
9564160,51.5078125
9568256,51.5078125
9572352,51.5078125
9576448,51.5078125
9580544,51.5078125
9584640,51.5078125
9588736,51.5078125
9592832,51.5078125
9596928,51.5078125
9601024,51.5078125
9605120,51.5078125
9609216,51.5078125
9613312,51.5078125
9617408,51.5078125
9621504,51.5078125
9625600,51.5078125
9629696,51.5078125
9633792,51.5078125
9637888,51.5078125
9641984,51.5078125
9646080,51.5078125
9650176,51.5078125
9654272,51.5078125
9658368,51.5078125
9662464,51.5078125
9666560,51.5078125
9670656,51.5078125
9674752,51.5078125
9678848,51.5078125
9682944,51.5078125
9687040,51.5078125
9691136,51.5078125
9695232,51.5078125
9699328,51.5078125
9703424,51.5078125
9707520,51.5078125
9711616,51.5078125
9715712,51.5078125
9719808,51.5078125
9723904,51.5078125
9728000,51.5078125
9732096,51.5078125
9736192,51.5078125
9740288,51.5078125
9744384,51.5078125
9748480,51.5078125
9752576,51.5078125
9756672,51.5078125
9760768,51.5078125
9764864,51.5078125
9768960,51.5078125
9773056,51.5078125
9777152,51.5078125
9781248,51.5078125
9785344,51.5078125
9789440,51.5078125
9793536,51.5078125
9797632,51.5078125
9801728,51.5078125
9805824,51.5078125
9809920,51.5078125
9814016,51.5078125
9818112,51.5078125
9822208,51.5078125
9826304,51.5078125
9830400,51.5078125
9834496,51.5078125
9838592,51.5078125
9842688,51.5078125
9846784,51.5078125
9850880,51.5078125
9854976,51.5078125
9859072,51.5078125
9863168,51.5078125
9867264,51.5078125
9871360,51.5078125
9875456,51.5078125
9879552,51.5078125
9883648,51.5078125
9887744,51.5078125
9891840,51.5078125
9895936,51.5078125
9900032,51.5078125
9904128,51.5078125
9908224,51.5078125
9912320,51.5078125
9916416,51.5078125
9920512,51.5078125
9924608,51.5078125
9928704,51.5078125
9932800,51.5078125
9936896,51.5078125
9940992,51.5078125
9945088,51.5078125
9949184,51.5078125
9953280,51.5078125
9957376,51.5078125
9961472,51.5078125
9965568,51.5078125
9969664,51.5078125
9973760,51.5078125
9977856,51.5078125
9981952,51.5078125
9986048,51.5078125
9990144,51.5078125
9994240,77.5
9998336,77.5
10002432,77.5
10006528,77.5
10010624,77.5
10014720,77.5
10018816,77.5
10022912,77.5
10027008,77.5
10031104,77.5
10035200,77.5
10039296,77.5
10043392,77.5
10047488,77.5
10051584,77.5
10055680,77.5
10059776,77.5
10063872,77.5
10067968,77.5
10072064,77.5
10076160,77.5
10080256,77.5
10084352,77.5
10088448,77.5
10092544,77.5
10096640,77.5
10100736,77.5
10104832,77.5
10108928,77.5
10113024,77.5
10117120,77.5
10121216,77.5
10125312,77.5
10129408,77.5
10133504,77.5
10137600,77.5
10141696,77.5
10145792,77.5
10149888,77.5
10153984,77.5
10158080,77.5
10162176,77.5
10166272,77.5
10170368,77.5
10174464,77.5
10178560,77.5
10182656,77.5
10186752,77.5
10190848,77.5
10194944,77.5
10199040,77.5
10203136,77.5
10207232,77.5
10211328,77.5
10215424,77.5
10219520,77.5
10223616,77.5
10227712,77.5
10231808,77.5
10235904,77.5
10240000,77.5
10244096,77.5
10248192,77.5
10252288,77.5
10256384,77.5
10260480,77.5
10264576,77.5
10268672,77.5
10272768,77.5
10276864,77.5
10280960,77.5
10285056,77.5
10289152,77.5
10293248,77.5
10297344,77.5
10301440,77.5
10305536,77.5
10309632,77.5
10313728,77.5
10317824,77.5
10321920,77.5
10326016,77.5
10330112,77.5
10334208,77.5
10338304,77.5
10342400,77.5
10346496,77.5
10350592,77.5
10354688,77.5
10358784,77.5
10362880,77.5
10366976,77.5
10371072,77.5
10375168,77.5
10379264,77.5
10383360,77.5
10387456,77.5
10391552,77.5
10395648,77.5
10399744,77.5
10403840,77.5
10407936,77.5
10412032,77.5
10416128,77.5
10420224,77.5
10424320,77.5
10428416,77.5
10432512,77.5
10436608,77.5
10440704,77.5
10444800,77.5
10448896,77.5
10452992,77.5
10457088,77.5
10461184,77.5
10465280,77.5
10469376,77.5
10473472,77.5
10477568,77.5
10481664,77.5
10485760,77.5
10489856,77.5
10493952,77.5
10498048,77.5
10502144,77.5
10506240,77.5
10510336,77.5
10514432,77.5
10518528,77.5
10522624,77.5
10526720,77.5
10530816,77.5
10534912,77.5
10539008,77.5
10543104,77.5
10547200,77.5
10551296,77.5
10555392,77.5
10559488,77.5
10563584,77.5
10567680,77.5
10571776,77.5
10575872,77.5
10579968,77.5
10584064,77.5
10588160,77.5
10592256,77.5
10596352,77.5
10600448,77.5
10604544,77.5
10608640,77.5
10612736,77.5
10616832,77.5
10620928,77.5
10625024,77.5
10629120,77.5
10633216,77.5
10637312,77.5
10641408,77.5
10645504,77.5
10649600,77.5
10653696,77.5
10657792,77.5
10661888,77.5
10665984,77.5
10670080,77.5
10674176,77.5
10678272,77.5
10682368,77.5
10686464,77.5
10690560,77.5
10694656,77.5
10698752,77.5
10702848,77.5
10706944,77.5
10711040,77.5
10715136,77.5
10719232,77.5
10723328,77.5
10727424,77.5
10731520,77.5
10735616,77.5
10739712,77.5
10743808,77.5
10747904,77.5
10752000,77.5
10756096,77.5
10760192,77.5
10764288,77.5
10768384,77.5
10772480,77.5
10776576,77.5
10780672,77.5
10784768,77.5
10788864,77.5
10792960,77.5
10797056,77.5
10801152,77.5
10805248,77.5
10809344,77.5
10813440,77.5
10817536,77.5
10821632,77.5
10825728,77.5
10829824,77.5
10833920,77.5
10838016,77.5
10842112,77.5
10846208,77.5
10850304,77.5
10854400,77.5
10858496,77.5
10862592,77.5
10866688,77.5
10870784,77.5
10874880,77.5
10878976,77.5
10883072,77.5
10887168,77.5
10891264,77.5
10895360,77.5
10899456,77.5
10903552,77.5
10907648,77.5
10911744,77.5
10915840,77.5
10919936,77.5
10924032,77.5
10928128,77.5
10932224,77.5
10936320,77.5
10940416,77.5
10944512,77.5
10948608,77.5
10952704,77.5
10956800,77.5
10960896,77.5
10964992,77.5
10969088,77.5
10973184,77.5
10977280,77.5
10981376,77.5
10985472,77.5
10989568,77.5
10993664,77.875
10997760,77.875
11001856,77.875
11005952,77.875
11010048,77.875
11014144,77.875
11018240,77.875
11022336,77.875
11026432,77.875
11030528,77.875
11034624,77.875
11038720,77.875
11042816,77.875
11046912,77.875
11051008,77.875
11055104,77.875
11059200,77.875
11063296,77.875
11067392,77.875
11071488,77.875
11075584,77.875
11079680,77.875
11083776,77.875
11087872,77.875
11091968,77.875
11096064,77.875
11100160,77.875
11104256,77.875
11108352,77.875
11112448,77.875
11116544,77.875
11120640,77.875
11124736,77.875
11128832,77.875
11132928,77.875
11137024,77.875
11141120,77.875
11145216,77.875
11149312,77.875
11153408,77.875
11157504,77.875
11161600,77.875
11165696,77.875
11169792,77.875
11173888,77.875
11177984,77.875
11182080,77.875
11186176,77.875
11190272,77.875
11194368,77.875
11198464,77.875
11202560,77.875
11206656,77.875
11210752,77.875
11214848,77.875
11218944,77.875
11223040,77.875
11227136,77.875
11231232,77.875
11235328,77.875
11239424,77.875
11243520,77.875
11247616,77.875
11251712,77.875
11255808,77.875
11259904,77.875
11264000,77.875
11268096,77.875
11272192,77.875
11276288,77.875
11280384,77.875
11284480,77.875
11288576,77.875
11292672,77.875
11296768,77.875
11300864,77.875
11304960,77.875
11309056,77.875
11313152,77.875
11317248,77.875
11321344,77.875
11325440,77.875
11329536,77.875
11333632,77.875
11337728,77.875
11341824,77.875
11345920,77.875
11350016,77.875
11354112,77.875
11358208,77.875
11362304,77.875
11366400,77.875
11370496,77.875
11374592,77.875
11378688,77.875
11382784,77.875
11386880,77.875
11390976,77.875
11395072,77.875
11399168,77.875
11403264,77.875
11407360,77.875
11411456,77.875
11415552,77.875
11419648,77.875
11423744,77.875
11427840,77.875
11431936,77.875
11436032,77.875
11440128,77.875
11444224,77.875
11448320,77.875
11452416,77.875
11456512,77.875
11460608,77.875
11464704,77.875
11468800,77.875
11472896,77.875
11476992,77.875
11481088,77.875
11485184,77.875
11489280,77.875
11493376,77.875
11497472,77.875
11501568,77.875
11505664,77.875
11509760,77.875
11513856,77.875
11517952,77.875
11522048,77.875
11526144,77.875
11530240,77.875
11534336,77.875
11538432,77.875
11542528,77.875
11546624,77.875
11550720,77.875
11554816,77.875
11558912,77.875
11563008,77.875
11567104,77.875
11571200,77.875
11575296,77.875
11579392,77.875
11583488,77.875
11587584,77.875
11591680,77.875
11595776,77.875
11599872,77.875
11603968,77.875
11608064,77.875
11612160,77.875
11616256,77.875
11620352,77.875
11624448,77.875
11628544,77.875
11632640,77.875
11636736,77.875
11640832,77.875
11644928,77.875
11649024,77.875
11653120,77.875
11657216,77.875
11661312,77.875
11665408,77.875
11669504,77.875
11673600,77.875
11677696,77.875
11681792,77.875
11685888,77.875
11689984,77.875
11694080,77.875
11698176,77.875
11702272,77.875
11706368,77.875
11710464,77.875
11714560,77.875
11718656,77.875
11722752,77.875
11726848,77.875
11730944,77.875
11735040,77.875
11739136,77.875
11743232,77.875
11747328,77.875
11751424,77.875
11755520,77.875
11759616,77.875
11763712,77.875
11767808,77.875
11771904,77.875
11776000,77.875
11780096,77.875
11784192,77.875
11788288,77.875
11792384,77.875
11796480,77.875
11800576,77.875
11804672,77.875
11808768,77.875
11812864,77.875
11816960,77.875
11821056,77.875
11825152,77.875
11829248,77.875
11833344,77.875
11837440,77.875
11841536,77.875
11845632,77.875
11849728,77.875
11853824,77.875
11857920,77.875
11862016,77.875
11866112,77.875
11870208,77.875
11874304,77.875
11878400,77.875
11882496,77.875
11886592,77.875
11890688,77.875
11894784,77.875
11898880,77.875
11902976,77.875
11907072,77.875
11911168,77.875
11915264,77.875
11919360,77.875
11923456,77.875
11927552,77.875
11931648,77.875
11935744,77.875
11939840,77.875
11943936,77.875
11948032,77.875
11952128,77.875
11956224,77.875
11960320,77.875
11964416,77.875
11968512,77.875
11972608,77.875
11976704,77.875
11980800,77.875
11984896,77.875
11988992,77.875
11993088,81.515625
11997184,81.515625
12001280,81.515625
12005376,81.515625
12009472,81.515625
12013568,81.515625
12017664,81.515625
12021760,81.515625
12025856,81.515625
12029952,81.515625
12034048,81.515625
12038144,81.515625
12042240,81.515625
12046336,81.515625
12050432,81.515625
12054528,81.515625
12058624,81.515625
12062720,81.515625
12066816,81.515625
12070912,81.515625
12075008,81.515625
12079104,81.515625
12083200,81.515625
12087296,81.515625
12091392,81.515625
12095488,81.515625
12099584,81.515625
12103680,81.515625
12107776,81.515625
12111872,81.515625
12115968,81.515625
12120064,81.515625
12124160,81.515625
12128256,81.515625
12132352,81.515625
12136448,81.515625
12140544,81.515625
12144640,81.515625
12148736,81.515625
12152832,81.515625
12156928,81.515625
12161024,81.515625
12165120,81.515625
12169216,81.515625
12173312,81.515625
12177408,81.515625
12181504,81.515625
12185600,81.515625
12189696,81.515625
12193792,81.515625
12197888,81.515625
12201984,81.515625
12206080,81.515625
12210176,81.515625
12214272,81.515625
12218368,81.515625
12222464,81.515625
12226560,81.515625
12230656,81.515625
12234752,81.515625
12238848,81.515625
12242944,81.515625
12247040,81.515625
12251136,81.515625
12255232,81.515625
12259328,81.515625
12263424,81.515625
12267520,81.515625
12271616,81.515625
12275712,81.515625
12279808,81.515625
12283904,81.515625
12288000,81.515625
12292096,81.515625
12296192,81.515625
12300288,81.515625
12304384,81.515625
12308480,81.515625
12312576,81.515625
12316672,81.515625
12320768,81.515625
12324864,81.515625
12328960,81.515625
12333056,81.515625
12337152,81.515625
12341248,81.515625
12345344,81.515625
12349440,81.515625
12353536,81.515625
12357632,81.515625
12361728,81.515625
12365824,81.515625
12369920,81.515625
12374016,81.515625
12378112,81.515625
12382208,81.515625
12386304,81.515625
12390400,81.515625
12394496,81.515625
12398592,81.515625
12402688,81.515625
12406784,81.515625
12410880,81.515625
12414976,81.515625
12419072,81.515625
12423168,81.515625
12427264,81.515625
12431360,81.515625
12435456,81.515625
12439552,81.515625
12443648,81.515625
12447744,81.515625
12451840,81.515625
12455936,81.515625
12460032,81.515625
12464128,81.515625
12468224,81.515625
12472320,81.515625
12476416,81.515625
12480512,81.515625
12484608,81.515625
12488704,81.515625
12492800,81.515625
12496896,81.515625
12500992,81.515625
12505088,81.515625
12509184,81.515625
12513280,81.515625
12517376,81.515625
12521472,81.515625
12525568,81.515625
12529664,81.515625
12533760,81.515625
12537856,81.515625
12541952,81.515625
12546048,81.515625
12550144,81.515625
12554240,81.515625
12558336,81.515625
12562432,81.515625
12566528,81.515625
12570624,81.515625
12574720,81.515625
12578816,81.515625
12582912,81.515625
12587008,81.515625
12591104,81.515625
12595200,81.515625
12599296,81.515625
12603392,81.515625
12607488,81.515625
12611584,81.515625
12615680,81.515625
12619776,81.515625
12623872,81.515625
12627968,81.515625
12632064,81.515625
12636160,81.515625
12640256,81.515625
12644352,81.515625
12648448,81.515625
12652544,81.515625
12656640,81.515625
12660736,81.515625
12664832,81.515625
12668928,81.515625
12673024,81.515625
12677120,81.515625
12681216,81.515625
12685312,81.515625
12689408,81.515625
12693504,81.515625
12697600,81.515625
12701696,81.515625
12705792,81.515625
12709888,81.515625
12713984,81.515625
12718080,81.515625
12722176,81.515625
12726272,81.515625
12730368,81.515625
12734464,81.515625
12738560,81.515625
12742656,81.515625
12746752,81.515625
12750848,81.515625
12754944,81.515625
12759040,81.515625
12763136,81.515625
12767232,81.515625
12771328,81.515625
12775424,81.515625
12779520,81.515625
12783616,81.515625
12787712,81.515625
12791808,81.515625
12795904,81.515625
12800000,81.515625
12804096,81.515625
12808192,81.515625
12812288,81.515625
12816384,81.515625
12820480,81.515625
12824576,81.515625
12828672,81.515625
12832768,81.515625
12836864,81.515625
12840960,81.515625
12845056,81.515625
12849152,81.515625
12853248,81.515625
12857344,81.515625
12861440,81.515625
12865536,81.515625
12869632,81.515625
12873728,81.515625
12877824,81.515625
12881920,81.515625
12886016,81.515625
12890112,81.515625
12894208,81.515625
12898304,81.515625
12902400,81.515625
12906496,81.515625
12910592,81.515625
12914688,81.515625
12918784,81.515625
12922880,81.515625
12926976,81.515625
12931072,81.515625
12935168,81.515625
12939264,81.515625
12943360,81.515625
12947456,81.515625
12951552,81.515625
12955648,81.515625
12959744,81.515625
12963840,81.515625
12967936,81.515625
12972032,81.515625
12976128,81.515625
12980224,81.515625
12984320,81.515625
12988416,81.515625
12992512,68.9609375
12996608,68.9609375
13000704,68.9609375
13004800,68.9609375
13008896,68.9609375
13012992,68.9609375
13017088,68.9609375
13021184,68.9609375
13025280,68.9609375
13029376,68.9609375
13033472,68.9609375
13037568,68.9609375
13041664,68.9609375
13045760,68.9609375
13049856,68.9609375
13053952,68.9609375
13058048,68.9609375
13062144,68.9609375
13066240,68.9609375
13070336,68.9609375
13074432,68.9609375
13078528,68.9609375
13082624,68.9609375
13086720,68.9609375
13090816,68.9609375
13094912,68.9609375
13099008,68.9609375
13103104,68.9609375
13107200,68.9609375
13111296,68.9609375
13115392,68.9609375
13119488,68.9609375
13123584,68.9609375
13127680,68.9609375
13131776,68.9609375
13135872,68.9609375
13139968,68.9609375
13144064,68.9609375
13148160,68.9609375
13152256,68.9609375
13156352,68.9609375
13160448,68.9609375
13164544,68.9609375
13168640,68.9609375
13172736,68.9609375
13176832,68.9609375
13180928,68.9609375
13185024,68.9609375
13189120,68.9609375
13193216,68.9609375
13197312,68.9609375
13201408,68.9609375
13205504,68.9609375
13209600,68.9609375
13213696,68.9609375
13217792,68.9609375
13221888,68.9609375
13225984,68.9609375
13230080,68.9609375
13234176,68.9609375
13238272,68.9609375
13242368,68.9609375
13246464,68.9609375
13250560,68.9609375
13254656,68.9609375
13258752,68.9609375
13262848,68.9609375
13266944,68.9609375
13271040,68.9609375
13275136,68.9609375
13279232,68.9609375
13283328,68.9609375
13287424,68.9609375
13291520,68.9609375
13295616,68.9609375
13299712,68.9609375
13303808,68.9609375
13307904,68.9609375
13312000,68.9609375
13316096,68.9609375
13320192,68.9609375
13324288,68.9609375
13328384,68.9609375
13332480,68.9609375
13336576,68.9609375
13340672,68.9609375
13344768,68.9609375
13348864,68.9609375
13352960,68.9609375
13357056,68.9609375
13361152,68.9609375
13365248,68.9609375
13369344,68.9609375
13373440,68.9609375
13377536,68.9609375
13381632,68.9609375
13385728,68.9609375
13389824,68.9609375
13393920,68.9609375
13398016,68.9609375
13402112,68.9609375
13406208,68.9609375
13410304,68.9609375
13414400,68.9609375
13418496,68.9609375
13422592,68.9609375
13426688,68.9609375
13430784,68.9609375
13434880,68.9609375
13438976,68.9609375
13443072,68.9609375
13447168,68.9609375
13451264,68.9609375
13455360,68.9609375
13459456,68.9609375
13463552,68.9609375
13467648,68.9609375
13471744,68.9609375
13475840,68.9609375
13479936,68.9609375
13484032,68.9609375
13488128,68.9609375
13492224,68.9609375
13496320,68.9609375
13500416,68.9609375
13504512,68.9609375
13508608,68.9609375
13512704,68.9609375
13516800,68.9609375
13520896,68.9609375
13524992,68.9609375
13529088,68.9609375
13533184,68.9609375
13537280,68.9609375
13541376,68.9609375
13545472,68.9609375
13549568,68.9609375
13553664,68.9609375
13557760,68.9609375
13561856,68.9609375
13565952,68.9609375
13570048,68.9609375
13574144,68.9609375
13578240,68.9609375
13582336,68.9609375
13586432,68.9609375
13590528,68.9609375
13594624,68.9609375
13598720,68.9609375
13602816,68.9609375
13606912,68.9609375
13611008,68.9609375
13615104,68.9609375
13619200,68.9609375
13623296,68.9609375
13627392,68.9609375
13631488,68.9609375
13635584,68.9609375
13639680,68.9609375
13643776,68.9609375
13647872,68.9609375
13651968,68.9609375
13656064,68.9609375
13660160,68.9609375
13664256,68.9609375
13668352,68.9609375
13672448,68.9609375
13676544,68.9609375
13680640,68.9609375
13684736,68.9609375
13688832,68.9609375
13692928,68.9609375
13697024,68.9609375
13701120,68.9609375
13705216,68.9609375
13709312,68.9609375
13713408,68.9609375
13717504,68.9609375
13721600,68.9609375
13725696,68.9609375
13729792,68.9609375
13733888,68.9609375
13737984,68.9609375
13742080,68.9609375
13746176,68.9609375
13750272,68.9609375
13754368,68.9609375
13758464,68.9609375
13762560,68.9609375
13766656,68.9609375
13770752,68.9609375
13774848,68.9609375
13778944,68.9609375
13783040,68.9609375
13787136,68.9609375
13791232,68.9609375
13795328,68.9609375
13799424,68.9609375
13803520,68.9609375
13807616,68.9609375
13811712,68.9609375
13815808,68.9609375
13819904,68.9609375
13824000,68.9609375
13828096,68.9609375
13832192,68.9609375
13836288,68.9609375
13840384,68.9609375
13844480,68.9609375
13848576,68.9609375
13852672,68.9609375
13856768,68.9609375
13860864,68.9609375
13864960,68.9609375
13869056,68.9609375
13873152,68.9609375
13877248,68.9609375
13881344,68.9609375
13885440,68.9609375
13889536,68.9609375
13893632,68.9609375
13897728,68.9609375
13901824,68.9609375
13905920,68.9609375
13910016,68.9609375
13914112,68.9609375
13918208,68.9609375
13922304,68.9609375
13926400,68.9609375
13930496,68.9609375
13934592,68.9609375
13938688,68.9609375
13942784,68.9609375
13946880,68.9609375
13950976,68.9609375
13955072,68.9609375
13959168,68.9609375
13963264,68.9609375
13967360,68.9609375
13971456,68.9609375
13975552,68.9609375
13979648,68.9609375
13983744,68.9609375
13987840,68.9609375
13991936,81.5234375
13996032,81.5234375
14000128,81.5234375
14004224,81.5234375
14008320,81.5234375
14012416,81.5234375
14016512,81.5234375
14020608,81.5234375
14024704,81.5234375
14028800,81.5234375
14032896,81.5234375
14036992,81.5234375
14041088,81.5234375
14045184,81.5234375
14049280,81.5234375
14053376,81.5234375
14057472,81.5234375
14061568,81.5234375
14065664,81.5234375
14069760,81.5234375
14073856,81.5234375
14077952,81.5234375
14082048,81.5234375
14086144,81.5234375
14090240,81.5234375
14094336,81.5234375
14098432,81.5234375
14102528,81.5234375
14106624,81.5234375
14110720,81.5234375
14114816,81.5234375
14118912,81.5234375
14123008,81.5234375
14127104,81.5234375
14131200,81.5234375
14135296,81.5234375
14139392,81.5234375
14143488,81.5234375
14147584,81.5234375
14151680,81.5234375
14155776,81.5234375
14159872,81.5234375
14163968,81.5234375
14168064,81.5234375
14172160,81.5234375
14176256,81.5234375
14180352,81.5234375
14184448,81.5234375
14188544,81.5234375
14192640,81.5234375
14196736,81.5234375
14200832,81.5234375
14204928,81.5234375
14209024,81.5234375
14213120,81.5234375
14217216,81.5234375
14221312,81.5234375
14225408,81.5234375
14229504,81.5234375
14233600,81.5234375
14237696,81.5234375
14241792,81.5234375
14245888,81.5234375
14249984,81.5234375
14254080,81.5234375
14258176,81.5234375
14262272,81.5234375
14266368,81.5234375
14270464,81.5234375
14274560,81.5234375
14278656,81.5234375
14282752,81.5234375
14286848,81.5234375
14290944,81.5234375
14295040,81.5234375
14299136,81.5234375
14303232,81.5234375
14307328,81.5234375
14311424,81.5234375
14315520,81.5234375
14319616,81.5234375
14323712,81.5234375
14327808,81.5234375
14331904,81.5234375
14336000,81.5234375
14340096,81.5234375
14344192,81.5234375
14348288,81.5234375
14352384,81.5234375
14356480,81.5234375
14360576,81.5234375
14364672,81.5234375
14368768,81.5234375
14372864,81.5234375
14376960,81.5234375
14381056,81.5234375
14385152,81.5234375
14389248,81.5234375
14393344,81.5234375
14397440,81.5234375
14401536,81.5234375
14405632,81.5234375
14409728,81.5234375
14413824,81.5234375
14417920,81.5234375
14422016,81.5234375
14426112,81.5234375
14430208,81.5234375
14434304,81.5234375
14438400,81.5234375
14442496,81.5234375
14446592,81.5234375
14450688,81.5234375
14454784,81.5234375
14458880,81.5234375
14462976,81.5234375
14467072,81.5234375
14471168,81.5234375
14475264,81.5234375
14479360,81.5234375
14483456,81.5234375
14487552,81.5234375
14491648,81.5234375
14495744,81.5234375
14499840,81.5234375
14503936,81.5234375
14508032,81.5234375
14512128,81.5234375
14516224,81.5234375
14520320,81.5234375
14524416,81.5234375
14528512,81.5234375
14532608,81.5234375
14536704,81.5234375
14540800,81.5234375
14544896,81.5234375
14548992,81.5234375
14553088,81.5234375
14557184,81.5234375
14561280,81.5234375
14565376,81.5234375
14569472,81.5234375
14573568,81.5234375
14577664,81.5234375
14581760,81.5234375
14585856,81.5234375
14589952,81.5234375
14594048,81.5234375
14598144,81.5234375
14602240,81.5234375
14606336,81.5234375
14610432,81.5234375
14614528,81.5234375
14618624,81.5234375
14622720,81.5234375
14626816,81.5234375
14630912,81.5234375
14635008,81.5234375
14639104,81.5234375
14643200,81.5234375
14647296,81.5234375
14651392,81.5234375
14655488,81.5234375
14659584,81.5234375
14663680,81.5234375
14667776,81.5234375
14671872,81.5234375
14675968,81.5234375
14680064,81.5234375
14684160,81.5234375
14688256,81.5234375
14692352,81.5234375
14696448,81.5234375
14700544,81.5234375
14704640,81.5234375
14708736,81.5234375
14712832,81.5234375
14716928,81.5234375
14721024,81.5234375
14725120,81.5234375
14729216,81.5234375
14733312,81.5234375
14737408,81.5234375
14741504,81.5234375
14745600,81.5234375
14749696,81.5234375
14753792,81.5234375
14757888,81.5234375
14761984,81.5234375
14766080,81.5234375
14770176,81.5234375
14774272,81.5234375
14778368,81.5234375
14782464,81.5234375
14786560,81.5234375
14790656,81.5234375
14794752,81.5234375
14798848,81.5234375
14802944,81.5234375
14807040,81.5234375
14811136,81.5234375
14815232,81.5234375
14819328,81.5234375
14823424,81.5234375
14827520,81.5234375
14831616,81.5234375
14835712,81.5234375
14839808,81.5234375
14843904,81.5234375
14848000,81.5234375
14852096,81.5234375
14856192,81.5234375
14860288,81.5234375
14864384,81.5234375
14868480,81.5234375
14872576,81.5234375
14876672,81.5234375
14880768,81.5234375
14884864,81.5234375
14888960,81.5234375
14893056,81.5234375
14897152,81.5234375
14901248,81.5234375
14905344,81.5234375
14909440,81.5234375
14913536,81.5234375
14917632,81.5234375
14921728,81.5234375
14925824,81.5234375
14929920,81.5234375
14934016,81.5234375
14938112,81.5234375
14942208,81.5234375
14946304,81.5234375
14950400,81.5234375
14954496,81.5234375
14958592,81.5234375
14962688,81.5234375
14966784,81.5234375
14970880,81.5234375
14974976,81.5234375
14979072,81.5234375
14983168,81.5234375
14987264,81.5234375
14991360,75.84375
14995456,75.84375
14999552,75.84375
15003648,75.84375
15007744,75.84375
15011840,75.84375
15015936,75.84375
15020032,75.84375
15024128,75.84375
15028224,75.84375
15032320,75.84375
15036416,75.84375
15040512,75.84375
15044608,75.84375
15048704,75.84375
15052800,75.84375
15056896,75.84375
15060992,75.84375
15065088,75.84375
15069184,75.84375
15073280,75.84375
15077376,75.84375
15081472,75.84375
15085568,75.84375
15089664,75.84375
15093760,75.84375
15097856,75.84375
15101952,75.84375
15106048,75.84375
15110144,75.84375
15114240,75.84375
15118336,75.84375
15122432,75.84375
15126528,75.84375
15130624,75.84375
15134720,75.84375
15138816,75.84375
15142912,75.84375
15147008,75.84375
15151104,75.84375
15155200,75.84375
15159296,75.84375
15163392,75.84375
15167488,75.84375
15171584,75.84375
15175680,75.84375
15179776,75.84375
15183872,75.84375
15187968,75.84375
15192064,75.84375
15196160,75.84375
15200256,75.84375
15204352,75.84375
15208448,75.84375
15212544,75.84375
15216640,75.84375
15220736,75.84375
15224832,75.84375
15228928,75.84375
15233024,75.84375
15237120,75.84375
15241216,75.84375
15245312,75.84375
15249408,75.84375
15253504,75.84375
15257600,75.84375
15261696,75.84375
15265792,75.84375
15269888,75.84375
15273984,75.84375
15278080,75.84375
15282176,75.84375
15286272,75.84375
15290368,75.84375
15294464,75.84375
15298560,75.84375
15302656,75.84375
15306752,75.84375
15310848,75.84375
15314944,75.84375
15319040,75.84375
15323136,75.84375
15327232,75.84375
15331328,75.84375
15335424,75.84375
15339520,75.84375
15343616,75.84375
15347712,75.84375
15351808,75.84375
15355904,75.84375
15360000,75.84375
15364096,75.84375
15368192,75.84375
15372288,75.84375
15376384,75.84375
15380480,75.84375
15384576,75.84375
15388672,75.84375
15392768,75.84375
15396864,75.84375
15400960,75.84375
15405056,75.84375
15409152,75.84375
15413248,75.84375
15417344,75.84375
15421440,75.84375
15425536,75.84375
15429632,75.84375
15433728,75.84375
15437824,75.84375
15441920,75.84375
15446016,75.84375
15450112,75.84375
15454208,75.84375
15458304,75.84375
15462400,75.84375
15466496,75.84375
15470592,75.84375
15474688,75.84375
15478784,75.84375
15482880,75.84375
15486976,75.84375
15491072,75.84375
15495168,75.84375
15499264,75.84375
15503360,75.84375
15507456,75.84375
15511552,75.84375
15515648,75.84375
15519744,75.84375
15523840,75.84375
15527936,75.84375
15532032,75.84375
15536128,75.84375
15540224,75.84375
15544320,75.84375
15548416,75.84375
15552512,75.84375
15556608,75.84375
15560704,75.84375
15564800,75.84375
15568896,75.84375
15572992,75.84375
15577088,75.84375
15581184,75.84375
15585280,75.84375
15589376,75.84375
15593472,75.84375
15597568,75.84375
15601664,75.84375
15605760,75.84375
15609856,75.84375
15613952,75.84375
15618048,75.84375
15622144,75.84375
15626240,75.84375
15630336,75.84375
15634432,75.84375
15638528,75.84375
15642624,75.84375
15646720,75.84375
15650816,75.84375
15654912,75.84375
15659008,75.84375
15663104,75.84375
15667200,75.84375
15671296,75.84375
15675392,75.84375
15679488,75.84375
15683584,75.84375
15687680,75.84375
15691776,75.84375
15695872,75.84375
15699968,75.84375
15704064,75.84375
15708160,75.84375
15712256,75.84375
15716352,75.84375
15720448,75.84375
15724544,75.84375
15728640,75.84375
15732736,75.84375
15736832,75.84375
15740928,75.84375
15745024,75.84375
15749120,75.84375
15753216,75.84375
15757312,75.84375
15761408,75.84375
15765504,75.84375
15769600,75.84375
15773696,75.84375
15777792,75.84375
15781888,75.84375
15785984,75.84375
15790080,75.84375
15794176,75.84375
15798272,75.84375
15802368,75.84375
15806464,75.84375
15810560,75.84375
15814656,75.84375
15818752,75.84375
15822848,75.84375
15826944,75.84375
15831040,75.84375
15835136,75.84375
15839232,75.84375
15843328,75.84375
15847424,75.84375
15851520,75.84375
15855616,75.84375
15859712,75.84375
15863808,75.84375
15867904,75.84375
15872000,75.84375
15876096,75.84375
15880192,75.84375
15884288,75.84375
15888384,75.84375
15892480,75.84375
15896576,75.84375
15900672,75.84375
15904768,75.84375
15908864,75.84375
15912960,75.84375
15917056,75.84375
15921152,75.84375
15925248,75.84375
15929344,75.84375
15933440,75.84375
15937536,75.84375
15941632,75.84375
15945728,75.84375
15949824,75.84375
15953920,75.84375
15958016,75.84375
15962112,75.84375
15966208,75.84375
15970304,75.84375
15974400,75.84375
15978496,75.84375
15982592,75.84375
15986688,75.84375
15990784,81.515625
15994880,81.515625
15998976,81.515625
16003072,81.515625
16007168,81.515625
16011264,81.515625
16015360,81.515625
16019456,81.515625
16023552,81.515625
16027648,81.515625
16031744,81.515625
16035840,81.515625
16039936,81.515625
16044032,81.515625
16048128,81.515625
16052224,81.515625
16056320,81.515625
16060416,81.515625
16064512,81.515625
16068608,81.515625
16072704,81.515625
16076800,81.515625
16080896,81.515625
16084992,81.515625
16089088,81.515625
16093184,81.515625
16097280,81.515625
16101376,81.515625
16105472,81.515625
16109568,81.515625
16113664,81.515625
16117760,81.515625
16121856,81.515625
16125952,81.515625
16130048,81.515625
16134144,81.515625
16138240,81.515625
16142336,81.515625
16146432,81.515625
16150528,81.515625
16154624,81.515625
16158720,81.515625
16162816,81.515625
16166912,81.515625
16171008,81.515625
16175104,81.515625
16179200,81.515625
16183296,81.515625
16187392,81.515625
16191488,81.515625
16195584,81.515625
16199680,81.515625
16203776,81.515625
16207872,81.515625
16211968,81.515625
16216064,81.515625
16220160,81.515625
16224256,81.515625
16228352,81.515625
16232448,81.515625
16236544,81.515625
16240640,81.515625
16244736,81.515625
16248832,81.515625
16252928,81.515625
16257024,81.515625
16261120,81.515625
16265216,81.515625
16269312,81.515625
16273408,81.515625
16277504,81.515625
16281600,81.515625
16285696,81.515625
16289792,81.515625
16293888,81.515625
16297984,81.515625
16302080,81.515625
16306176,81.515625
16310272,81.515625
16314368,81.515625
16318464,81.515625
16322560,81.515625
16326656,81.515625
16330752,81.515625
16334848,81.515625
16338944,81.515625
16343040,81.515625
16347136,81.515625
16351232,81.515625
16355328,81.515625
16359424,81.515625
16363520,81.515625
16367616,81.515625
16371712,81.515625
16375808,81.515625
16379904,81.515625
16384000,81.515625
16388096,81.515625
16392192,81.515625
16396288,81.515625
16400384,81.515625
16404480,81.515625
16408576,81.515625
16412672,81.515625
16416768,81.515625
16420864,81.515625
16424960,81.515625
16429056,81.515625
16433152,81.515625
16437248,81.515625
16441344,81.515625
16445440,81.515625
16449536,81.515625
16453632,81.515625
16457728,81.515625
16461824,81.515625
16465920,81.515625
16470016,81.515625
16474112,81.515625
16478208,81.515625
16482304,81.515625
16486400,81.515625
16490496,81.515625
16494592,81.515625
16498688,81.515625
16502784,81.515625
16506880,81.515625
16510976,81.515625
16515072,81.515625
16519168,81.515625
16523264,81.515625
16527360,81.515625
16531456,81.515625
16535552,81.515625
16539648,81.515625
16543744,81.515625
16547840,81.515625
16551936,81.515625
16556032,81.515625
16560128,81.515625
16564224,81.515625
16568320,81.515625
16572416,81.515625
16576512,81.515625
16580608,81.515625
16584704,81.515625
16588800,81.515625
16592896,81.515625
16596992,81.515625
16601088,81.515625
16605184,81.515625
16609280,81.515625
16613376,81.515625
16617472,81.515625
16621568,81.515625
16625664,81.515625
16629760,81.515625
16633856,81.515625
16637952,81.515625
16642048,81.515625
16646144,81.515625
16650240,81.515625
16654336,81.515625
16658432,81.515625
16662528,81.515625
16666624,81.515625
16670720,81.515625
16674816,81.515625
16678912,81.515625
16683008,81.515625
16687104,81.515625
16691200,81.515625
16695296,81.515625
16699392,81.515625
16703488,81.515625
16707584,81.515625
16711680,81.515625
16715776,81.515625
16719872,81.515625
16723968,81.515625
16728064,81.515625
16732160,81.515625
16736256,81.515625
16740352,81.515625
16744448,81.515625
16748544,81.515625
16752640,81.515625
16756736,81.515625
16760832,81.515625
16764928,81.515625
16769024,81.515625
16773120,81.515625
16777216,81.515625
16781312,81.515625
16785408,81.515625
16789504,81.515625
16793600,81.515625
16797696,81.515625
16801792,81.515625
16805888,81.515625
16809984,81.515625
16814080,81.515625
16818176,81.515625
16822272,81.515625
16826368,81.515625
16830464,81.515625
16834560,81.515625
16838656,81.515625
16842752,81.515625
16846848,81.515625
16850944,81.515625
16855040,81.515625
16859136,81.515625
16863232,81.515625
16867328,81.515625
16871424,81.515625
16875520,81.515625
16879616,81.515625
16883712,81.515625
16887808,81.515625
16891904,81.515625
16896000,81.515625
16900096,81.515625
16904192,81.515625
16908288,81.515625
16912384,81.515625
16916480,81.515625
16920576,81.515625
16924672,81.515625
16928768,81.515625
16932864,81.515625
16936960,81.515625
16941056,81.515625
16945152,81.515625
16949248,81.515625
16953344,81.515625
16957440,81.515625
16961536,81.515625
16965632,81.515625
16969728,81.515625
16973824,81.515625
16977920,81.515625
16982016,81.515625
16986112,81.515625
16990208,81.4609375
16994304,81.4609375
16998400,81.4609375
17002496,81.4609375
17006592,81.4609375
17010688,81.4609375
17014784,81.4609375
17018880,81.4609375
17022976,81.4609375
17027072,81.4609375
17031168,81.4609375
17035264,81.4609375
17039360,81.4609375
17043456,81.4609375
17047552,81.4609375
17051648,81.4609375
17055744,81.4609375
17059840,81.4609375
17063936,81.4609375
17068032,81.4609375
17072128,81.4609375
17076224,81.4609375
17080320,81.4609375
17084416,81.4609375
17088512,81.4609375
17092608,81.4609375
17096704,81.4609375
17100800,81.4609375
17104896,81.4609375
17108992,81.4609375
17113088,81.4609375
17117184,81.4609375
17121280,81.4609375
17125376,81.4609375
17129472,81.4609375
17133568,81.4609375
17137664,81.4609375
17141760,81.4609375
17145856,81.4609375
17149952,81.4609375
17154048,81.4609375
17158144,81.4609375
17162240,81.4609375
17166336,81.4609375
17170432,81.4609375
17174528,81.4609375
17178624,81.4609375
17182720,81.4609375
17186816,81.4609375
17190912,81.4609375
17195008,81.4609375
17199104,81.4609375
17203200,81.4609375
17207296,81.4609375
17211392,81.4609375
17215488,81.4609375
17219584,81.4609375
17223680,81.4609375
17227776,81.4609375
17231872,81.4609375
17235968,81.4609375
17240064,81.4609375
17244160,81.4609375
17248256,81.4609375
17252352,81.4609375
17256448,81.4609375
17260544,81.4609375
17264640,81.4609375
17268736,81.4609375
17272832,81.4609375
17276928,81.4609375
17281024,81.4609375
17285120,81.4609375
17289216,81.4609375
17293312,81.4609375
17297408,81.4609375
17301504,81.4609375
17305600,81.4609375
17309696,81.4609375
17313792,81.4609375
17317888,81.4609375
17321984,81.4609375
17326080,81.4609375
17330176,81.4609375
17334272,81.4609375
17338368,81.4609375
17342464,81.4609375
17346560,81.4609375
17350656,81.4609375
17354752,81.4609375
17358848,81.4609375
17362944,81.4609375
17367040,81.4609375
17371136,81.4609375
17375232,81.4609375
17379328,81.4609375
17383424,81.4609375
17387520,81.4609375
17391616,81.4609375
17395712,81.4609375
17399808,81.4609375
17403904,81.4609375
17408000,81.4609375
17412096,81.4609375
17416192,81.4609375
17420288,81.4609375
17424384,81.4609375
17428480,81.4609375
17432576,81.4609375
17436672,81.4609375
17440768,81.4609375
17444864,81.4609375
17448960,81.4609375
17453056,81.4609375
17457152,81.4609375
17461248,81.4609375
17465344,81.4609375
17469440,81.4609375
17473536,81.4609375
17477632,81.4609375
17481728,81.4609375
17485824,81.4609375
17489920,81.4609375
17494016,81.4609375
17498112,81.4609375
17502208,81.4609375
17506304,81.4609375
17510400,81.4609375
17514496,81.4609375
17518592,81.4609375
17522688,81.4609375
17526784,81.4609375
17530880,81.4609375
17534976,81.4609375
17539072,81.4609375
17543168,81.4609375
17547264,81.4609375
17551360,81.4609375
17555456,81.4609375
17559552,81.4609375
17563648,81.4609375
17567744,81.4609375
17571840,81.4609375
17575936,81.4609375
17580032,81.4609375
17584128,81.4609375
17588224,81.4609375
17592320,81.4609375
17596416,81.4609375
17600512,81.4609375
17604608,81.4609375
17608704,81.4609375
17612800,81.4609375
17616896,81.4609375
17620992,81.4609375
17625088,81.4609375
17629184,81.4609375
17633280,81.4609375
17637376,81.4609375
17641472,81.4609375
17645568,81.4609375
17649664,81.4609375
17653760,81.4609375
17657856,81.4609375
17661952,81.4609375
17666048,81.4609375
17670144,81.4609375
17674240,81.4609375
17678336,81.4609375
17682432,81.4609375
17686528,81.4609375
17690624,81.4609375
17694720,81.4609375
17698816,81.4609375
17702912,81.4609375
17707008,81.4609375
17711104,81.4609375
17715200,81.4609375
17719296,81.4609375
17723392,81.4609375
17727488,81.4609375
17731584,81.4609375
17735680,81.4609375
17739776,81.4609375
17743872,81.4609375
17747968,81.4609375
17752064,81.4609375
17756160,81.4609375
17760256,81.4609375
17764352,81.4609375
17768448,81.4609375
17772544,81.4609375
17776640,81.4609375
17780736,81.4609375
17784832,81.4609375
17788928,81.4609375
17793024,81.4609375
17797120,81.4609375
17801216,81.4609375
17805312,81.4609375
17809408,81.4609375
17813504,81.4609375
17817600,81.4609375
17821696,81.4609375
17825792,81.4609375
17829888,81.4609375
17833984,81.4609375
17838080,81.4609375
17842176,81.4609375
17846272,81.4609375
17850368,81.4609375
17854464,81.4609375
17858560,81.4609375
17862656,81.4609375
17866752,81.4609375
17870848,81.4609375
17874944,81.4609375
17879040,81.4609375
17883136,81.4609375
17887232,81.4609375
17891328,81.4609375
17895424,81.4609375
17899520,81.4609375
17903616,81.4609375
17907712,81.4609375
17911808,81.4609375
17915904,81.4609375
17920000,81.4609375
17924096,81.4609375
17928192,81.4609375
17932288,81.4609375
17936384,81.4609375
17940480,81.4609375
17944576,81.4609375
17948672,81.4609375
17952768,81.4609375
17956864,81.4609375
17960960,81.4609375
17965056,81.4609375
17969152,81.4609375
17973248,81.4609375
17977344,81.4609375
17981440,81.4609375
17985536,81.4609375
17989632,81.59375
17993728,81.59375
17997824,81.59375
18001920,81.59375
18006016,81.59375
18010112,81.59375
18014208,81.59375
18018304,81.59375
18022400,81.59375
18026496,81.59375
18030592,81.59375
18034688,81.59375
18038784,81.59375
18042880,81.59375
18046976,81.59375
18051072,81.59375
18055168,81.59375
18059264,81.59375
18063360,81.59375
18067456,81.59375
18071552,81.59375
18075648,81.59375
18079744,81.59375
18083840,81.59375
18087936,81.59375
18092032,81.59375
18096128,81.59375
18100224,81.59375
18104320,81.59375
18108416,81.59375
18112512,81.59375
18116608,81.59375
18120704,81.59375
18124800,81.59375
18128896,81.59375
18132992,81.59375
18137088,81.59375
18141184,81.59375
18145280,81.59375
18149376,81.59375
18153472,81.59375
18157568,81.59375
18161664,81.59375
18165760,81.59375
18169856,81.59375
18173952,81.59375
18178048,81.59375
18182144,81.59375
18186240,81.59375
18190336,81.59375
18194432,81.59375
18198528,81.59375
18202624,81.59375
18206720,81.59375
18210816,81.59375
18214912,81.59375
18219008,81.59375
18223104,81.59375
18227200,81.59375
18231296,81.59375
18235392,81.59375
18239488,81.59375
18243584,81.59375
18247680,81.59375
18251776,81.59375
18255872,81.59375
18259968,81.59375
18264064,81.59375
18268160,81.59375
18272256,81.59375
18276352,81.59375
18280448,81.59375
18284544,81.59375
18288640,81.59375
18292736,81.59375
18296832,81.59375
18300928,81.59375
18305024,81.59375
18309120,81.59375
18313216,81.59375
18317312,81.59375
18321408,81.59375
18325504,81.59375
18329600,81.59375
18333696,81.59375
18337792,81.59375
18341888,81.59375
18345984,81.59375
18350080,81.59375
18354176,81.59375
18358272,81.59375
18362368,81.59375
18366464,81.59375
18370560,81.59375
18374656,81.59375
18378752,81.59375
18382848,81.59375
18386944,81.59375
18391040,81.59375
18395136,81.59375
18399232,81.59375
18403328,81.59375
18407424,81.59375
18411520,81.59375
18415616,81.59375
18419712,81.59375
18423808,81.59375
18427904,81.59375
18432000,81.59375
18436096,81.59375
18440192,81.59375
18444288,81.59375
18448384,81.59375
18452480,81.59375
18456576,81.59375
18460672,81.59375
18464768,81.59375
18468864,81.59375
18472960,81.59375
18477056,81.59375
18481152,81.59375
18485248,81.59375
18489344,81.59375
18493440,81.59375
18497536,81.59375
18501632,81.59375
18505728,81.59375
18509824,81.59375
18513920,81.59375
18518016,81.59375
18522112,81.59375
18526208,81.59375
18530304,81.59375
18534400,81.59375
18538496,81.59375
18542592,81.59375
18546688,81.59375
18550784,81.59375
18554880,81.59375
18558976,81.59375
18563072,81.59375
18567168,81.59375
18571264,81.59375
18575360,81.59375
18579456,81.59375
18583552,81.59375
18587648,81.59375
18591744,81.59375
18595840,81.59375
18599936,81.59375
18604032,81.59375
18608128,81.59375
18612224,81.59375
18616320,81.59375
18620416,81.59375
18624512,81.59375
18628608,81.59375
18632704,81.59375
18636800,81.59375
18640896,81.59375
18644992,81.59375
18649088,81.59375
18653184,81.59375
18657280,81.59375
18661376,81.59375
18665472,81.59375
18669568,81.59375
18673664,81.59375
18677760,81.59375
18681856,81.59375
18685952,81.59375
18690048,81.59375
18694144,81.59375
18698240,81.59375
18702336,81.59375
18706432,81.59375
18710528,81.59375
18714624,81.59375
18718720,81.59375
18722816,81.59375
18726912,81.59375
18731008,81.59375
18735104,81.59375
18739200,81.59375
18743296,81.59375
18747392,81.59375
18751488,81.59375
18755584,81.59375
18759680,81.59375
18763776,81.59375
18767872,81.59375
18771968,81.59375
18776064,81.59375
18780160,81.59375
18784256,81.59375
18788352,81.59375
18792448,81.59375
18796544,81.59375
18800640,81.59375
18804736,81.59375
18808832,81.59375
18812928,81.59375
18817024,81.59375
18821120,81.59375
18825216,81.59375
18829312,81.59375
18833408,81.59375
18837504,81.59375
18841600,81.59375
18845696,81.59375
18849792,81.59375
18853888,81.59375
18857984,81.59375
18862080,81.59375
18866176,81.59375
18870272,81.59375
18874368,81.59375
18878464,81.59375
18882560,81.59375
18886656,81.59375
18890752,81.59375
18894848,81.59375
18898944,81.59375
18903040,81.59375
18907136,81.59375
18911232,81.59375
18915328,81.59375
18919424,81.59375
18923520,81.59375
18927616,81.59375
18931712,81.59375
18935808,81.59375
18939904,81.59375
18944000,81.59375
18948096,81.59375
18952192,81.59375
18956288,81.59375
18960384,81.59375
18964480,81.59375
18968576,81.59375
18972672,81.59375
18976768,81.59375
18980864,81.59375
18984960,81.59375
18989056,81.6015625
18993152,81.6015625
18997248,81.6015625
19001344,81.6015625
19005440,81.6015625
19009536,81.6015625
19013632,81.6015625
19017728,81.6015625
19021824,81.6015625
19025920,81.6015625
19030016,81.6015625
19034112,81.6015625
19038208,81.6015625
19042304,81.6015625
19046400,81.6015625
19050496,81.6015625
19054592,81.6015625
19058688,81.6015625
19062784,81.6015625
19066880,81.6015625
19070976,81.6015625
19075072,81.6015625
19079168,81.6015625
19083264,81.6015625
19087360,81.6015625
19091456,81.6015625
19095552,81.6015625
19099648,81.6015625
19103744,81.6015625
19107840,81.6015625
19111936,81.6015625
19116032,81.6015625
19120128,81.6015625
19124224,81.6015625
19128320,81.6015625
19132416,81.6015625
19136512,81.6015625
19140608,81.6015625
19144704,81.6015625
19148800,81.6015625
19152896,81.6015625
19156992,81.6015625
19161088,81.6015625
19165184,81.6015625
19169280,81.6015625
19173376,81.6015625
19177472,81.6015625
19181568,81.6015625
19185664,81.6015625
19189760,81.6015625
19193856,81.6015625
19197952,81.6015625
19202048,81.6015625
19206144,81.6015625
19210240,81.6015625
19214336,81.6015625
19218432,81.6015625
19222528,81.6015625
19226624,81.6015625
19230720,81.6015625
19234816,81.6015625
19238912,81.6015625
19243008,81.6015625
19247104,81.6015625
19251200,81.6015625
19255296,81.6015625
19259392,81.6015625
19263488,81.6015625
19267584,81.6015625
19271680,81.6015625
19275776,81.6015625
19279872,81.6015625
19283968,81.6015625
19288064,81.6015625
19292160,81.6015625
19296256,81.6015625
19300352,81.6015625
19304448,81.6015625
19308544,81.6015625
19312640,81.6015625
19316736,81.6015625
19320832,81.6015625
19324928,81.6015625
19329024,81.6015625
19333120,81.6015625
19337216,81.6015625
19341312,81.6015625
19345408,81.6015625
19349504,81.6015625
19353600,81.6015625
19357696,81.6015625
19361792,81.6015625
19365888,81.6015625
19369984,81.6015625
19374080,81.6015625
19378176,81.6015625
19382272,81.6015625
19386368,81.6015625
19390464,81.6015625
19394560,81.6015625
19398656,81.6015625
19402752,81.6015625
19406848,81.6015625
19410944,81.6015625
19415040,81.6015625
19419136,81.6015625
19423232,81.6015625
19427328,81.6015625
19431424,81.6015625
19435520,81.6015625
19439616,81.6015625
19443712,81.6015625
19447808,81.6015625
19451904,81.6015625
19456000,81.6015625
19460096,81.6015625
19464192,81.6015625
19468288,81.6015625
19472384,81.6015625
19476480,81.6015625
19480576,81.6015625
19484672,81.6015625
19488768,81.6015625
19492864,81.6015625
19496960,81.6015625
19501056,81.6015625
19505152,81.6015625
19509248,81.6015625
19513344,81.6015625
19517440,81.6015625
19521536,81.6015625
19525632,81.6015625
19529728,81.6015625
19533824,81.6015625
19537920,81.6015625
19542016,81.6015625
19546112,81.6015625
19550208,81.6015625
19554304,81.6015625
19558400,81.6015625
19562496,81.6015625
19566592,81.6015625
19570688,81.6015625
19574784,81.6015625
19578880,81.6015625
19582976,81.6015625
19587072,81.6015625
19591168,81.6015625
19595264,81.6015625
19599360,81.6015625
19603456,81.6015625
19607552,81.6015625
19611648,81.6015625
19615744,81.6015625
19619840,81.6015625
19623936,81.6015625
19628032,81.6015625
19632128,81.6015625
19636224,81.6015625
19640320,81.6015625
19644416,81.6015625
19648512,81.6015625
19652608,81.6015625
19656704,81.6015625
19660800,81.6015625
19664896,81.6015625
19668992,81.6015625
19673088,81.6015625
19677184,81.6015625
19681280,81.6015625
19685376,81.6015625
19689472,81.6015625
19693568,81.6015625
19697664,81.6015625
19701760,81.6015625
19705856,81.6015625
19709952,81.6015625
19714048,81.6015625
19718144,81.6015625
19722240,81.6015625
19726336,81.6015625
19730432,81.6015625
19734528,81.6015625
19738624,81.6015625
19742720,81.6015625
19746816,81.6015625
19750912,81.6015625
19755008,81.6015625
19759104,81.6015625
19763200,81.6015625
19767296,81.6015625
19771392,81.6015625
19775488,81.6015625
19779584,81.6015625
19783680,81.6015625
19787776,81.6015625
19791872,81.6015625
19795968,81.6015625
19800064,81.6015625
19804160,81.6015625
19808256,81.6015625
19812352,81.6015625
19816448,81.6015625
19820544,81.6015625
19824640,81.6015625
19828736,81.6015625
19832832,81.6015625
19836928,81.6015625
19841024,81.6015625
19845120,81.6015625
19849216,81.6015625
19853312,81.6015625
19857408,81.6015625
19861504,81.6015625
19865600,81.6015625
19869696,81.6015625
19873792,81.6015625
19877888,81.6015625
19881984,81.6015625
19886080,81.6015625
19890176,81.6015625
19894272,81.6015625
19898368,81.6015625
19902464,81.6015625
19906560,81.6015625
19910656,81.6015625
19914752,81.6015625
19918848,81.6015625
19922944,81.6015625
19927040,81.6015625
19931136,81.6015625
19935232,81.6015625
19939328,81.6015625
19943424,81.6015625
19947520,81.6015625
19951616,81.6015625
19955712,81.6015625
19959808,81.6015625
19963904,81.6015625
19968000,81.6015625
19972096,81.6015625
19976192,81.6015625
19980288,81.6015625
19984384,81.6015625
19988480,81.4296875
19992576,81.4296875
19996672,81.4296875
